Athlete_ID,Age,Weight_kg,Training_Experience_Years,Training_Hours_Per_Week,VO2_Max_ml_kg_min,Sprint_Speed_m_s,Reaction_Time_ms,Strength_Test_Score,Resting_Heart_Rate_bpm,Sleep_Hours_Per_Day,Training_Days_Per_Week,Recovery_Heart_Rate_bpm,Data_Type,Medal_Chance%,Overall_Performance_Score_%
A001,24,75.4,2,8.2,46.5,8.06,244,77.7,66,8.6,6,88,Synthetic/Demo,43.88,65.59
A002,21,73.4,6,6.6,56.3,8.19,229,91.5,75,8.9,3,91,Synthetic/Demo,55.82,60.24
A003,30,73.6,3,10.1,54.5,8.94,221,92.6,71,7.1,4,85,Synthetic/Demo,62.62,71.06
A004,28,69.4,8,4.8,50.6,8.4,207,92.6,63,8.6,6,90,Synthetic/Demo,60.83,71.93
A005,25,73.3,5,4.1,51.4,8.43,231,70.4,70,5.5,5,96,Synthetic/Demo,36.66,51.38
A006,30,69.9,1,10.3,53.4,7.89,235,78.3,77,8.4,6,101,Synthetic/Demo,46.85,60.45
A007,22,66.7,4,5.9,53.6,8.26,211,71.2,72,6.3,4,97,Synthetic/Demo,47.87,61.15
A008,24,77.3,1,4.7,39.6,8.19,264,60.9,79,8.7,4,108,Synthetic/Demo,24.38,57.77
A009,27,66.0,4,8.0,48.9,7.11,249,71.8,71,5.5,6,99,Synthetic/Demo,32.25,61.53
A010,20,61.8,1,4.5,47.0,7.28,226,51.9,77,7.4,6,112,Synthetic/Demo,22.71,52.73
A011,24,77.7,6,12.9,62.9,9.28,181,93.7,62,8.1,3,95,Synthetic/Demo,81.04,75.05
A012,28,77.9,5,4.3,41.9,8.58,235,91.2,69,6.4,4,104,Synthetic/Demo,38.13,66.35
A013,28,55.4,8,9.8,51.4,9.03,193,110.0,63,6.2,6,113,Synthetic/Demo,71.76,70.81
A014,25,73.1,4,8.4,52.5,8.34,226,79.8,70,5.8,6,98,Synthetic/Demo,42.14,70.54
A015,22,51.6,8,10.7,59.7,9.75,196,106.1,60,6.6,4,108,Synthetic/Demo,75.63,72.61
A016,21,76.6,8,7.3,57.8,9.26,196,92.9,64,7.5,6,94,Synthetic/Demo,67.05,65.32
A017,25,60.5,8,5.6,55.8,8.13,230,77.9,63,5.9,3,92,Synthetic/Demo,45.77,63.48
A018,25,74.3,7,13.8,65.0,9.27,196,107.9,60,6.8,4,83,Synthetic/Demo,89.15,68.00
A019,20,63.1,3,12.4,55.0,8.76,206,87.5,61,5.5,3,105,Synthetic/Demo,59.15,67.96
A020,23,70.7,1,12.6,52.2,9.15,239,95.2,78,8.4,3,109,Synthetic/Demo,57.09,67.86
A021,22,57.0,8,6.5,52.9,9.0,205,79.6,61,5.9,3,96,Synthetic/Demo,60.37,61.22
A022,19,65.8,1,4.4,30.3,7.51,235,90.0,72,6.5,3,113,Synthetic/Demo,20.88,50.60
A023,25,67.5,8,7.0,63.2,8.76,212,107.0,60,5.6,4,81,Synthetic/Demo,70.12,73.43
A024,29,75.7,4,9.4,62.2,7.57,223,86.1,69,7.0,3,82,Synthetic/Demo,52.39,64.01
A025,23,82.4,3,7.3,48.6,8.53,237,78.5,69,8.4,3,108,Synthetic/Demo,43.31,61.16
A026,19,72.6,3,12.3,55.5,8.88,222,81.2,62,6.9,6,92,Synthetic/Demo,61.94,65.44
A027,29,70.4,6,6.7,56.1,8.94,226,88.7,69,6.1,4,100,Synthetic/Demo,52.0,68.86
A028,22,59.8,7,13.7,65.0,9.15,196,98.4,63,8.1,4,80,Synthetic/Demo,87.46,73.37
A029,18,56.7,6,8.6,60.1,8.64,206,92.7,65,8.3,5,106,Synthetic/Demo,64.54,69.55
A030,29,69.5,6,12.4,61.9,8.74,191,93.9,59,6.1,4,76,Synthetic/Demo,74.81,70.67
A031,27,69.1,6,5.9,54.3,7.79,231,97.7,75,8.2,4,84,Synthetic/Demo,51.01,76.21
A032,23,72.9,6,8.1,56.3,8.26,218,91.3,66,8.8,5,104,Synthetic/Demo,65.92,66.05
A033,30,73.6,6,11.0,52.9,8.0,214,92.7,58,6.1,4,69,Synthetic/Demo,61.76,62.91
A034,29,70.9,5,5.4,50.3,8.55,208,90.9,74,8.2,4,100,Synthetic/Demo,48.34,61.15
A035,26,56.3,3,5.3,51.7,6.91,232,61.0,67,8.0,4,99,Synthetic/Demo,33.07,60.95
A036,18,75.1,6,13.7,60.2,10.0,218,101.7,72,7.2,4,81,Synthetic/Demo,79.25,77.90
A037,28,67.2,8,11.1,62.6,8.28,202,100.5,61,5.7,5,85,Synthetic/Demo,74.28,69.00
A038,28,60.4,3,4.4,42.7,8.47,245,62.0,75,5.8,4,94,Synthetic/Demo,20.59,53.61
A039,27,64.7,3,8.0,52.4,7.75,237,65.6,60,8.5,4,110,Synthetic/Demo,37.69,58.09
A040,29,56.8,2,8.3,43.2,8.32,258,83.5,65,9.0,5,113,Synthetic/Demo,42.12,67.89
A041,29,65.2,5,11.4,58.4,8.4,232,98.6,69,7.9,6,86,Synthetic/Demo,69.44,74.84
A042,20,74.0,6,6.5,53.9,9.12,201,89.4,68,7.1,3,97,Synthetic/Demo,59.6,66.91
A043,29,65.4,1,5.8,38.0,7.72,231,83.4,81,7.8,6,92,Synthetic/Demo,30.03,57.85
A044,24,61.1,4,4.8,53.8,8.44,216,80.7,72,7.6,5,108,Synthetic/Demo,44.86,64.48
A045,21,65.9,7,8.3,57.4,8.7,200,102.7,64,6.8,3,100,Synthetic/Demo,63.15,66.63
A046,26,71.7,8,10.9,65.0,9.21,197,104.1,68,5.7,5,85,Synthetic/Demo,78.09,72.94
A047,20,57.2,1,4.6,49.9,7.86,252,64.5,78,8.4,5,104,Synthetic/Demo,27.32,63.71
A048,22,59.8,5,13.2,55.4,8.68,183,84.3,62,6.8,4,89,Synthetic/Demo,72.86,66.96
A049,20,69.0,4,8.4,49.6,7.74,200,78.9,63,8.4,3,83,Synthetic/Demo,51.74,63.88
A050,24,58.0,5,6.4,48.1,7.65,216,80.2,58,6.4,4,108,Synthetic/Demo,36.7,60.11
A051,22,83.6,8,4.9,50.5,8.47,228,104.4,63,5.5,3,87,Synthetic/Demo,54.81,64.89
A052,26,66.8,3,5.8,46.9,7.72,249,82.5,66,6.1,5,94,Synthetic/Demo,33.74,63.68
A053,24,60.7,4,13.3,62.9,7.84,226,92.5,74,7.1,5,89,Synthetic/Demo,64.48,61.47
A054,19,61.5,3,10.4,45.1,8.63,220,89.4,65,8.8,6,103,Synthetic/Demo,57.03,64.47
A055,21,64.1,8,9.2,64.1,8.33,212,101.2,59,5.9,3,84,Synthetic/Demo,74.11,63.71
A056,26,63.4,1,10.6,52.4,7.66,241,78.7,63,8.5,4,82,Synthetic/Demo,50.99,59.55
A057,29,51.3,8,8.4,62.2,8.78,199,81.9,61,7.3,6,83,Synthetic/Demo,65.47,67.17
A058,19,78.1,1,11.3,52.9,7.84,231,89.0,66,8.4,6,101,Synthetic/Demo,52.49,73.80
A059,27,67.9,4,4.5,44.8,7.99,244,74.1,77,6.5,6,117,Synthetic/Demo,31.24,57.95
A060,26,67.8,4,9.7,57.0,9.34,207,94.2,67,8.4,4,84,Synthetic/Demo,71.75,73.18
A061,27,74.5,6,5.6,51.6,8.11,243,96.3,67,8.2,6,85,Synthetic/Demo,49.73,58.72
A062,22,59.6,5,5.2,41.8,7.64,229,75.4,68,6.3,4,85,Synthetic/Demo,32.76,55.71
A063,19,61.9,6,7.4,55.7,8.54,218,95.2,69,6.0,6,81,Synthetic/Demo,54.84,66.19
A064,21,71.7,5,4.9,48.0,7.74,219,79.2,67,8.5,4,107,Synthetic/Demo,37.7,64.26
A065,29,67.5,6,4.9,58.6,8.22,216,81.8,70,8.9,5,108,Synthetic/Demo,55.08,70.44
A066,29,70.8,3,7.1,48.6,8.21,205,80.9,76,5.6,5,100,Synthetic/Demo,46.92,66.45
A067,24,67.4,4,13.8,57.8,8.84,204,93.9,65,8.1,5,86,Synthetic/Demo,74.03,68.37
A068,29,66.1,1,5.8,46.6,7.73,275,70.1,72,8.7,5,117,Synthetic/Demo,30.88,59.98
A069,30,79.5,5,4.2,49.7,8.11,221,71.6,65,8.5,5,100,Synthetic/Demo,41.95,67.88
A070,25,76.5,8,11.6,62.4,9.84,229,101.5,59,8.9,6,95,Synthetic/Demo,81.83,79.29
A071,20,50.0,5,12.1,61.3,8.7,222,107.9,66,8.2,6,86,Synthetic/Demo,77.32,64.55
A072,18,79.8,1,7.5,42.3,7.93,234,52.1,65,7.0,6,101,Synthetic/Demo,31.76,52.76
A073,21,85.3,6,8.6,53.7,8.97,213,99.9,68,6.6,4,83,Synthetic/Demo,63.9,62.37
A074,19,77.9,5,10.5,52.6,8.86,209,99.9,65,6.6,4,97,Synthetic/Demo,69.69,69.15
A075,25,66.3,7,4.5,60.4,8.13,243,76.2,66,8.0,4,97,Synthetic/Demo,41.1,65.16
A076,21,62.5,3,13.5,52.7,9.12,215,83.5,62,8.1,4,85,Synthetic/Demo,69.23,70.02
A077,19,73.8,4,12.9,56.2,8.38,221,83.2,62,6.2,5,84,Synthetic/Demo,62.33,63.76
A078,23,63.0,1,6.6,43.3,7.68,247,85.4,75,8.5,5,115,Synthetic/Demo,33.25,62.60
A079,23,70.8,4,4.2,47.7,7.55,236,86.5,70,8.0,5,116,Synthetic/Demo,36.94,65.32
A080,27,67.8,7,13.3,59.6,9.43,196,109.7,58,7.5,3,84,Synthetic/Demo,80.5,70.04
A081,21,77.7,5,9.0,57.0,9.04,211,90.1,68,7.2,6,94,Synthetic/Demo,62.72,70.92
A082,23,64.9,5,9.4,51.3,8.64,197,98.3,67,7.4,4,96,Synthetic/Demo,63.97,62.49
A083,30,64.5,8,10.8,56.7,9.07,206,99.4,56,6.1,4,88,Synthetic/Demo,77.91,67.28
A084,19,71.0,7,10.2,57.5,8.47,185,107.2,65,6.2,5,76,Synthetic/Demo,71.63,65.55
A085,27,83.5,1,13.4,48.7,8.14,215,82.6,77,5.8,4,99,Synthetic/Demo,48.91,58.82
A086,29,68.6,8,13.4,59.1,8.76,182,98.6,61,6.0,4,68,Synthetic/Demo,79.35,72.03
A087,19,64.7,3,12.7,53.5,7.65,220,100.8,59,7.1,6,87,Synthetic/Demo,64.81,63.84
A088,27,74.9,8,10.4,55.1,8.82,216,100.3,62,7.4,5,92,Synthetic/Demo,71.92,70.89
A089,21,73.7,2,12.0,59.3,8.31,233,76.3,60,5.6,6,100,Synthetic/Demo,53.05,67.96
A090,25,60.4,1,10.8,43.5,9.18,236,69.2,82,8.3,3,91,Synthetic/Demo,47.37,65.09
A091,24,63.7,2,9.7,47.7,8.91,219,71.3,78,6.5,3,94,Synthetic/Demo,46.59,64.78
A092,29,76.8,7,5.3,53.8,8.62,218,96.6,63,8.7,3,89,Synthetic/Demo,62.1,65.86
A093,26,71.4,6,12.1,65.0,9.87,197,95.3,53,8.9,5,88,Synthetic/Demo,84.1,74.97
A094,25,50.0,2,12.2,45.7,9.09,213,98.6,64,6.1,4,95,Synthetic/Demo,58.98,63.89
A095,22,71.9,3,10.3,53.2,7.49,216,93.3,66,7.1,5,101,Synthetic/Demo,52.38,56.21
A096,30,75.4,8,12.2,65.0,9.66,186,105.3,53,5.5,5,82,Synthetic/Demo,83.08,65.76
A097,19,61.3,6,10.5,57.0,9.09,201,103.4,63,7.6,4,93,Synthetic/Demo,74.59,61.43
A098,22,73.4,8,6.1,53.2,8.44,224,89.8,63,7.6,6,96,Synthetic/Demo,56.86,62.17
A099,25,83.0,2,6.7,47.2,7.27,225,62.1,71,6.4,3,102,Synthetic/Demo,29.22,59.45
A100,27,71.2,8,6.1,64.0,8.84,204,85.5,65,7.5,6,90,Synthetic/Demo,64.61,64.86
A101,26,63.0,7,7.8,55.2,7.68,192,92.7,60,6.3,3,93,Synthetic/Demo,53.94,60.77
A102,29,63.8,6,4.4,58.5,8.15,245,81.6,64,6.1,5,103,Synthetic/Demo,43.78,70.63
A103,29,68.1,7,10.2,60.8,8.58,193,102.5,63,7.8,3,96,Synthetic/Demo,73.89,67.50
A104,29,71.0,2,7.4,53.2,7.41,243,75.2,68,6.6,5,114,Synthetic/Demo,34.42,66.22
A105,30,68.5,7,10.6,61.0,9.43,207,102.6,66,7.6,6,81,Synthetic/Demo,78.22,72.33
A106,26,72.0,3,7.9,48.6,8.13,245,92.3,69,7.0,5,94,Synthetic/Demo,47.36,63.45
A107,30,66.8,2,10.8,57.9,8.4,221,79.6,76,8.9,6,83,Synthetic/Demo,64.12,64.01
A108,30,69.4,2,7.4,49.2,8.39,224,80.4,74,6.0,4,107,Synthetic/Demo,42.19,60.72
A109,18,75.7,2,6.6,48.2,7.9,219,61.6,75,7.1,4,98,Synthetic/Demo,34.79,62.63
A110,26,59.5,1,9.0,51.1,8.22,201,72.6,71,7.9,4,101,Synthetic/Demo,46.75,53.12
A111,24,68.9,8,10.9,65.0,9.42,198,90.4,61,6.9,5,82,Synthetic/Demo,73.75,73.19
A112,26,68.8,1,7.5,49.8,8.13,249,73.9,78,8.9,4,98,Synthetic/Demo,39.34,64.15
A113,25,75.4,1,13.4,46.5,8.59,224,84.5,66,8.0,3,105,Synthetic/Demo,55.8,62.13
A114,18,66.2,3,4.4,44.8,8.6,223,76.0,74,7.8,6,107,Synthetic/Demo,44.52,54.32
A115,29,73.2,6,8.2,53.6,9.1,227,86.6,64,8.1,6,92,Synthetic/Demo,59.85,69.97
A116,25,76.8,8,13.7,61.6,9.29,178,110.0,58,8.8,3,90,Synthetic/Demo,93.38,74.36
A117,25,53.2,7,9.5,55.7,8.38,194,82.5,58,8.7,5,96,Synthetic/Demo,65.06,67.99
A118,28,77.3,5,8.2,51.7,8.71,210,77.3,63,8.0,5,91,Synthetic/Demo,51.57,66.28
A119,20,60.1,2,9.7,51.7,8.31,228,91.2,65,8.1,6,86,Synthetic/Demo,58.12,73.09
A120,18,59.2,7,9.8,61.4,9.59,186,88.3,65,6.0,4,83,Synthetic/Demo,76.07,65.28
A121,19,53.9,1,4.3,34.4,7.24,181,64.9,54,5.5,3,69,Synthetic/Demo,25.29,36.49
A122,29,83.3,8,13.7,62.1,9.68,265,103.5,80,8.8,6,113,Synthetic/Demo,77.94,85.84
A123,19,52.2,1,4.7,31.4,7.24,186,61.9,55,5.8,3,71,Synthetic/Demo,24.86,42.32
A124,29,83.0,8,13.6,62.8,9.92,274,105.2,79,8.9,6,114,Synthetic/Demo,77.63,90.00
A125,29,84.1,8,13.7,63.6,9.84,270,104.9,81,8.9,6,111,Synthetic/Demo,84.18,90.00
A126,18,53.0,1,4.8,30.4,7.19,189,59.6,54,5.6,3,71,Synthetic/Demo,25.36,41.75
A127,19,52.9,1,4.9,30.8,7.25,181,61.3,55,5.9,3,70,Synthetic/Demo,18.26,48.50
A128,19,50.8,1,4.5,32.1,7.15,182,62.2,55,5.6,3,71,Synthetic/Demo,18.79,35.00
A129,18,52.9,1,4.4,32.1,6.98,185,60.6,54,5.6,3,70,Synthetic/Demo,19.13,36.22
A130,18,51.1,1,4.7,34.4,6.94,183,61.5,54,5.6,3,69,Synthetic/Demo,19.6,35.54
A131,29,82.7,8,13.5,64.4,9.85,273,106.2,79,8.7,6,113,Synthetic/Demo,77.8,83.83
A132,29,84.9,8,13.7,62.2,9.66,274,102.2,81,8.9,6,115,Synthetic/Demo,79.48,78.39
A133,19,52.8,1,5.0,32.4,7.03,186,60.2,56,5.6,3,70,Synthetic/Demo,16.77,43.92
A134,19,51.8,1,5.1,31.4,7.09,180,62.9,54,5.9,3,71,Synthetic/Demo,23.23,40.06
A135,29,83.7,8,13.2,61.5,9.83,269,102.9,81,8.9,6,114,Synthetic/Demo,76.78,77.66
A136,29,84.4,8,13.1,64.5,9.76,266,106.7,80,8.8,6,117,Synthetic/Demo,86.72,80.62
A137,19,52.6,1,4.1,30.9,7.04,187,62.0,55,5.6,3,70,Synthetic/Demo,15.63,41.14
A138,19,52.8,1,4.8,30.7,6.95,180,60.6,56,5.9,3,70,Synthetic/Demo,18.38,44.27
A139,19,50.3,1,5.3,31.2,7.06,182,62.0,53,5.8,3,73,Synthetic/Demo,23.71,50.84
A140,19,50.7,1,4.5,30.3,7.27,188,61.2,55,5.7,3,71,Synthetic/Demo,15.52,54.98
A141,19,51.3,1,4.8,30.6,7.15,187,60.9,54,5.6,3,70,Synthetic/Demo,20.05,42.20
A142,19,52.3,1,5.0,33.0,7.07,189,63.5,53,5.9,3,72,Synthetic/Demo,25.71,36.94
A143,29,83.9,8,12.7,62.9,9.82,271,104.6,79,8.7,6,113,Synthetic/Demo,74.84,74.17
A144,18,51.4,1,4.6,31.7,6.99,184,61.1,54,5.7,3,72,Synthetic/Demo,19.85,41.03
A145,29,81.5,8,12.7,63.8,9.68,265,104.3,81,9.0,6,112,Synthetic/Demo,81.14,80.74
A146,19,51.1,1,4.7,33.5,7.09,189,64.3,55,5.9,3,70,Synthetic/Demo,24.15,39.80
A147,30,85.3,8,12.9,63.0,9.93,275,103.2,79,8.6,6,117,Synthetic/Demo,75.73,82.37
A148,29,82.7,8,13.7,62.0,9.77,266,106.8,80,8.9,6,114,Synthetic/Demo,78.07,84.81
A149,29,84.9,8,13.6,64.5,9.88,265,107.1,81,8.7,6,114,Synthetic/Demo,85.28,90.00
A150,19,50.7,1,5.1,33.5,6.96,189,61.8,56,5.9,3,70,Synthetic/Demo,21.96,42.34
A151,30,84.2,8,13.0,63.1,9.87,267,104.2,79,8.8,6,117,Synthetic/Demo,81.56,84.67
A152,19,53.1,1,4.6,32.7,6.92,182,61.1,56,5.7,3,71,Synthetic/Demo,20.69,35.17
A153,30,83.1,8,12.8,61.0,9.96,264,104.6,82,8.7,6,112,Synthetic/Demo,77.85,76.57
A154,30,84.5,8,12.8,62.7,9.92,265,105.4,80,8.6,6,115,Synthetic/Demo,81.43,82.84
A155,30,84.5,8,12.9,63.0,9.83,275,104.2,80,8.8,6,115,Synthetic/Demo,80.44,85.19
A156,18,50.5,1,4.4,32.4,7.11,185,60.5,53,5.5,3,71,Synthetic/Demo,17.36,48.30
A157,19,53.5,1,4.4,32.4,7.06,183,59.7,54,5.7,3,68,Synthetic/Demo,25.18,40.59
A158,18,52.8,1,4.3,33.5,7.12,182,61.9,55,5.6,3,68,Synthetic/Demo,22.31,45.18
A159,29,83.1,8,12.8,61.1,9.96,266,103.8,82,8.8,6,112,Synthetic/Demo,76.07,82.33
A160,29,83.1,8,13.6,61.0,9.86,275,105.3,81,8.7,6,113,Synthetic/Demo,81.95,79.39
A161,29,84.8,8,12.7,62.7,9.78,268,102.0,81,8.8,6,116,Synthetic/Demo,75.77,79.96
A162,18,50.5,1,5.1,34.3,6.94,181,64.1,55,5.8,3,70,Synthetic/Demo,25.28,37.68
A163,29,85.0,8,12.9,63.6,9.85,271,105.7,79,8.9,6,116,Synthetic/Demo,84.54,90.00
A164,19,50.9,1,4.8,33.7,7.25,182,62.6,55,5.7,3,72,Synthetic/Demo,20.25,37.75
A165,29,83.9,8,12.6,61.9,9.83,269,101.9,80,9.0,6,113,Synthetic/Demo,81.55,88.82
A166,29,82.2,8,13.5,60.8,9.91,273,104.1,82,8.9,6,113,Synthetic/Demo,81.2,80.82
A167,18,52.4,1,5.0,34.0,7.1,183,64.9,54,5.8,3,71,Synthetic/Demo,25.86,46.60
A168,19,53.4,1,5.3,33.5,6.92,188,60.4,56,5.6,3,72,Synthetic/Demo,26.08,43.27
A169,19,50.2,1,5.1,34.0,6.95,181,64.9,54,5.5,3,69,Synthetic/Demo,22.0,40.27
A170,29,85.0,8,12.8,61.1,9.97,271,105.4,82,8.9,6,112,Synthetic/Demo,77.54,85.09
A171,19,51.7,1,5.3,31.1,7.22,188,62.1,54,5.8,3,70,Synthetic/Demo,18.8,38.30
A172,29,83.4,8,12.9,62.4,9.92,267,103.3,81,9.0,6,114,Synthetic/Demo,77.99,87.46
A173,19,50.2,1,4.2,33.9,7.18,181,63.2,56,5.6,3,69,Synthetic/Demo,21.37,38.57
A174,18,51.7,1,5.2,33.8,7.23,182,61.8,56,5.8,3,69,Synthetic/Demo,24.4,35.83
A175,18,53.4,1,4.9,31.1,7.14,183,60.1,55,5.7,3,73,Synthetic/Demo,20.71,35.00
A176,18,52.2,1,5.2,30.9,7.23,186,62.5,54,5.8,3,74,Synthetic/Demo,23.82,42.30
A177,29,82.7,8,12.8,62.5,9.67,265,103.9,81,8.9,6,114,Synthetic/Demo,79.38,90.00
A178,18,50.4,1,5.2,32.6,7.08,183,61.5,55,5.7,3,73,Synthetic/Demo,25.82,41.77
A179,30,84.8,8,12.7,62.3,9.81,271,104.5,80,8.7,6,115,Synthetic/Demo,78.24,84.46
A180,29,82.4,8,13.3,64.2,9.74,272,105.8,80,8.7,6,113,Synthetic/Demo,89.49,86.83
A181,29,81.9,8,13.3,61.1,9.84,271,103.3,80,8.8,6,116,Synthetic/Demo,81.16,90.00
A182,19,54.2,1,4.2,30.9,7.22,183,60.2,56,5.8,3,73,Synthetic/Demo,16.38,41.64
A183,30,81.3,8,12.8,62.6,9.71,268,103.7,79,9.0,6,117,Synthetic/Demo,76.18,82.87
A184,29,84.1,8,13.4,63.3,9.89,263,103.1,81,8.9,6,113,Synthetic/Demo,83.46,90.00
A185,29,84.0,8,13.1,63.4,10.0,270,106.4,80,8.8,6,115,Synthetic/Demo,81.5,88.02
A186,19,50.4,1,4.5,31.5,7.0,181,61.4,54,5.9,3,73,Synthetic/Demo,21.82,47.74
A187,29,84.8,8,13.2,63.7,9.69,271,104.5,79,8.6,6,115,Synthetic/Demo,81.58,86.00
A188,18,51.2,1,5.1,31.3,7.16,188,61.7,54,5.9,3,69,Synthetic/Demo,20.79,35.00
A189,19,50.4,1,4.9,33.4,7.11,189,62.2,55,5.6,3,69,Synthetic/Demo,18.66,35.00
A190,19,53.3,1,4.7,34.4,7.21,186,64.5,54,5.7,3,69,Synthetic/Demo,18.61,50.50
A191,18,52.2,1,4.5,31.1,7.03,186,59.5,56,5.7,3,70,Synthetic/Demo,16.85,48.10
A192,29,84.7,8,12.7,62.0,9.99,275,104.5,80,8.8,6,113,Synthetic/Demo,82.13,84.33
A193,29,81.9,8,12.9,64.7,9.9,267,105.6,79,8.7,6,113,Synthetic/Demo,82.86,83.42
A194,19,52.0,1,5.0,30.8,7.15,185,61.8,56,5.9,3,69,Synthetic/Demo,16.9,48.44
A195,18,50.5,1,4.8,32.5,7.17,187,61.6,54,5.8,3,71,Synthetic/Demo,21.58,35.33
A196,30,81.6,8,12.7,63.2,9.82,269,104.1,79,8.7,6,117,Synthetic/Demo,80.85,80.51
A197,29,82.2,8,13.1,64.7,10.0,264,105.6,79,8.8,6,116,Synthetic/Demo,80.72,89.02
A198,19,53.5,1,4.2,30.8,6.97,189,59.8,55,5.7,3,73,Synthetic/Demo,17.34,37.57
A199,19,50.8,1,5.0,31.3,7.19,180,61.4,56,5.6,3,73,Synthetic/Demo,21.07,40.85
A200,18,50.9,1,4.4,34.3,6.99,181,63.1,53,5.6,3,71,Synthetic/Demo,17.98,39.36
A201,29,82.4,8,13.7,62.9,9.75,270,106.6,79,8.6,6,112,Synthetic/Demo,82.84,86.98
A202,18,53.6,1,5.1,33.4,6.94,184,62.4,56,5.5,3,72,Synthetic/Demo,22.62,47.98
A203,19,52.0,1,4.3,30.3,7.22,188,58.7,55,5.8,3,71,Synthetic/Demo,21.24,40.37
A204,19,53.1,1,4.8,33.0,6.96,183,61.2,54,5.8,3,73,Synthetic/Demo,23.69,44.10
A205,30,82.1,8,12.9,63.7,9.88,268,106.1,81,8.7,6,114,Synthetic/Demo,77.21,75.28
A206,19,54.3,1,5.0,32.3,6.93,181,62.1,54,5.7,3,73,Synthetic/Demo,17.85,40.60
A207,29,84.8,8,13.0,62.6,9.9,271,103.7,79,8.7,6,117,Synthetic/Demo,81.49,81.00
A208,19,53.2,1,5.1,30.6,7.13,184,62.6,56,5.8,3,73,Synthetic/Demo,22.14,35.34
A209,29,84.5,8,12.6,61.1,9.91,272,104.1,79,8.8,6,112,Synthetic/Demo,80.31,80.27
A210,29,82.8,8,12.9,64.3,9.64,272,105.6,81,9.0,6,113,Synthetic/Demo,92.01,83.64
A211,18,51.7,1,4.6,30.8,7.25,183,60.9,54,5.7,3,70,Synthetic/Demo,21.87,44.63
A212,30,84.1,8,13.0,64.7,10.0,264,108.9,81,8.7,6,112,Synthetic/Demo,87.48,79.61
A213,29,83.6,8,12.8,62.3,9.87,268,103.9,82,8.7,6,115,Synthetic/Demo,82.32,85.14
A214,19,51.9,1,4.3,31.3,6.97,187,60.6,54,5.7,3,68,Synthetic/Demo,20.11,36.90
A215,18,52.4,1,4.6,34.4,7.19,182,63.5,54,5.7,3,73,Synthetic/Demo,21.84,40.00
A216,19,51.7,1,4.1,32.3,7.12,181,59.0,56,5.6,3,69,Synthetic/Demo,21.17,44.55
A217,19,50.9,1,5.2,32.4,7.27,186,62.4,54,5.6,3,73,Synthetic/Demo,19.85,44.52
A218,29,83.1,8,12.9,64.9,9.79,274,105.8,80,8.7,6,112,Synthetic/Demo,80.4,90.00
A219,19,53.3,1,5.2,33.2,7.12,183,64.0,54,5.6,3,73,Synthetic/Demo,21.26,41.26
A220,19,52.8,1,5.1,32.4,6.94,182,60.0,54,5.9,3,74,Synthetic/Demo,20.7,37.42
A221,18,51.0,1,4.6,31.7,6.92,188,60.2,54,5.8,3,73,Synthetic/Demo,25.31,38.50
A222,29,81.9,8,12.7,62.0,9.78,267,104.8,79,8.7,6,114,Synthetic/Demo,73.74,85.67
A223,29,82.2,8,12.9,63.8,9.96,266,104.5,80,8.7,6,117,Synthetic/Demo,83.51,86.26
A224,19,50.8,1,5.3,34.1,7.12,184,63.8,55,5.6,3,74,Synthetic/Demo,18.31,36.90
A225,29,81.3,8,13.6,63.4,9.75,275,105.0,81,8.6,6,116,Synthetic/Demo,79.1,85.90
A226,19,53.6,1,5.2,32.9,7.11,187,62.5,56,5.6,3,70,Synthetic/Demo,24.87,42.98
A227,19,52.1,1,4.6,32.0,7.12,181,60.5,54,5.5,3,70,Synthetic/Demo,20.25,52.55
A228,19,52.3,1,5.2,32.7,6.99,181,63.0,55,5.8,3,71,Synthetic/Demo,18.76,50.81
A229,29,82.4,8,12.6,63.6,9.75,269,103.7,81,8.6,6,117,Synthetic/Demo,76.83,80.47
A230,29,82.7,8,13.5,64.4,9.86,273,105.9,80,8.9,6,116,Synthetic/Demo,84.5,84.67
A231,30,83.5,8,13.5,62.8,9.65,268,105.8,82,8.7,6,116,Synthetic/Demo,78.31,78.19
A232,19,54.1,1,4.9,34.0,7.03,189,62.2,55,5.9,3,70,Synthetic/Demo,22.2,39.07
A233,29,82.7,8,13.6,65.0,9.78,271,107.4,79,8.8,6,112,Synthetic/Demo,83.56,87.53
A234,19,52.9,1,4.9,30.3,7.25,179,60.2,55,5.5,3,68,Synthetic/Demo,18.38,46.12
A235,19,52.3,1,4.6,31.7,7.13,186,62.7,53,5.6,3,70,Synthetic/Demo,26.73,36.82
A236,29,81.8,8,12.9,61.0,9.8,268,102.5,79,8.7,6,117,Synthetic/Demo,80.16,81.06
A237,18,52.1,1,4.4,33.3,6.99,186,60.8,53,5.8,3,70,Synthetic/Demo,13.86,35.00
A238,19,51.3,1,4.8,33.2,7.0,186,61.9,54,5.5,3,71,Synthetic/Demo,20.98,39.72
A239,19,50.7,1,4.8,32.2,7.28,182,62.3,54,5.7,3,74,Synthetic/Demo,19.86,36.11
A240,29,83.3,8,12.7,64.8,9.7,264,107.5,82,8.6,6,115,Synthetic/Demo,83.88,82.60
A241,18,54.0,1,5.0,34.0,7.07,187,62.4,56,5.8,3,69,Synthetic/Demo,19.64,37.42
A242,29,83.4,8,13.7,62.0,10.0,264,105.6,79,8.8,6,116,Synthetic/Demo,82.49,85.27
A243,19,50.8,1,4.3,31.8,7.2,183,60.9,55,5.5,3,72,Synthetic/Demo,21.02,35.00
A244,29,85.1,8,13.3,64.4,9.83,269,105.8,80,8.7,6,115,Synthetic/Demo,84.69,78.45
A245,29,82.3,8,13.3,62.3,9.89,265,106.7,79,9.0,6,116,Synthetic/Demo,78.66,90.00
A246,30,85.0,8,13.6,61.9,9.79,275,104.3,81,8.7,6,113,Synthetic/Demo,78.88,79.12
A247,18,51.1,1,5.1,34.0,6.98,185,62.0,56,5.6,3,72,Synthetic/Demo,19.98,35.62
A248,29,84.4,8,12.8,64.2,9.79,273,103.7,80,8.7,6,113,Synthetic/Demo,77.96,90.00
A249,19,52.3,1,5.0,33.7,7.14,190,65.0,53,5.8,3,68,Synthetic/Demo,28.25,56.73
A250,19,50.3,1,4.5,32.5,7.0,181,61.6,53,5.6,3,70,Synthetic/Demo,21.37,35.00
A251,29,82.4,8,13.0,63.5,9.75,266,105.5,81,8.7,6,114,Synthetic/Demo,77.02,83.22
A252,29,83.2,8,12.8,62.1,9.69,272,103.7,81,8.8,6,114,Synthetic/Demo,81.03,86.35
A253,30,83.9,8,13.5,61.7,9.89,270,104.2,80,8.7,6,117,Synthetic/Demo,86.8,90.00
A254,30,83.5,8,12.8,61.3,9.64,267,102.6,79,8.8,6,114,Synthetic/Demo,81.0,79.35
A255,18,52.9,1,5.2,33.8,7.08,189,62.7,54,5.8,3,70,Synthetic/Demo,17.76,40.61
A256,30,81.3,8,12.9,61.1,9.73,270,102.2,81,9.0,6,116,Synthetic/Demo,76.53,88.60
A257,30,82.1,8,12.8,61.9,9.7,268,103.1,81,8.7,6,113,Synthetic/Demo,82.14,86.66
A258,29,83.5,8,13.6,63.8,9.77,266,105.8,80,8.9,6,112,Synthetic/Demo,80.62,83.79
A259,19,50.5,1,4.2,30.4,7.27,184,57.9,56,5.7,3,69,Synthetic/Demo,19.49,38.76
A260,19,54.0,1,4.5,31.7,7.17,186,61.7,53,5.5,3,73,Synthetic/Demo,22.04,35.00
A261,29,82.0,8,13.2,61.8,9.67,274,102.7,80,8.7,6,111,Synthetic/Demo,75.54,83.22
A262,19,51.0,1,5.1,30.9,7.17,184,62.9,56,5.7,3,72,Synthetic/Demo,20.79,39.93
A263,19,51.1,1,4.6,31.1,7.23,187,62.3,55,5.5,3,70,Synthetic/Demo,10.16,41.64
A264,18,50.1,1,4.4,33.7,7.21,183,62.9,53,5.8,3,73,Synthetic/Demo,18.96,38.24
A265,19,51.3,1,4.5,34.5,7.07,182,60.3,55,5.5,3,70,Synthetic/Demo,20.14,42.86
A266,19,52.5,1,4.9,33.9,7.15,186,64.2,55,5.5,3,68,Synthetic/Demo,18.77,46.80
A267,29,85.0,8,13.7,63.1,9.63,269,105.1,82,8.8,6,116,Synthetic/Demo,85.68,86.37
A268,18,54.2,1,5.3,33.3,7.17,185,62.3,53,5.6,3,68,Synthetic/Demo,18.54,43.26
A269,29,84.9,8,12.8,64.0,9.66,268,105.6,79,8.8,6,114,Synthetic/Demo,79.12,85.30
A270,29,84.6,8,12.6,62.0,9.9,264,101.1,81,8.7,6,112,Synthetic/Demo,79.26,84.41
A271,18,53.7,1,4.8,33.2,7.21,187,62.4,55,5.7,3,71,Synthetic/Demo,26.01,38.01
A272,30,82.5,8,12.7,61.8,9.65,273,104.4,79,8.8,6,113,Synthetic/Demo,73.74,86.10
A273,19,50.0,1,5.0,30.4,7.24,182,62.2,53,5.6,3,74,Synthetic/Demo,24.33,40.13
A274,29,82.0,8,12.8,63.8,9.99,264,105.8,80,8.6,6,115,Synthetic/Demo,82.0,90.00
A275,29,85.1,8,13.0,64.2,9.75,272,105.1,80,8.9,6,113,Synthetic/Demo,77.96,90.00
A276,29,85.1,8,13.1,64.7,9.68,273,105.2,82,8.8,6,111,Synthetic/Demo,82.15,87.45
A277,18,53.9,1,4.2,32.9,7.12,182,63.5,53,5.9,3,74,Synthetic/Demo,21.72,37.12
A278,29,84.8,8,13.8,64.7,9.94,274,104.5,81,8.6,6,116,Synthetic/Demo,80.74,80.74
A279,30,85.0,8,13.1,63.4,9.8,273,105.3,80,8.9,6,115,Synthetic/Demo,80.91,90.00
A280,29,83.2,8,12.9,62.4,9.63,270,103.5,79,9.0,6,117,Synthetic/Demo,77.64,86.07
A281,30,83.7,8,13.3,64.5,9.97,272,106.4,82,8.8,6,115,Synthetic/Demo,83.02,88.87
A282,30,82.8,8,12.9,63.2,9.85,267,102.9,79,8.6,6,116,Synthetic/Demo,81.95,76.24
A283,30,82.8,8,13.7,62.7,9.89,271,105.7,82,8.6,6,116,Synthetic/Demo,86.25,90.00
A284,29,81.2,8,12.9,60.8,9.93,275,102.3,80,8.7,6,113,Synthetic/Demo,74.39,86.78
A285,18,52.4,1,5.2,30.4,7.05,186,61.9,55,5.9,3,69,Synthetic/Demo,26.69,35.05
A286,29,83.9,8,13.1,61.1,9.66,268,102.6,79,9.0,6,115,Synthetic/Demo,72.71,82.18
A287,19,50.1,1,4.5,30.9,6.96,181,58.1,56,5.7,3,71,Synthetic/Demo,17.31,40.30
A288,30,84.8,8,13.4,64.8,9.89,273,104.9,81,8.7,6,112,Synthetic/Demo,83.96,86.39
A289,18,54.0,1,5.0,31.8,7.24,188,61.3,54,5.7,3,72,Synthetic/Demo,21.8,39.86
A290,19,50.7,1,5.1,33.1,7.13,185,63.8,54,5.5,3,70,Synthetic/Demo,20.4,40.85
A291,19,51.8,1,4.1,31.7,7.08,182,60.2,53,5.6,3,73,Synthetic/Demo,18.02,38.14
A292,18,53.6,1,4.1,34.0,7.12,179,63.1,53,5.6,3,71,Synthetic/Demo,20.04,41.15
A293,29,82.0,8,13.5,62.2,9.94,267,104.2,80,8.6,6,114,Synthetic/Demo,79.53,90.00
A294,18,51.7,1,4.3,30.9,6.98,189,60.5,56,5.8,3,69,Synthetic/Demo,20.19,35.00
A295,30,82.7,8,12.9,61.4,10.0,265,104.9,80,8.6,6,111,Synthetic/Demo,81.65,83.75
A296,19,53.9,1,4.7,34.2,7.16,186,63.6,56,5.8,3,68,Synthetic/Demo,20.46,43.11
A297,30,83.6,8,12.6,62.0,9.8,266,103.2,80,8.7,6,114,Synthetic/Demo,81.49,86.08
A298,18,51.6,1,4.3,32.0,7.1,189,60.5,54,5.6,3,72,Synthetic/Demo,19.55,37.88
A299,30,83.2,8,13.6,62.0,9.88,274,104.1,79,8.7,6,115,Synthetic/Demo,82.93,76.76
A300,30,84.7,8,12.7,62.0,9.94,273,104.2,81,8.7,6,117,Synthetic/Demo,80.89,87.01
A301,30,83.9,8,13.2,61.0,9.81,265,103.9,82,8.9,6,113,Synthetic/Demo,77.33,90.00
A302,19,53.1,1,4.7,31.9,7.23,189,62.7,55,5.7,3,68,Synthetic/Demo,19.17,35.00
A303,29,82.1,8,13.6,63.0,9.86,268,104.0,79,8.9,6,113,Synthetic/Demo,84.22,89.75
A304,19,51.7,1,5.2,31.8,7.01,184,61.8,55,5.6,3,68,Synthetic/Demo,22.57,38.93
A305,29,84.2,8,12.8,64.2,9.7,267,105.7,80,8.6,6,113,Synthetic/Demo,80.5,84.64
A306,29,84.1,8,13.8,61.1,9.99,269,104.9,80,9.0,6,116,Synthetic/Demo,82.25,80.65
A307,30,82.5,8,12.7,62.3,9.66,267,102.7,81,8.7,6,116,Synthetic/Demo,81.87,82.82
A308,29,84.8,8,13.5,61.6,9.64,270,103.8,81,8.7,6,114,Synthetic/Demo,77.33,90.00
A309,19,53.8,1,5.0,31.5,7.06,188,62.0,54,5.7,3,68,Synthetic/Demo,21.95,43.75
A310,18,53.8,1,4.4,31.4,7.23,183,61.7,54,5.7,3,71,Synthetic/Demo,19.64,49.04
A311,29,82.6,8,13.7,62.3,9.99,271,106.4,79,8.6,6,115,Synthetic/Demo,81.6,90.00
A312,29,81.6,8,13.5,62.1,9.98,274,104.4,82,8.9,6,113,Synthetic/Demo,84.37,87.91
A313,30,82.4,8,13.0,64.0,9.88,271,105.3,81,8.7,6,112,Synthetic/Demo,83.73,90.00
A314,18,53.3,1,4.6,33.0,7.25,180,64.1,54,5.8,3,71,Synthetic/Demo,25.3,43.73
A315,19,52.4,1,5.2,32.8,7.12,185,60.8,56,5.6,3,70,Synthetic/Demo,25.2,45.52
A316,19,51.3,1,4.7,31.1,6.99,179,63.1,55,5.6,3,70,Synthetic/Demo,20.17,38.43
A317,29,83.3,8,13.5,63.0,9.73,275,103.5,79,8.9,6,114,Synthetic/Demo,82.29,85.65
A318,29,84.6,8,13.5,64.7,9.81,274,105.9,80,9.0,6,112,Synthetic/Demo,81.71,82.66
A319,19,53.9,1,5.1,34.5,7.11,182,62.8,54,5.8,3,71,Synthetic/Demo,24.38,47.27
A320,19,50.6,1,5.0,31.1,7.22,179,62.3,53,5.6,3,69,Synthetic/Demo,21.37,35.00
A321,30,84.8,8,13.4,63.3,9.77,265,105.6,79,8.7,6,112,Synthetic/Demo,82.2,89.35
A322,29,83.4,8,13.1,63.3,9.84,264,105.8,79,8.6,6,117,Synthetic/Demo,83.26,84.25
A323,18,53.4,1,4.2,32.3,7.21,189,61.3,55,5.5,3,71,Synthetic/Demo,16.77,46.13
A324,30,83.1,8,13.1,64.8,10.0,265,106.1,81,8.6,6,112,Synthetic/Demo,89.5,89.68
A325,29,83.4,8,13.7,61.8,9.84,264,105.3,80,8.8,6,116,Synthetic/Demo,78.74,90.00
A326,19,50.8,1,4.8,33.7,7.1,178,63.9,54,5.7,3,74,Synthetic/Demo,19.13,45.15
A327,18,52.6,1,4.4,31.7,7.18,187,60.6,56,5.8,3,72,Synthetic/Demo,22.84,35.00
A328,30,85.3,8,13.3,62.5,9.89,272,104.8,79,8.6,6,113,Synthetic/Demo,83.05,85.14
A329,29,83.4,8,12.7,63.6,9.78,266,104.7,79,8.6,6,113,Synthetic/Demo,82.17,78.84
A330,19,53.2,1,4.8,33.1,7.08,189,62.5,56,5.9,3,72,Synthetic/Demo,22.85,39.37
A331,19,52.2,1,5.2,30.7,7.22,189,61.4,56,5.6,3,73,Synthetic/Demo,20.08,48.96
A332,30,82.7,8,13.5,64.7,9.65,272,106.7,80,8.8,6,115,Synthetic/Demo,79.18,89.08
A333,29,81.7,8,13.0,63.5,9.98,269,104.6,79,8.8,6,114,Synthetic/Demo,81.88,81.88
A334,29,84.7,8,12.7,62.8,9.66,265,103.5,80,8.8,6,112,Synthetic/Demo,77.19,79.40
A335,18,52.4,1,5.0,30.5,6.97,181,60.3,55,5.8,3,72,Synthetic/Demo,22.26,39.97
A336,18,52.2,1,4.7,34.1,7.0,180,63.6,56,5.5,3,74,Synthetic/Demo,21.15,35.00
A337,30,82.9,8,12.6,62.6,9.95,272,104.3,81,9.0,6,116,Synthetic/Demo,77.36,82.18
A338,29,84.2,8,12.9,63.2,9.71,271,104.2,80,8.8,6,115,Synthetic/Demo,78.55,86.57
A339,19,50.6,1,5.0,32.3,7.23,180,63.7,56,5.7,3,70,Synthetic/Demo,23.92,47.41
A340,30,82.1,8,13.0,64.3,9.98,268,107.0,79,9.0,6,114,Synthetic/Demo,81.55,89.15
A341,18,52.9,1,4.4,34.0,6.95,180,61.2,54,5.8,3,72,Synthetic/Demo,18.25,35.00
A342,30,85.1,8,13.2,60.9,9.92,273,102.8,80,8.8,6,113,Synthetic/Demo,79.89,86.73
A343,29,84.3,8,13.1,63.1,9.91,264,106.0,81,8.8,6,117,Synthetic/Demo,82.6,86.02
A344,18,51.0,1,4.2,32.4,6.93,186,58.9,54,5.6,3,73,Synthetic/Demo,16.12,40.96
A345,19,53.8,1,5.0,30.5,7.27,184,61.6,56,5.7,3,72,Synthetic/Demo,19.23,49.50
A346,29,82.1,8,12.6,63.5,9.94,269,105.2,82,9.0,6,116,Synthetic/Demo,81.53,75.24
A347,30,81.3,8,13.4,64.8,9.79,269,107.0,82,8.7,6,114,Synthetic/Demo,78.22,83.04
A348,19,53.7,1,5.0,32.3,7.21,181,61.1,56,5.7,3,74,Synthetic/Demo,17.27,44.69
A349,29,84.1,8,12.9,64.6,10.0,273,105.7,80,8.7,6,117,Synthetic/Demo,79.61,78.04
A350,19,50.8,1,4.6,31.5,7.1,186,59.9,54,5.9,3,69,Synthetic/Demo,18.94,47.56
A351,19,53.8,1,4.4,31.1,7.01,181,60.1,56,5.7,3,72,Synthetic/Demo,19.43,41.69
A352,30,84.9,8,13.3,64.1,9.9,275,106.2,81,8.7,6,116,Synthetic/Demo,86.05,90.00
A353,19,53.9,1,5.2,32.5,6.95,188,61.2,53,5.7,3,72,Synthetic/Demo,22.96,38.19
A354,30,82.6,8,13.2,64.7,9.75,275,105.7,79,8.8,6,117,Synthetic/Demo,80.7,89.92
A355,19,52.9,1,4.9,33.3,7.17,179,62.9,54,5.7,3,70,Synthetic/Demo,22.79,46.88
A356,19,50.3,1,5.2,32.2,7.21,182,61.3,54,5.6,3,72,Synthetic/Demo,18.88,42.33
A357,18,53.0,1,5.3,32.5,7.11,179,62.5,55,5.8,3,70,Synthetic/Demo,22.69,42.58
A358,18,50.1,1,5.1,31.4,6.96,182,61.8,55,5.8,3,68,Synthetic/Demo,19.7,41.31
A359,19,53.6,1,4.6,31.0,7.11,180,61.7,56,5.8,3,70,Synthetic/Demo,21.09,36.25
A360,19,52.0,1,4.7,33.2,7.03,184,64.1,54,5.7,3,73,Synthetic/Demo,18.95,40.56
A361,19,50.4,1,5.2,31.2,6.91,183,61.1,53,5.5,3,71,Synthetic/Demo,21.22,38.88
A362,29,82.0,8,13.0,62.7,9.77,267,103.2,80,8.7,6,116,Synthetic/Demo,84.2,86.65
A363,29,84.9,8,13.4,61.4,9.85,273,103.6,80,8.9,6,115,Synthetic/Demo,79.45,90.00
A364,30,82.7,8,13.4,63.4,9.78,270,104.5,79,8.9,6,112,Synthetic/Demo,82.67,80.21
A365,29,83.9,8,12.6,61.7,9.95,274,103.4,80,9.0,6,112,Synthetic/Demo,81.18,84.38
A366,19,51.8,1,4.5,32.4,7.21,184,61.6,55,5.7,3,73,Synthetic/Demo,19.42,48.47
A367,29,83.9,8,12.7,63.8,9.85,274,106.0,82,8.7,6,112,Synthetic/Demo,80.93,81.67
A368,18,50.4,1,5.2,31.9,6.99,178,60.4,56,5.6,3,70,Synthetic/Demo,20.75,35.81
A369,30,82.0,8,13.5,62.3,9.95,265,105.7,79,8.7,6,116,Synthetic/Demo,82.48,86.63
A370,19,52.7,1,4.8,31.0,6.92,181,59.4,56,5.9,3,71,Synthetic/Demo,16.54,44.19
A371,18,52.3,1,4.2,31.7,6.97,186,60.7,54,5.8,3,72,Synthetic/Demo,18.36,39.50
A372,19,50.3,1,4.3,30.9,7.08,186,61.0,53,5.7,3,73,Synthetic/Demo,20.0,46.24
A373,19,54.2,1,4.4,32.8,6.97,186,62.2,54,5.8,3,71,Synthetic/Demo,24.17,44.96
A374,29,82.3,8,12.8,63.1,9.73,264,103.4,81,8.8,6,115,Synthetic/Demo,82.64,88.92
A375,29,84.0,8,13.8,62.0,9.72,275,105.3,79,8.6,6,114,Synthetic/Demo,86.71,88.03
A376,29,81.0,8,13.0,61.6,9.69,266,102.8,80,8.7,6,117,Synthetic/Demo,76.17,90.00
A377,30,81.8,8,13.7,62.1,9.83,268,105.4,80,8.7,6,113,Synthetic/Demo,84.14,84.43
A378,18,52.0,1,5.2,33.6,6.95,180,62.2,55,5.8,3,70,Synthetic/Demo,22.8,35.00
A379,30,81.3,8,13.0,61.0,9.88,274,103.4,81,8.7,6,114,Synthetic/Demo,85.03,90.00
A380,30,83.0,8,12.9,63.5,9.73,272,104.7,79,8.9,6,114,Synthetic/Demo,77.69,82.98
A381,19,53.3,1,4.5,31.9,7.01,185,62.4,55,5.7,3,70,Synthetic/Demo,17.12,40.97
A382,18,50.7,1,4.1,31.2,7.11,179,58.6,55,5.5,3,71,Synthetic/Demo,16.31,45.05
A383,19,53.3,1,4.4,31.8,7.09,187,62.5,54,5.8,3,69,Synthetic/Demo,13.52,35.00
A384,30,83.7,8,12.7,64.6,9.86,269,104.8,79,8.7,6,114,Synthetic/Demo,79.52,79.15
A385,19,52.3,1,4.1,34.5,7.27,180,62.4,54,5.7,3,74,Synthetic/Demo,19.86,35.00
A386,29,81.2,8,12.7,62.7,9.7,270,102.8,80,8.7,6,116,Synthetic/Demo,78.73,80.42
A387,29,84.2,8,12.9,63.9,9.94,266,107.7,81,8.6,6,113,Synthetic/Demo,83.38,87.82
A388,29,81.7,8,13.4,64.6,9.95,273,106.6,79,8.6,6,116,Synthetic/Demo,88.33,88.55
A389,30,81.1,8,13.8,63.7,9.73,273,105.2,80,8.7,6,115,Synthetic/Demo,84.36,87.11
A390,29,82.9,8,12.9,61.7,9.84,270,102.9,81,8.8,6,111,Synthetic/Demo,77.33,77.60
A391,18,51.1,1,4.5,33.5,7.11,182,62.2,53,5.6,3,73,Synthetic/Demo,18.52,35.00
A392,29,81.6,8,13.1,64.8,9.68,264,103.9,81,8.6,6,114,Synthetic/Demo,82.48,85.19
A393,18,50.5,1,4.4,30.8,7.01,185,59.9,55,5.6,3,73,Synthetic/Demo,13.78,36.66
A394,29,81.5,8,13.3,63.7,9.63,273,105.2,81,9.0,6,115,Synthetic/Demo,85.95,87.70
A395,29,82.6,8,13.5,63.0,9.7,273,104.3,82,8.8,6,115,Synthetic/Demo,83.63,88.90
A396,19,53.1,1,4.6,33.5,7.25,181,64.1,53,5.6,3,73,Synthetic/Demo,21.35,42.43
A397,18,50.2,1,4.3,34.0,7.28,186,62.2,53,5.7,3,70,Synthetic/Demo,16.72,44.68
A398,29,84.4,8,13.4,61.5,9.92,264,104.5,79,8.6,6,112,Synthetic/Demo,85.24,86.11
A399,19,51.0,1,5.2,30.8,7.04,182,60.3,54,5.6,3,69,Synthetic/Demo,19.73,42.59
A400,29,84.0,8,13.4,63.2,9.89,266,106.6,81,8.8,6,114,Synthetic/Demo,86.22,82.28
A401,29,83.1,8,13.1,60.9,9.76,265,102.4,79,8.7,6,112,Synthetic/Demo,74.12,83.30
A402,19,51.0,1,5.0,31.8,7.19,181,63.7,53,5.8,3,73,Synthetic/Demo,20.53,42.43
A403,19,52.4,1,5.0,34.3,6.91,189,61.8,56,5.7,3,74,Synthetic/Demo,20.65,45.77
A404,29,83.2,8,12.7,63.9,9.67,265,105.1,82,8.9,6,113,Synthetic/Demo,80.48,83.03
A405,19,54.2,1,5.2,34.5,7.24,188,63.3,55,5.6,3,71,Synthetic/Demo,22.03,45.53
A406,19,54.1,1,5.1,30.4,6.92,180,59.4,55,5.7,3,74,Synthetic/Demo,20.67,38.67
A407,18,51.9,1,4.4,32.2,7.05,178,61.4,56,5.6,3,68,Synthetic/Demo,16.92,38.97
A408,30,82.0,8,12.8,63.1,9.84,265,103.3,79,8.7,6,117,Synthetic/Demo,79.66,89.09
A409,18,50.1,1,4.8,32.7,7.0,183,64.1,55,5.6,3,69,Synthetic/Demo,21.61,35.00
A410,18,52.4,1,4.3,30.7,6.96,188,59.7,56,5.9,3,71,Synthetic/Demo,18.87,35.00
A411,30,84.9,8,13.6,62.1,9.95,275,104.8,82,8.7,6,117,Synthetic/Demo,82.78,78.71
A412,19,50.9,1,4.1,30.9,7.24,178,58.3,54,5.8,3,70,Synthetic/Demo,15.76,35.00
A413,18,50.3,1,5.1,32.8,7.26,184,63.3,56,5.6,3,72,Synthetic/Demo,17.93,38.29
A414,29,83.5,8,12.8,62.8,9.66,275,104.3,80,8.8,6,117,Synthetic/Demo,82.19,88.64
A415,18,51.9,1,4.5,31.6,7.23,179,61.0,55,5.8,3,71,Synthetic/Demo,21.81,38.93
A416,29,83.0,8,13.3,63.7,9.72,265,105.1,81,8.8,6,114,Synthetic/Demo,79.2,86.29
A417,19,51.6,1,5.0,34.4,7.0,180,63.7,53,5.5,3,70,Synthetic/Demo,27.46,46.55
A418,29,81.9,8,13.0,61.0,9.86,273,104.9,80,8.8,6,114,Synthetic/Demo,79.49,90.00
A419,18,52.0,1,4.8,31.8,7.28,188,60.7,54,5.8,3,69,Synthetic/Demo,24.43,40.55
A420,19,53.3,1,4.3,31.6,7.01,187,61.4,55,5.7,3,72,Synthetic/Demo,18.68,46.91
A421,19,50.5,1,4.8,33.1,7.01,184,62.7,56,5.7,3,69,Synthetic/Demo,27.25,41.35
A422,19,53.3,1,5.0,30.5,7.17,183,59.9,54,5.5,3,73,Synthetic/Demo,24.85,36.14
A423,19,53.0,1,5.0,33.7,6.93,183,60.6,54,5.7,3,70,Synthetic/Demo,20.26,37.82
A424,19,53.2,1,5.0,32.3,7.21,188,61.4,53,5.7,3,70,Synthetic/Demo,24.24,35.00
A425,18,53.2,1,4.4,32.2,7.15,186,60.9,56,5.8,3,69,Synthetic/Demo,21.81,36.07
A426,29,83.8,8,13.0,64.9,9.93,272,104.7,82,8.6,6,117,Synthetic/Demo,85.38,84.05
A427,19,50.9,1,4.3,32.4,7.0,189,60.9,56,5.8,3,73,Synthetic/Demo,15.67,44.42
A428,29,81.6,8,13.2,64.7,9.99,269,105.5,80,9.0,6,115,Synthetic/Demo,85.27,90.00
A429,18,54.1,1,4.8,31.3,7.08,178,61.9,54,5.7,3,68,Synthetic/Demo,24.1,35.00
A430,19,52.5,1,5.0,31.0,6.96,184,60.3,56,5.7,3,73,Synthetic/Demo,13.72,42.31
A431,29,84.7,8,13.5,63.4,9.93,264,105.8,79,8.7,6,115,Synthetic/Demo,79.39,80.53
A432,29,84.6,8,12.7,64.7,9.88,267,106.7,80,8.6,6,113,Synthetic/Demo,75.74,87.80
A433,18,54.3,1,4.4,31.0,6.97,182,61.1,56,5.7,3,72,Synthetic/Demo,17.64,38.98
A434,29,85.3,8,13.4,63.9,9.81,267,106.5,80,8.9,6,114,Synthetic/Demo,84.79,76.74
A435,30,82.7,8,12.9,64.7,9.99,267,105.0,79,8.8,6,115,Synthetic/Demo,87.02,90.00
A436,19,51.5,1,5.3,32.2,7.27,189,61.6,54,5.9,3,71,Synthetic/Demo,22.44,39.18
A437,19,54.2,1,4.8,32.6,7.24,179,62.0,56,5.6,3,70,Synthetic/Demo,26.88,38.80
A438,29,82.0,8,13.6,61.3,9.7,268,105.8,80,8.9,6,114,Synthetic/Demo,76.44,79.74
A439,19,51.8,1,4.4,31.7,7.08,188,59.4,55,5.9,3,74,Synthetic/Demo,13.43,37.18
A440,29,81.6,8,12.9,64.5,9.7,271,105.5,82,9.0,6,115,Synthetic/Demo,80.59,87.63
A441,29,83.0,8,13.2,62.8,9.8,271,103.2,80,8.6,6,116,Synthetic/Demo,80.77,84.03
A442,30,83.4,8,12.8,64.8,9.7,272,105.6,81,9.0,6,112,Synthetic/Demo,80.82,87.28
A443,19,52.2,1,4.9,31.8,7.04,187,60.4,56,5.8,3,73,Synthetic/Demo,13.35,42.76
A444,29,81.3,8,13.4,61.3,9.95,271,104.9,80,8.8,6,115,Synthetic/Demo,80.38,90.00
A445,19,53.7,1,4.1,33.0,7.23,179,61.1,55,5.7,3,73,Synthetic/Demo,16.8,39.14
A446,18,54.1,1,4.5,33.6,7.15,189,61.6,54,5.7,3,70,Synthetic/Demo,22.79,35.00
A447,29,82.1,8,13.6,62.2,9.69,269,104.4,79,8.9,6,114,Synthetic/Demo,81.74,90.00
A448,19,50.7,1,4.3,30.3,7.25,184,59.7,53,5.9,3,72,Synthetic/Demo,16.3,38.27
A449,29,82.8,8,12.7,61.4,9.76,271,101.8,82,8.7,6,114,Synthetic/Demo,75.77,89.90
A450,19,51.7,1,5.0,34.0,7.01,185,62.4,53,5.5,3,69,Synthetic/Demo,18.58,42.81
A451,18,54.0,1,5.0,32.6,7.16,183,62.7,55,5.7,3,73,Synthetic/Demo,21.66,40.91
A452,19,54.1,1,5.3,30.7,6.98,183,58.2,54,5.7,3,70,Synthetic/Demo,22.12,41.78
A453,18,50.5,1,4.6,31.5,7.03,189,60.9,53,5.9,3,71,Synthetic/Demo,16.26,49.66
A454,30,82.8,8,13.6,63.5,9.91,267,104.5,79,8.9,6,116,Synthetic/Demo,84.14,90.00
A455,29,81.5,8,13.6,61.8,9.94,270,105.1,81,8.7,6,113,Synthetic/Demo,79.72,85.75
A456,30,82.9,8,13.0,64.8,9.79,266,108.1,80,8.8,6,112,Synthetic/Demo,80.51,86.60
A457,19,50.1,1,4.7,32.9,7.1,181,62.1,53,5.8,3,68,Synthetic/Demo,21.46,45.94
A458,18,53.8,1,4.4,31.8,7.05,182,61.0,55,5.6,3,69,Synthetic/Demo,16.28,35.42
A459,19,52.8,1,5.2,30.6,7.09,189,59.9,53,5.8,3,70,Synthetic/Demo,18.01,42.27
A460,29,85.1,8,13.4,64.9,9.93,265,106.7,79,8.7,6,112,Synthetic/Demo,80.4,85.84
A461,29,81.9,8,13.1,64.5,9.73,263,104.1,79,8.7,6,116,Synthetic/Demo,87.34,86.58
A462,18,52.2,1,4.3,31.0,7.19,184,61.8,53,5.8,3,71,Synthetic/Demo,19.89,35.78
A463,19,51.8,1,4.4,30.7,7.27,185,59.7,54,5.8,3,72,Synthetic/Demo,17.21,35.00
A464,30,83.1,8,13.6,60.9,9.64,269,103.4,80,9.0,6,117,Synthetic/Demo,79.85,74.77
A465,29,84.9,8,12.6,64.7,9.96,270,107.4,81,9.0,6,116,Synthetic/Demo,81.96,80.57
A466,29,85.2,8,13.5,62.6,9.88,270,105.0,79,8.6,6,111,Synthetic/Demo,80.76,83.03
A467,30,82.6,8,13.3,62.3,9.73,264,104.3,81,8.8,6,116,Synthetic/Demo,82.25,83.72
A468,19,51.6,1,4.4,33.8,7.22,184,62.9,56,5.5,3,69,Synthetic/Demo,23.83,50.87
A469,30,83.8,8,13.1,62.0,9.9,274,105.6,81,8.7,6,114,Synthetic/Demo,78.42,90.00
A470,29,82.7,8,13.6,64.2,9.97,269,106.3,81,8.7,6,113,Synthetic/Demo,81.64,81.27
A471,19,52.8,1,4.4,34.0,7.08,183,64.0,54,5.5,3,69,Synthetic/Demo,20.78,42.63
A472,18,51.6,1,4.4,33.0,7.07,186,62.0,53,5.6,3,70,Synthetic/Demo,13.31,37.96
A473,19,53.4,1,4.4,33.7,7.12,188,62.9,54,5.7,3,71,Synthetic/Demo,16.41,39.94
A474,19,50.5,1,4.8,31.5,7.16,182,62.5,54,5.7,3,72,Synthetic/Demo,25.1,41.66
A475,18,50.5,1,4.7,34.5,7.22,179,63.9,55,5.8,3,71,Synthetic/Demo,28.69,44.87
A476,29,85.0,8,13.2,64.7,9.74,265,105.7,80,8.8,6,116,Synthetic/Demo,81.38,83.95
A477,19,50.4,1,4.9,34.3,7.02,182,62.9,55,5.8,3,72,Synthetic/Demo,24.1,46.91
A478,29,84.0,8,13.6,64.0,9.91,263,105.8,80,9.0,6,114,Synthetic/Demo,84.82,80.38
A479,19,50.6,1,4.3,32.6,7.04,182,60.2,55,5.6,3,71,Synthetic/Demo,28.53,39.75
A480,30,81.2,8,13.3,61.4,9.7,267,103.1,81,8.6,6,115,Synthetic/Demo,82.17,90.00
A481,29,81.3,8,12.8,63.6,9.74,265,104.2,81,8.8,6,116,Synthetic/Demo,79.81,86.00
A482,29,82.6,8,13.6,61.8,9.85,267,104.3,80,8.9,6,111,Synthetic/Demo,78.55,90.00
A483,19,53.5,1,4.5,32.5,7.03,187,60.2,55,5.7,3,69,Synthetic/Demo,14.46,40.80
A484,19,50.7,1,4.1,34.1,7.28,180,63.5,55,5.8,3,69,Synthetic/Demo,23.2,44.28
A485,29,83.8,8,13.4,60.9,9.89,266,105.8,80,8.7,6,114,Synthetic/Demo,78.54,84.85
A486,19,51.9,1,4.2,34.1,7.22,179,64.8,56,5.7,3,73,Synthetic/Demo,18.28,40.94
A487,19,51.0,1,5.1,33.4,7.1,178,63.7,56,5.8,3,68,Synthetic/Demo,21.41,37.80
A488,29,83.1,8,13.1,61.7,9.66,274,101.5,82,8.6,6,116,Synthetic/Demo,73.85,86.62
A489,18,50.8,1,4.2,30.6,6.94,181,61.3,56,5.8,3,69,Synthetic/Demo,23.21,35.00
A490,29,82.8,8,13.7,61.1,9.96,265,105.5,82,8.9,6,116,Synthetic/Demo,84.49,89.07
A491,19,50.2,1,4.9,34.2,7.24,188,64.4,56,5.8,3,73,Synthetic/Demo,23.05,48.21
A492,19,54.1,1,5.0,30.8,7.1,182,62.6,54,5.7,3,73,Synthetic/Demo,25.07,42.82
A493,30,83.9,8,13.7,64.5,9.89,274,108.1,79,8.9,6,113,Synthetic/Demo,84.06,85.19
A494,29,82.4,8,13.6,61.0,9.9,272,104.3,80,8.9,6,116,Synthetic/Demo,77.82,87.69
A495,18,53.9,1,4.5,31.3,7.05,187,59.6,56,5.8,3,71,Synthetic/Demo,22.99,38.49
A496,29,82.4,8,12.7,62.4,9.93,272,105.4,80,8.6,6,115,Synthetic/Demo,81.32,89.66
A497,19,52.1,1,4.9,30.6,7.25,178,58.0,55,5.8,3,72,Synthetic/Demo,17.07,35.00
A498,19,51.5,1,5.1,32.4,7.05,178,61.3,55,5.7,3,69,Synthetic/Demo,21.1,39.03
A499,29,84.2,8,12.6,61.8,9.93,271,105.4,80,8.6,6,112,Synthetic/Demo,76.78,74.85
A500,29,82.6,8,12.7,61.9,9.85,264,103.1,79,8.6,6,115,Synthetic/Demo,75.08,76.86
A501,30,84.7,8,13.4,61.4,10.0,274,106.2,80,8.8,6,114,Synthetic/Demo,83.87,90.00
A502,19,52.7,1,4.3,30.8,6.96,187,58.8,56,5.7,3,69,Synthetic/Demo,22.77,43.66
A503,18,51.8,1,5.3,32.2,6.94,180,60.7,54,5.6,3,73,Synthetic/Demo,16.54,36.60
A504,30,85.3,8,12.8,62.0,9.7,265,103.8,80,8.7,6,111,Synthetic/Demo,80.8,77.07
A505,19,50.9,1,4.6,31.7,6.94,188,61.3,55,5.7,3,71,Synthetic/Demo,16.72,35.00
A506,18,51.5,1,4.3,32.3,7.06,189,60.4,54,5.6,3,70,Synthetic/Demo,17.22,36.85
A507,29,84.5,8,13.5,61.3,9.68,264,104.1,82,8.7,6,117,Synthetic/Demo,77.81,90.00
A508,19,52.6,1,4.8,34.4,7.05,187,63.2,55,5.5,3,69,Synthetic/Demo,19.1,43.59
A509,19,51.6,1,4.7,30.3,7.09,182,60.7,54,5.5,3,74,Synthetic/Demo,18.96,36.89
A510,29,82.2,8,13.5,61.9,9.86,270,107.6,80,8.9,6,113,Synthetic/Demo,79.43,87.94
A511,19,51.2,1,4.2,32.9,7.07,188,60.5,55,5.6,3,69,Synthetic/Demo,19.82,35.00
A512,19,50.8,1,5.0,34.5,7.04,188,63.6,53,5.5,3,71,Synthetic/Demo,22.01,39.97
A513,29,83.4,8,13.6,61.1,9.82,274,103.4,79,8.9,6,115,Synthetic/Demo,79.02,85.70
A514,30,81.7,8,13.7,64.6,9.92,266,106.0,80,8.7,6,114,Synthetic/Demo,81.08,85.70
A515,29,82.2,8,13.6,61.3,9.78,270,104.1,81,9.0,6,114,Synthetic/Demo,78.57,89.22
A516,29,83.2,8,12.9,63.9,9.91,275,103.5,79,8.8,6,113,Synthetic/Demo,82.74,87.04
A517,29,82.2,8,13.1,62.0,9.8,267,104.5,82,8.8,6,114,Synthetic/Demo,81.47,88.33
A518,29,81.9,8,13.0,62.2,9.71,264,104.4,79,8.7,6,116,Synthetic/Demo,76.83,81.09
A519,18,51.0,1,4.5,33.0,7.18,179,61.8,55,5.6,3,69,Synthetic/Demo,21.77,44.76
A520,19,52.3,1,4.3,31.6,7.22,187,60.7,55,5.6,3,73,Synthetic/Demo,21.35,48.63
A521,29,84.3,8,12.9,64.1,9.8,274,106.1,82,8.8,6,113,Synthetic/Demo,75.68,80.78
A522,19,52.9,1,4.1,32.2,6.99,178,60.5,54,5.8,3,69,Synthetic/Demo,21.05,35.03
A523,19,53.2,1,4.5,31.6,7.23,187,60.2,55,5.5,3,73,Synthetic/Demo,17.23,47.27
A524,18,53.6,1,5.0,31.7,7.09,180,61.2,55,5.6,3,72,Synthetic/Demo,22.44,39.54
A525,19,51.5,1,5.2,30.3,7.08,179,62.2,55,5.7,3,69,Synthetic/Demo,18.61,47.44
A526,19,50.3,1,4.8,31.5,7.09,184,63.1,56,5.7,3,70,Synthetic/Demo,15.15,38.53
A527,19,52.7,1,4.4,32.3,6.97,185,60.9,56,5.5,3,71,Synthetic/Demo,13.75,47.17
A528,30,84.4,8,12.8,63.2,9.99,270,105.3,79,8.7,6,116,Synthetic/Demo,81.16,86.28
A529,29,84.8,8,13.4,64.4,10.0,267,106.5,80,9.0,6,115,Synthetic/Demo,84.73,87.72
A530,18,53.2,1,4.6,32.6,7.22,183,61.9,55,5.9,3,70,Synthetic/Demo,18.89,49.05
A531,18,53.4,1,4.3,33.6,6.92,189,60.3,53,5.6,3,73,Synthetic/Demo,20.61,37.99
A532,19,51.3,1,5.0,30.8,7.17,181,61.5,55,5.6,3,69,Synthetic/Demo,15.73,35.72
A533,18,52.2,1,4.3,33.7,6.94,181,61.4,56,5.7,3,70,Synthetic/Demo,19.85,37.73
A534,19,52.7,1,4.5,34.3,7.27,186,61.7,53,5.5,3,69,Synthetic/Demo,18.34,43.54
A535,19,53.5,1,4.2,31.8,7.09,186,60.8,55,5.6,3,69,Synthetic/Demo,16.78,35.00
A536,19,53.3,1,4.9,31.5,7.2,178,60.9,54,5.6,3,70,Synthetic/Demo,21.41,43.79
A537,19,54.2,1,4.4,33.0,7.14,180,59.0,55,5.6,3,73,Synthetic/Demo,17.37,37.80
A538,19,50.0,1,4.4,33.0,7.26,182,62.1,56,5.6,3,70,Synthetic/Demo,20.17,46.65
A539,29,83.6,8,13.5,63.8,9.78,270,105.1,79,8.9,6,116,Synthetic/Demo,84.88,73.74
A540,19,51.1,1,5.1,34.2,7.01,180,62.8,54,5.7,3,68,Synthetic/Demo,21.22,37.32
A541,30,81.8,8,13.1,63.8,9.76,271,105.8,81,8.9,6,115,Synthetic/Demo,83.53,77.23
A542,18,53.9,1,4.3,33.5,7.1,179,60.5,54,5.8,3,71,Synthetic/Demo,17.51,36.24
A543,18,54.3,1,5.0,31.8,6.98,185,62.8,54,5.7,3,69,Synthetic/Demo,22.19,41.77
A544,30,85.0,8,12.6,61.1,9.93,265,103.9,79,8.7,6,111,Synthetic/Demo,83.76,83.74
A545,19,50.2,1,4.6,30.8,7.04,187,61.4,54,5.8,3,70,Synthetic/Demo,11.61,38.64
A546,19,51.2,1,4.8,31.5,6.94,185,59.7,54,5.5,3,72,Synthetic/Demo,16.1,38.68
A547,19,53.6,1,4.8,34.5,6.97,186,64.8,54,5.8,3,70,Synthetic/Demo,24.15,42.95
A548,19,51.3,1,4.2,33.1,7.1,186,61.0,54,5.5,3,71,Synthetic/Demo,18.87,35.00
A549,19,50.2,1,5.1,33.7,7.24,185,63.2,54,5.7,3,74,Synthetic/Demo,24.18,45.80
A550,19,50.2,1,4.7,34.3,7.14,178,63.6,56,5.9,3,73,Synthetic/Demo,21.41,45.33
A551,19,51.8,1,5.3,30.6,6.99,188,60.9,56,5.6,3,72,Synthetic/Demo,19.39,42.49
A552,29,82.1,8,13.4,63.8,9.74,271,105.7,82,8.7,6,112,Synthetic/Demo,80.76,88.21
A553,29,84.6,8,13.0,63.5,9.91,269,105.4,80,9.0,6,112,Synthetic/Demo,85.36,87.14
A554,30,83.7,8,13.0,63.3,9.84,271,103.0,81,8.8,6,114,Synthetic/Demo,80.75,90.00
A555,19,50.4,1,4.3,33.0,7.28,186,62.8,55,5.8,3,73,Synthetic/Demo,22.27,41.07
A556,19,52.1,1,5.0,32.1,7.25,182,62.9,56,5.5,3,69,Synthetic/Demo,20.74,39.83
A557,30,83.0,8,12.7,61.6,9.91,274,102.3,82,9.0,6,113,Synthetic/Demo,77.02,81.38
A558,19,51.2,1,5.1,32.5,7.26,188,61.4,55,5.7,3,70,Synthetic/Demo,20.4,36.56
A559,19,51.3,1,4.5,33.8,6.97,186,62.2,54,5.5,3,71,Synthetic/Demo,21.36,35.00
A560,29,84.9,8,13.8,63.7,9.78,268,106.4,80,8.7,6,111,Synthetic/Demo,81.57,81.32
A561,19,50.0,1,5.1,33.0,6.99,187,63.4,53,5.7,3,68,Synthetic/Demo,22.54,40.55
A562,29,83.3,8,13.1,62.3,9.72,271,105.1,79,8.8,6,112,Synthetic/Demo,86.12,86.52
A563,18,51.7,1,4.1,31.8,7.09,184,62.5,56,5.9,3,71,Synthetic/Demo,22.13,40.45
A564,18,51.3,1,4.9,31.1,7.1,181,60.7,55,5.8,3,73,Synthetic/Demo,19.23,36.46
A565,18,52.8,1,4.8,33.1,7.01,187,60.9,55,5.7,3,72,Synthetic/Demo,23.76,45.20
A566,18,53.6,1,4.2,30.6,7.2,184,58.8,54,5.6,3,71,Synthetic/Demo,16.91,42.92
A567,18,52.4,1,5.2,34.3,7.18,186,63.0,56,5.6,3,68,Synthetic/Demo,17.03,41.20
A568,29,85.2,8,13.2,63.1,9.86,268,106.2,79,8.8,6,117,Synthetic/Demo,78.6,82.39
A569,29,85.1,8,13.6,65.0,9.83,274,105.0,79,8.8,6,112,Synthetic/Demo,77.02,88.76
A570,19,52.0,1,5.2,31.4,7.11,186,60.3,54,5.8,3,69,Synthetic/Demo,19.59,41.79
A571,19,52.3,1,4.3,34.3,7.24,187,61.9,55,5.6,3,71,Synthetic/Demo,21.35,35.00
A572,30,85.3,8,12.7,61.4,9.67,268,103.0,80,8.7,6,112,Synthetic/Demo,82.85,84.03
A573,30,84.8,8,13.7,64.7,9.82,266,107.4,81,8.7,6,113,Synthetic/Demo,84.75,87.63
A574,30,82.8,8,13.6,64.6,9.73,267,106.1,81,8.8,6,114,Synthetic/Demo,82.03,81.47
A575,19,52.5,1,4.7,32.4,7.1,179,61.1,55,5.6,3,73,Synthetic/Demo,23.16,41.58
A576,29,84.9,8,12.8,60.9,9.82,264,104.0,81,8.8,6,116,Synthetic/Demo,72.36,77.44
A577,19,52.9,1,4.9,31.9,7.23,180,61.9,55,5.8,3,74,Synthetic/Demo,22.45,48.31
A578,19,51.0,1,4.5,31.4,7.2,189,58.1,56,5.7,3,69,Synthetic/Demo,20.83,46.32
A579,29,81.3,8,12.6,64.8,9.79,270,105.9,80,9.0,6,111,Synthetic/Demo,76.99,84.00
A580,18,54.1,1,4.6,30.7,6.93,187,60.6,53,5.5,3,72,Synthetic/Demo,21.17,40.91
A581,29,85.1,8,13.6,63.4,9.67,264,106.4,80,8.9,6,116,Synthetic/Demo,83.21,73.62
A582,29,82.6,8,13.4,62.0,9.87,267,103.8,81,8.7,6,114,Synthetic/Demo,79.34,79.34
A583,29,81.7,8,12.6,62.8,9.96,266,104.9,81,8.9,6,117,Synthetic/Demo,82.51,83.77
A584,19,54.2,1,5.0,32.7,7.19,187,63.7,56,5.9,3,72,Synthetic/Demo,29.01,37.26
A585,30,83.5,8,13.4,62.9,9.83,269,106.4,79,8.8,6,114,Synthetic/Demo,82.38,89.27
A586,30,82.4,8,13.5,64.4,9.85,264,105.8,82,8.8,6,113,Synthetic/Demo,83.89,90.00
A587,19,50.0,1,4.2,33.8,6.97,187,60.3,56,5.7,3,68,Synthetic/Demo,17.84,35.00
A588,29,85.2,8,13.7,61.1,9.65,271,102.5,81,9.0,6,117,Synthetic/Demo,76.45,81.02
A589,29,83.9,8,12.9,63.3,9.85,273,101.5,80,8.9,6,112,Synthetic/Demo,82.02,86.20
A590,19,51.6,1,4.7,30.5,7.01,185,60.2,56,5.7,3,68,Synthetic/Demo,15.94,47.71
A591,18,53.6,1,4.6,32.3,7.03,185,59.8,56,5.7,3,71,Synthetic/Demo,19.45,35.00
A592,30,83.4,8,13.4,62.2,9.92,270,106.0,80,8.9,6,116,Synthetic/Demo,80.14,87.17
A593,19,50.1,1,4.4,32.9,6.97,188,59.7,55,5.8,3,70,Synthetic/Demo,20.32,49.09
A594,29,83.1,8,13.5,62.7,9.79,275,104.8,81,8.7,6,116,Synthetic/Demo,81.18,77.24
A595,19,52.3,1,4.2,31.1,7.08,183,58.4,55,5.9,3,74,Synthetic/Demo,21.14,35.00
A596,19,51.5,1,4.6,31.4,7.11,189,61.6,56,5.8,3,71,Synthetic/Demo,17.83,38.67
A597,19,51.1,1,4.3,31.3,6.97,179,61.7,56,5.5,3,69,Synthetic/Demo,17.99,36.54
A598,30,82.4,8,12.9,62.7,9.89,265,105.6,80,8.7,6,117,Synthetic/Demo,77.94,89.39
A599,29,81.7,8,13.3,64.0,9.92,274,106.8,80,8.8,6,111,Synthetic/Demo,81.09,87.00
A600,19,51.4,1,4.2,32.9,7.25,188,62.7,53,5.8,3,70,Synthetic/Demo,22.09,35.00
A601,29,84.2,8,13.2,62.8,9.74,274,105.5,81,8.9,6,113,Synthetic/Demo,82.47,88.01
A602,18,53.8,1,4.9,33.5,7.23,178,63.0,53,5.6,3,73,Synthetic/Demo,20.42,38.60
A603,19,52.3,1,5.2,32.6,7.04,186,59.9,54,5.6,3,72,Synthetic/Demo,23.08,47.24
A604,19,53.3,1,4.9,31.2,7.1,185,61.3,55,5.6,3,70,Synthetic/Demo,23.98,37.44
A605,29,85.1,8,13.1,64.4,9.92,266,105.8,82,8.7,6,114,Synthetic/Demo,83.6,82.67
A606,19,52.9,1,4.8,32.8,7.05,189,62.4,56,5.6,3,72,Synthetic/Demo,25.81,44.00
A607,19,51.1,1,4.7,33.9,7.14,184,63.8,56,5.8,3,69,Synthetic/Demo,20.16,45.63
A608,29,84.4,8,13.5,63.9,9.96,270,106.8,79,8.9,6,116,Synthetic/Demo,79.58,88.51
A609,19,51.9,1,4.5,32.1,7.23,182,59.4,55,5.7,3,71,Synthetic/Demo,14.85,35.00
A610,18,50.2,1,4.9,33.0,7.12,189,60.7,55,5.6,3,74,Synthetic/Demo,24.79,43.53
A611,18,51.1,1,5.2,31.6,6.99,181,61.5,54,5.6,3,69,Synthetic/Demo,22.74,35.00
A612,18,53.3,1,5.0,33.0,7.28,187,63.7,54,5.8,3,69,Synthetic/Demo,22.83,43.25
A613,29,82.3,8,13.6,63.8,9.67,270,104.7,80,9.0,6,114,Synthetic/Demo,82.39,78.42
A614,29,83.6,8,12.8,64.6,9.73,273,104.5,81,8.8,6,112,Synthetic/Demo,76.85,87.46
A615,19,53.0,1,5.3,31.6,7.27,185,63.4,55,5.8,3,68,Synthetic/Demo,30.07,38.09
A616,30,82.7,8,13.3,61.1,9.97,266,104.3,81,8.7,6,116,Synthetic/Demo,80.89,78.94
A617,19,52.7,1,5.1,34.1,6.94,182,64.2,56,5.5,3,68,Synthetic/Demo,22.64,44.93
A618,18,51.0,1,4.1,30.9,6.92,180,59.6,53,5.7,3,73,Synthetic/Demo,19.73,39.47
A619,30,84.2,8,13.2,62.8,9.81,269,104.4,80,9.0,6,112,Synthetic/Demo,82.45,82.46
A620,30,82.7,8,13.5,63.3,9.69,264,104.0,79,8.8,6,113,Synthetic/Demo,82.09,90.00
A621,18,50.2,1,5.0,31.3,7.17,183,60.6,56,5.9,3,73,Synthetic/Demo,18.31,38.65
A622,18,52.6,1,4.2,32.0,7.18,184,60.4,54,5.7,3,69,Synthetic/Demo,21.03,39.94
A623,18,51.0,1,4.1,32.0,7.14,182,62.9,53,5.6,3,69,Synthetic/Demo,25.78,40.83
A624,18,53.9,1,4.3,31.2,7.02,183,62.7,53,5.8,3,71,Synthetic/Demo,23.49,36.69
A625,19,52.0,1,4.5,32.0,6.97,185,60.4,54,5.6,3,74,Synthetic/Demo,23.42,42.23
A626,29,84.8,8,12.6,62.7,9.82,269,105.3,79,8.7,6,114,Synthetic/Demo,78.19,82.19
A627,29,84.6,8,13.7,64.1,9.82,269,106.8,81,8.8,6,114,Synthetic/Demo,80.04,84.08
A628,29,82.0,8,12.6,61.6,9.93,264,103.3,80,8.6,6,112,Synthetic/Demo,79.0,90.00
A629,19,51.3,1,4.4,31.5,6.97,181,59.5,55,5.6,3,70,Synthetic/Demo,18.58,35.00
A630,29,81.3,8,12.8,62.1,9.95,274,104.5,79,8.8,6,117,Synthetic/Demo,82.87,73.03
A631,29,85.1,8,13.4,61.4,9.66,267,102.3,79,8.8,6,112,Synthetic/Demo,74.09,90.00
A632,30,82.5,8,13.2,63.6,9.97,270,108.1,81,8.9,6,116,Synthetic/Demo,87.44,90.00
A633,19,51.5,1,4.7,32.6,7.05,185,61.9,55,5.7,3,71,Synthetic/Demo,19.95,38.75
A634,29,82.4,8,13.7,61.8,9.83,274,105.7,79,9.0,6,112,Synthetic/Demo,80.1,75.87
A635,19,50.2,1,5.2,33.5,7.18,183,63.3,54,5.8,3,72,Synthetic/Demo,20.28,40.56
A636,18,53.1,1,4.7,33.6,7.24,186,64.3,56,5.7,3,71,Synthetic/Demo,17.52,40.62
A637,30,84.8,8,13.5,64.6,9.74,268,107.3,81,8.7,6,115,Synthetic/Demo,85.08,85.18
A638,18,51.2,1,4.6,30.6,7.13,184,60.9,56,5.6,3,68,Synthetic/Demo,19.36,35.00
A639,19,51.3,1,4.3,32.6,7.17,185,59.8,54,5.6,3,68,Synthetic/Demo,15.86,42.84
A640,19,54.1,1,4.9,32.3,7.09,187,60.6,56,5.8,3,73,Synthetic/Demo,16.27,44.11
A641,29,82.9,8,13.5,63.8,9.64,264,106.0,79,8.6,6,115,Synthetic/Demo,80.69,77.63
A642,29,82.4,8,13.1,62.4,9.95,275,105.7,82,8.9,6,116,Synthetic/Demo,85.52,89.26
A643,19,53.5,1,4.4,31.6,7.04,189,61.1,56,5.6,3,72,Synthetic/Demo,17.51,50.59
A644,29,83.3,8,13.6,60.9,9.99,270,105.3,79,8.9,6,116,Synthetic/Demo,76.86,86.48
A645,30,81.8,8,12.7,63.0,9.94,270,105.7,79,8.8,6,116,Synthetic/Demo,79.99,83.71
A646,29,83.3,8,13.4,62.2,9.84,268,105.1,80,8.7,6,115,Synthetic/Demo,80.07,84.55
A647,29,82.2,8,12.9,61.8,9.72,268,104.0,79,8.9,6,115,Synthetic/Demo,71.1,87.68
A648,19,53.6,1,4.7,34.3,7.26,185,65.0,55,5.9,3,73,Synthetic/Demo,23.42,35.00
A649,30,84.2,8,13.4,63.6,9.88,265,105.9,79,8.8,6,116,Synthetic/Demo,81.97,86.73
A650,19,52.9,1,4.9,31.2,6.92,179,62.4,56,5.9,3,71,Synthetic/Demo,22.37,38.63
A651,29,82.6,8,13.5,64.8,9.9,268,104.5,81,8.6,6,111,Synthetic/Demo,88.28,90.00
A652,29,82.8,8,12.8,62.3,9.94,266,104.2,81,8.7,6,111,Synthetic/Demo,83.77,83.98
A653,30,83.1,8,12.7,64.7,10.0,267,105.4,80,8.7,6,117,Synthetic/Demo,81.18,90.00
A654,29,83.9,8,12.7,63.3,9.82,270,105.3,79,9.0,6,112,Synthetic/Demo,77.38,79.66
A655,19,50.1,1,5.3,33.7,6.93,178,62.2,56,5.7,3,71,Synthetic/Demo,30.05,44.11
A656,19,52.9,1,5.0,33.1,7.05,186,61.7,53,5.6,3,73,Synthetic/Demo,21.21,42.76
A657,29,84.8,8,13.0,64.3,9.94,270,104.7,79,8.6,6,114,Synthetic/Demo,81.62,81.15
A658,19,53.0,1,4.2,33.9,7.06,186,62.5,55,5.9,3,71,Synthetic/Demo,20.63,42.15
A659,30,81.1,8,13.4,60.8,9.76,273,103.7,81,8.8,6,112,Synthetic/Demo,79.52,90.00
A660,29,83.3,8,12.6,62.1,9.73,274,103.9,79,8.9,6,117,Synthetic/Demo,77.69,83.10
A661,19,53.3,1,4.6,31.2,7.1,183,60.4,56,5.8,3,70,Synthetic/Demo,17.77,35.00
A662,18,50.3,1,4.4,34.1,7.18,187,62.9,56,5.9,3,73,Synthetic/Demo,19.96,41.54
A663,18,53.6,1,5.2,31.4,7.24,186,61.4,56,5.9,3,70,Synthetic/Demo,21.43,37.18
A664,19,51.1,1,4.9,32.2,7.2,189,62.2,56,5.6,3,70,Synthetic/Demo,19.14,39.63
A665,19,53.0,1,4.8,34.2,7.17,188,64.6,54,5.5,3,68,Synthetic/Demo,20.47,41.45
A666,19,54.0,1,5.3,30.8,7.17,184,61.6,54,5.6,3,73,Synthetic/Demo,21.18,35.00
A667,29,83.0,8,13.6,63.0,9.75,270,104.7,81,8.9,6,111,Synthetic/Demo,80.61,77.36
A668,30,82.4,8,12.6,63.7,9.65,265,104.1,81,8.9,6,112,Synthetic/Demo,84.28,87.21
A669,18,52.0,1,4.2,30.4,6.99,178,60.0,55,5.9,3,74,Synthetic/Demo,10.21,36.46
A670,30,81.1,8,13.7,63.0,9.82,266,106.4,81,9.0,6,115,Synthetic/Demo,86.04,73.19
A671,29,82.9,8,12.9,64.8,9.9,272,105.6,82,8.9,6,115,Synthetic/Demo,85.43,89.85
A672,19,53.2,1,5.3,33.6,6.96,187,62.4,56,5.6,3,73,Synthetic/Demo,15.08,43.19
A673,19,53.9,1,4.4,31.9,7.13,182,62.1,55,5.8,3,71,Synthetic/Demo,19.32,37.25
A674,19,53.7,1,4.4,33.7,6.98,187,61.4,54,5.9,3,68,Synthetic/Demo,19.25,35.00
A675,19,52.2,1,4.5,33.5,7.25,187,62.7,54,5.7,3,72,Synthetic/Demo,17.42,45.86
A676,29,81.7,8,13.7,64.7,9.88,272,106.5,81,8.9,6,113,Synthetic/Demo,81.12,88.00
A677,18,53.4,1,4.5,34.2,7.11,180,62.7,56,5.8,3,70,Synthetic/Demo,18.85,53.22
A678,19,52.1,1,4.8,30.7,7.08,184,61.1,54,5.6,3,73,Synthetic/Demo,24.56,42.25
A679,29,81.1,8,13.5,65.0,9.71,270,106.4,81,9.0,6,113,Synthetic/Demo,85.57,87.82
A680,19,51.9,1,5.2,33.1,7.21,181,63.0,54,5.7,3,74,Synthetic/Demo,26.91,41.28
A681,19,53.6,1,4.2,31.6,7.05,188,61.0,56,5.9,3,73,Synthetic/Demo,20.58,44.69
A682,18,52.6,1,4.4,32.6,7.0,187,60.8,56,5.9,3,74,Synthetic/Demo,15.75,43.69
A683,19,53.1,1,4.4,33.0,7.28,179,62.3,55,5.8,3,69,Synthetic/Demo,20.64,47.62
A684,19,50.8,1,4.5,33.4,7.16,181,63.1,56,5.8,3,70,Synthetic/Demo,23.42,38.73
A685,29,83.9,8,12.6,62.3,9.68,271,103.7,81,8.9,6,111,Synthetic/Demo,74.71,82.36
A686,29,81.6,8,13.4,64.7,9.88,275,106.4,80,8.8,6,116,Synthetic/Demo,84.5,83.67
A687,30,83.9,8,12.8,63.1,9.85,266,104.8,79,8.8,6,116,Synthetic/Demo,79.96,89.24
A688,19,50.1,1,4.6,31.5,7.06,185,60.8,54,5.6,3,73,Synthetic/Demo,18.01,47.40
A689,30,83.3,8,13.6,61.1,9.86,275,103.8,82,8.8,6,111,Synthetic/Demo,81.88,83.17
A690,29,81.9,8,12.9,62.8,9.84,264,104.0,79,8.6,6,113,Synthetic/Demo,81.8,82.46
A691,19,54.2,1,5.0,32.1,7.19,180,65.3,54,5.7,3,72,Synthetic/Demo,21.84,43.57
A692,30,83.2,8,13.2,61.1,9.76,268,104.2,80,8.7,6,116,Synthetic/Demo,82.62,83.68
A693,29,83.3,8,13.7,63.6,9.7,272,105.1,79,8.8,6,111,Synthetic/Demo,78.38,90.00
A694,19,51.6,1,4.8,31.2,7.14,185,61.7,55,5.8,3,71,Synthetic/Demo,22.12,35.00
A695,19,50.1,1,5.1,30.5,7.12,183,59.5,54,5.5,3,73,Synthetic/Demo,21.18,35.75
A696,19,50.8,1,4.5,33.3,7.24,188,61.8,56,5.8,3,69,Synthetic/Demo,20.29,37.58
A697,19,53.2,1,4.3,33.9,7.21,187,63.7,54,5.7,3,71,Synthetic/Demo,22.65,35.00
A698,19,54.0,1,5.1,33.2,7.25,188,65.2,54,5.7,3,73,Synthetic/Demo,19.4,38.07
A699,18,50.4,1,4.6,33.0,7.08,181,61.5,53,5.7,3,68,Synthetic/Demo,24.01,35.33
A700,30,84.1,8,13.1,62.2,9.81,274,104.5,81,8.8,6,116,Synthetic/Demo,78.85,84.47
A701,29,81.9,8,13.4,63.5,9.75,267,104.7,80,8.8,6,114,Synthetic/Demo,79.85,90.00
A702,29,84.4,8,13.2,61.3,9.79,274,104.5,81,8.8,6,114,Synthetic/Demo,82.19,83.88
A703,30,81.6,8,13.6,61.0,9.85,266,102.9,80,8.8,6,114,Synthetic/Demo,78.2,79.91
A704,29,83.0,8,13.4,64.7,9.9,271,106.7,82,8.9,6,115,Synthetic/Demo,78.75,86.03
A705,19,50.3,1,5.2,30.8,7.12,187,59.9,56,5.6,3,68,Synthetic/Demo,15.03,45.58
A706,29,82.2,8,13.3,62.0,9.73,265,104.1,80,9.0,6,115,Synthetic/Demo,82.31,80.13
A707,29,84.6,8,12.7,63.5,9.87,270,104.4,80,8.6,6,113,Synthetic/Demo,76.24,80.46
A708,29,83.8,8,13.3,63.3,9.85,264,105.6,79,8.7,6,116,Synthetic/Demo,87.28,88.20
A709,29,82.7,8,13.1,63.9,9.9,274,106.8,81,8.7,6,117,Synthetic/Demo,75.12,84.75
A710,19,53.8,1,4.5,32.8,6.96,186,61.8,55,5.5,3,71,Synthetic/Demo,24.41,43.55
A711,19,53.0,1,4.2,34.5,7.07,188,62.3,55,5.7,3,70,Synthetic/Demo,21.25,41.09
A712,19,53.7,1,4.6,32.9,7.24,189,62.4,54,5.9,3,70,Synthetic/Demo,21.21,45.41
A713,19,51.6,1,4.2,33.5,6.96,179,61.8,54,5.5,3,74,Synthetic/Demo,18.21,35.00
A714,29,84.0,8,13.7,63.7,9.7,272,106.3,81,9.0,6,117,Synthetic/Demo,83.05,86.03
A715,30,85.0,8,13.1,64.7,9.77,265,106.3,81,8.9,6,116,Synthetic/Demo,82.22,84.97
A716,19,50.1,1,4.9,30.3,7.03,188,61.6,56,5.6,3,73,Synthetic/Demo,21.88,35.00
A717,18,53.1,1,5.1,30.4,7.07,183,60.1,54,5.8,3,72,Synthetic/Demo,20.1,35.00
A718,29,84.9,8,13.5,64.6,9.78,273,105.9,82,9.0,6,113,Synthetic/Demo,82.77,89.66
A719,19,51.3,1,4.6,32.3,7.05,180,61.5,54,5.5,3,69,Synthetic/Demo,19.26,38.08
A720,19,52.6,1,4.1,32.7,7.21,180,61.4,56,5.7,3,70,Synthetic/Demo,20.32,35.48
A721,19,51.9,1,5.2,34.0,7.27,189,63.9,55,5.8,3,69,Synthetic/Demo,24.61,42.44
A722,19,54.2,1,4.2,33.5,7.26,189,62.5,55,5.6,3,72,Synthetic/Demo,15.51,47.22
A723,30,83.7,8,13.6,62.5,9.91,269,104.4,79,8.7,6,115,Synthetic/Demo,77.5,74.26
A724,19,52.6,1,4.2,33.4,7.04,181,59.5,55,5.7,3,71,Synthetic/Demo,21.86,35.00
A725,18,51.3,1,4.4,32.6,7.07,180,62.1,53,5.6,3,72,Synthetic/Demo,21.04,35.18
A726,19,54.3,1,4.3,33.6,7.03,187,60.9,54,5.6,3,72,Synthetic/Demo,19.03,47.91
A727,19,51.9,1,4.8,32.0,7.07,185,60.3,54,5.8,3,73,Synthetic/Demo,20.04,42.11
A728,30,82.2,8,13.6,64.8,9.92,270,106.7,82,8.9,6,112,Synthetic/Demo,84.8,90.00
A729,19,50.5,1,4.9,32.9,6.93,181,63.6,55,5.9,3,69,Synthetic/Demo,20.08,35.24
A730,29,82.7,8,13.8,64.4,9.92,268,108.5,79,8.7,6,114,Synthetic/Demo,82.17,80.66
A731,29,84.4,8,13.1,63.7,9.66,268,104.6,80,8.9,6,115,Synthetic/Demo,81.1,87.46
A732,30,83.1,8,13.7,64.9,9.72,264,105.4,79,8.6,6,112,Synthetic/Demo,80.15,85.90
A733,29,81.9,8,13.3,62.6,9.81,263,106.0,81,8.9,6,111,Synthetic/Demo,83.22,87.97
A734,29,81.5,8,13.2,64.6,9.64,266,107.4,82,8.9,6,113,Synthetic/Demo,77.01,84.58
A735,29,83.1,8,13.0,63.2,9.86,269,106.5,81,8.6,6,112,Synthetic/Demo,84.19,86.63
A736,29,84.4,8,13.6,62.8,9.87,274,105.3,80,8.8,6,112,Synthetic/Demo,82.92,86.51
A737,29,83.8,8,13.6,62.1,9.89,275,105.2,82,8.7,6,117,Synthetic/Demo,81.24,89.70
A738,19,53.6,1,4.1,33.3,7.17,183,62.3,56,5.6,3,73,Synthetic/Demo,23.27,45.06
A739,19,52.7,1,4.4,30.7,7.03,178,60.5,55,5.9,3,73,Synthetic/Demo,24.1,35.00
A740,18,52.1,1,4.6,31.7,6.98,179,60.4,53,5.6,3,68,Synthetic/Demo,22.75,35.00
A741,29,81.8,8,13.5,63.8,9.91,273,104.9,80,8.6,6,113,Synthetic/Demo,76.24,90.00
A742,29,83.3,8,13.8,64.3,9.86,270,107.6,79,8.9,6,114,Synthetic/Demo,80.12,90.00
A743,18,51.3,1,5.2,33.0,7.13,184,63.2,54,5.7,3,72,Synthetic/Demo,20.62,36.38
A744,18,53.4,1,4.8,32.5,7.01,188,62.0,54,5.6,3,70,Synthetic/Demo,20.14,35.00
A745,19,50.4,1,5.0,33.3,7.25,186,62.8,53,5.5,3,73,Synthetic/Demo,23.87,42.10
A746,19,53.5,1,4.4,32.6,7.04,180,61.0,53,5.6,3,70,Synthetic/Demo,17.97,44.59
A747,19,52.9,1,4.9,32.6,7.25,178,61.2,55,5.6,3,71,Synthetic/Demo,22.69,50.26
A748,19,50.4,1,4.9,32.4,7.01,189,59.8,54,5.6,3,71,Synthetic/Demo,17.1,42.80
A749,30,82.5,8,12.7,63.5,9.78,265,105.7,79,8.7,6,115,Synthetic/Demo,78.84,83.18
A750,18,52.5,1,4.7,32.2,6.96,184,63.1,54,5.7,3,70,Synthetic/Demo,16.12,35.71
A751,18,52.6,1,4.9,30.8,7.2,189,61.1,55,5.7,3,70,Synthetic/Demo,17.05,40.68
A752,18,51.3,1,4.3,33.8,6.98,182,61.9,56,5.5,3,70,Synthetic/Demo,16.01,38.36
A753,29,82.5,8,12.8,61.7,9.71,268,102.6,79,8.7,6,114,Synthetic/Demo,75.31,79.10
A754,19,53.3,1,5.1,33.5,7.08,186,61.7,56,5.5,3,70,Synthetic/Demo,24.52,51.74
A755,19,51.1,1,4.8,32.8,6.94,186,60.9,56,5.9,3,70,Synthetic/Demo,17.19,49.69
A756,29,82.9,8,13.5,61.5,9.93,267,106.2,80,8.8,6,117,Synthetic/Demo,89.46,90.00
A757,18,53.0,1,4.5,32.3,7.2,178,64.0,56,5.8,3,70,Synthetic/Demo,23.54,36.49
A758,19,50.3,1,4.7,31.3,6.94,188,59.1,54,5.6,3,72,Synthetic/Demo,18.39,43.63
A759,29,81.7,8,12.7,63.6,9.78,267,105.3,81,8.9,6,116,Synthetic/Demo,77.9,88.35
A760,30,81.3,8,12.7,63.4,9.82,264,106.1,81,8.9,6,113,Synthetic/Demo,83.35,87.47
A761,19,52.9,1,5.1,30.9,7.02,185,60.7,54,5.8,3,71,Synthetic/Demo,18.12,46.81
A762,30,84.9,8,13.4,61.3,9.76,264,104.3,82,9.0,6,114,Synthetic/Demo,80.8,88.60
A763,30,83.0,8,12.9,61.7,9.77,272,102.6,80,8.9,6,112,Synthetic/Demo,86.28,88.49
A764,18,51.4,1,5.1,32.2,7.09,187,63.2,54,5.8,3,73,Synthetic/Demo,21.13,44.49
A765,19,53.5,1,4.9,32.8,7.1,187,62.9,54,5.8,3,74,Synthetic/Demo,24.77,43.55
A766,19,50.6,1,5.1,33.8,6.94,187,61.1,55,5.9,3,73,Synthetic/Demo,18.97,35.00
A767,30,84.7,8,13.2,61.6,9.93,272,104.0,79,8.8,6,117,Synthetic/Demo,79.87,85.93
A768,30,82.7,8,13.0,61.7,9.79,265,103.4,81,8.9,6,115,Synthetic/Demo,84.92,82.21
A769,29,82.6,8,13.6,63.8,9.99,275,107.7,79,8.7,6,115,Synthetic/Demo,81.22,79.83
A770,30,83.3,8,13.7,64.6,9.69,273,106.2,81,8.9,6,116,Synthetic/Demo,87.56,90.00
A771,19,51.4,1,5.1,30.5,6.91,183,60.2,54,5.7,3,68,Synthetic/Demo,21.26,48.13
A772,19,53.9,1,4.5,30.9,6.98,181,61.2,55,5.5,3,71,Synthetic/Demo,16.91,46.34
A773,19,50.4,1,5.3,33.0,7.09,178,61.5,55,5.7,3,72,Synthetic/Demo,24.4,42.60
A774,30,84.0,8,13.8,64.3,9.99,275,105.2,81,8.7,6,114,Synthetic/Demo,85.81,90.00
A775,29,83.5,8,13.0,62.6,9.87,269,106.1,81,8.9,6,113,Synthetic/Demo,82.91,85.49
A776,30,84.0,8,12.8,60.8,9.63,265,102.2,80,8.7,6,111,Synthetic/Demo,72.85,85.01
A777,30,84.6,8,13.2,63.7,9.84,267,104.9,79,8.8,6,115,Synthetic/Demo,79.52,80.20
A778,30,81.1,8,13.1,64.2,9.92,268,105.6,81,8.9,6,114,Synthetic/Demo,81.6,87.87
A779,30,82.4,8,13.6,64.6,9.65,267,108.0,79,8.9,6,113,Synthetic/Demo,83.01,86.22
A780,30,85.1,8,13.7,63.2,9.84,264,107.1,79,8.9,6,113,Synthetic/Demo,85.39,79.57
A781,29,85.1,8,12.7,61.3,9.77,264,101.7,79,8.6,6,113,Synthetic/Demo,78.69,83.77
A782,30,81.0,8,13.6,62.4,9.85,263,105.6,79,8.9,6,114,Synthetic/Demo,78.51,85.12
A783,29,81.9,8,13.7,64.1,9.72,271,105.2,79,8.7,6,115,Synthetic/Demo,82.95,90.00
A784,19,51.1,1,5.2,34.2,7.02,185,64.7,53,5.9,3,69,Synthetic/Demo,25.39,46.56
A785,29,83.1,8,13.5,63.7,9.88,264,105.1,80,9.0,6,112,Synthetic/Demo,84.85,85.80
A786,19,52.2,1,4.9,33.1,6.96,181,62.6,55,5.7,3,68,Synthetic/Demo,24.67,42.00
A787,29,81.7,8,12.6,61.1,9.97,267,103.1,81,8.7,6,114,Synthetic/Demo,81.36,84.73
A788,29,84.8,8,13.7,63.7,9.97,269,106.5,80,8.7,6,116,Synthetic/Demo,84.62,85.22
A789,29,82.0,8,13.0,62.0,9.65,268,103.7,82,8.9,6,115,Synthetic/Demo,78.59,79.30
A790,30,81.8,8,12.6,62.4,9.74,273,104.4,82,8.7,6,114,Synthetic/Demo,73.23,84.06
A791,19,52.0,1,5.3,34.0,7.18,188,62.9,55,5.6,3,69,Synthetic/Demo,24.24,38.55
A792,29,85.0,8,13.5,61.3,9.65,266,102.6,80,8.7,6,117,Synthetic/Demo,79.58,78.46
A793,30,84.0,8,13.1,64.3,9.82,265,106.3,79,8.8,6,117,Synthetic/Demo,83.13,88.37
A794,19,52.4,1,4.7,33.3,7.23,188,61.6,56,5.7,3,70,Synthetic/Demo,17.45,43.67
A795,29,82.6,8,13.2,63.9,9.88,269,106.1,80,8.6,6,116,Synthetic/Demo,78.51,76.61
A796,29,84.9,8,13.0,62.0,9.63,267,103.3,81,9.0,6,113,Synthetic/Demo,82.18,84.14
A797,30,84.4,8,12.8,61.9,9.64,264,102.4,81,8.7,6,115,Synthetic/Demo,78.03,89.43
A798,18,54.0,1,5.1,33.0,7.04,183,61.4,55,5.6,3,72,Synthetic/Demo,23.25,46.31
A799,18,52.9,1,4.3,31.6,6.92,180,61.0,55,5.5,3,69,Synthetic/Demo,18.6,43.91
A800,19,51.1,1,4.9,33.7,7.18,181,63.1,54,5.6,3,74,Synthetic/Demo,22.74,41.88
A801,30,83.6,8,12.7,60.8,9.78,269,101.8,79,8.8,6,115,Synthetic/Demo,80.42,80.16
A802,30,84.9,8,13.7,64.9,9.65,270,106.1,80,8.9,6,113,Synthetic/Demo,81.08,80.70
A803,18,51.7,1,4.6,32.1,7.23,187,61.0,53,5.8,3,70,Synthetic/Demo,20.99,42.30
A804,29,83.4,8,13.4,62.5,9.81,271,104.8,82,9.0,6,113,Synthetic/Demo,79.5,87.50
A805,18,50.7,1,5.3,34.1,7.19,184,64.4,53,5.6,3,68,Synthetic/Demo,22.84,48.20
A806,29,83.8,8,12.9,64.6,9.91,264,105.9,82,8.6,6,117,Synthetic/Demo,81.07,90.00
A807,19,52.3,1,5.2,33.6,6.96,185,62.3,54,5.8,3,73,Synthetic/Demo,22.42,40.98
A808,30,81.8,8,13.4,62.2,9.68,270,103.0,81,8.7,6,112,Synthetic/Demo,77.9,78.63
A809,19,51.8,1,5.3,33.0,7.11,188,62.8,56,5.5,3,71,Synthetic/Demo,25.41,40.19
A810,19,54.2,1,4.1,34.4,7.22,189,61.6,56,5.7,3,72,Synthetic/Demo,17.91,42.82
A811,19,53.4,1,4.7,32.5,7.1,183,61.3,55,5.5,3,74,Synthetic/Demo,19.63,39.81
A812,19,52.5,1,4.4,30.9,7.22,182,60.9,55,5.8,3,72,Synthetic/Demo,18.45,37.61
A813,19,50.5,1,5.1,31.0,7.11,184,61.8,54,5.7,3,70,Synthetic/Demo,25.03,41.83
A814,19,51.8,1,4.4,33.4,7.08,189,63.3,53,5.7,3,72,Synthetic/Demo,21.22,38.52
A815,30,82.7,8,13.5,64.8,9.82,268,105.7,82,8.6,6,112,Synthetic/Demo,85.66,82.76
A816,19,50.3,1,4.6,33.1,6.97,187,61.0,54,5.8,3,69,Synthetic/Demo,15.55,41.86
A817,30,81.8,8,13.1,61.5,9.92,265,102.4,79,8.8,6,111,Synthetic/Demo,81.03,82.74
A818,19,53.8,1,4.4,34.4,7.11,188,62.7,56,5.5,3,71,Synthetic/Demo,23.48,42.69
A819,18,52.9,1,4.9,31.0,7.27,184,60.5,53,5.7,3,74,Synthetic/Demo,20.83,42.08
A820,30,82.4,8,13.0,63.2,9.73,264,105.6,79,8.8,6,116,Synthetic/Demo,84.17,79.47
A821,19,52.5,1,4.4,33.1,7.07,186,61.9,55,5.5,3,71,Synthetic/Demo,18.33,38.11
A822,18,54.1,1,4.3,33.7,6.97,188,60.4,54,5.8,3,69,Synthetic/Demo,23.76,47.38
A823,30,83.3,8,12.7,61.2,9.79,268,103.0,79,8.7,6,114,Synthetic/Demo,85.16,78.62
A824,30,84.0,8,13.5,61.8,9.99,265,105.2,82,8.8,6,117,Synthetic/Demo,80.68,75.39
A825,30,82.5,8,13.3,63.0,9.71,264,106.1,80,8.9,6,115,Synthetic/Demo,80.22,76.13
A826,29,84.2,8,13.6,64.9,9.93,273,107.4,79,8.8,6,111,Synthetic/Demo,88.3,86.45
A827,19,50.6,1,4.2,32.8,7.17,185,60.8,54,5.7,3,70,Synthetic/Demo,24.75,40.40
A828,19,51.5,1,4.9,33.1,6.92,185,63.6,54,5.7,3,68,Synthetic/Demo,19.64,40.15
A829,19,54.2,1,4.8,32.4,7.06,184,60.6,56,5.6,3,72,Synthetic/Demo,18.7,46.97
A830,29,82.3,8,12.9,64.2,9.98,265,107.7,80,8.7,6,116,Synthetic/Demo,82.06,72.38
A831,30,83.7,8,13.1,62.5,9.71,269,104.0,82,8.7,6,116,Synthetic/Demo,75.2,87.14
A832,19,52.0,1,4.3,30.3,7.01,181,58.4,54,5.6,3,73,Synthetic/Demo,14.55,46.56
A833,19,53.0,1,4.3,31.4,7.21,182,60.2,56,5.9,3,72,Synthetic/Demo,16.67,35.07
A834,19,54.3,1,4.5,34.3,7.02,185,63.0,54,5.9,3,71,Synthetic/Demo,19.34,39.76
A835,30,81.3,8,13.4,61.9,9.81,271,105.6,80,8.6,6,114,Synthetic/Demo,80.21,81.42
A836,29,83.5,8,13.2,62.5,9.79,272,103.5,80,8.7,6,112,Synthetic/Demo,80.42,80.46
A837,18,53.8,1,4.8,30.6,6.96,178,60.0,55,5.8,3,72,Synthetic/Demo,23.85,37.97
A838,29,82.6,8,13.1,63.2,9.94,270,104.3,79,8.9,6,115,Synthetic/Demo,78.36,90.00
A839,30,83.8,8,13.6,63.0,9.91,269,105.1,80,8.9,6,112,Synthetic/Demo,85.37,90.00
A840,19,54.1,1,4.8,30.7,6.92,188,59.3,56,5.6,3,70,Synthetic/Demo,16.91,38.04
A841,19,52.1,1,4.5,32.6,7.17,178,61.5,54,5.6,3,69,Synthetic/Demo,21.13,49.88
A842,29,84.4,8,13.3,62.2,9.96,269,105.2,79,8.8,6,113,Synthetic/Demo,83.57,85.64
A843,29,84.7,8,13.2,63.9,9.72,269,104.4,79,8.8,6,115,Synthetic/Demo,77.52,90.00
A844,19,50.0,1,4.8,30.3,7.17,187,60.7,54,5.9,3,70,Synthetic/Demo,20.8,39.90
A845,19,54.0,1,5.0,31.5,7.01,189,62.7,54,5.8,3,74,Synthetic/Demo,20.51,42.00
A846,19,51.6,1,5.1,33.2,6.98,180,61.2,56,5.7,3,72,Synthetic/Demo,22.82,42.90
A847,30,81.1,8,13.0,63.5,9.64,273,104.9,81,8.7,6,115,Synthetic/Demo,80.18,90.00
A848,29,84.0,8,13.1,63.8,9.93,266,104.6,80,8.9,6,114,Synthetic/Demo,89.5,89.89
A849,18,51.6,1,4.8,31.0,7.22,188,61.0,53,5.5,3,71,Synthetic/Demo,17.85,36.52
A850,29,82.2,8,13.1,64.0,9.64,272,105.1,79,8.7,6,115,Synthetic/Demo,78.54,89.84
A851,19,53.4,1,4.4,31.1,7.08,189,60.3,55,5.8,3,73,Synthetic/Demo,16.39,38.59
A852,19,54.0,1,4.8,33.0,7.04,186,62.7,53,5.8,3,73,Synthetic/Demo,19.48,39.00
A853,29,85.3,8,13.3,60.9,9.89,264,103.1,81,8.7,6,113,Synthetic/Demo,78.08,89.44
A854,19,53.0,1,4.9,30.9,7.15,179,61.4,55,5.9,3,72,Synthetic/Demo,24.51,41.15
A855,18,52.2,1,4.4,31.7,7.21,184,60.3,56,5.7,3,69,Synthetic/Demo,24.0,41.52
A856,30,81.3,8,13.5,61.1,9.89,268,104.5,79,8.9,6,114,Synthetic/Demo,79.18,85.36
A857,30,84.9,8,13.7,63.5,9.97,264,107.6,80,8.7,6,111,Synthetic/Demo,81.73,87.91
A858,30,84.4,8,13.6,64.8,9.93,273,108.2,79,8.9,6,113,Synthetic/Demo,85.57,88.83
A859,19,51.4,1,5.2,32.3,7.09,189,62.9,54,5.6,3,73,Synthetic/Demo,19.42,35.00
A860,19,51.1,1,4.7,30.5,7.11,182,60.9,56,5.7,3,71,Synthetic/Demo,21.26,43.44
A861,18,52.5,1,4.7,31.7,7.21,183,62.0,54,5.7,3,69,Synthetic/Demo,21.69,35.61
A862,18,54.1,1,4.6,30.6,7.24,187,60.9,56,5.7,3,70,Synthetic/Demo,14.86,35.00
A863,18,50.9,1,4.1,30.8,6.97,188,60.4,56,5.8,3,68,Synthetic/Demo,21.94,38.60
A864,18,50.4,1,4.3,30.7,7.17,179,58.4,56,5.6,3,71,Synthetic/Demo,23.84,39.34
A865,30,84.4,8,13.3,64.1,9.8,264,105.8,81,8.6,6,116,Synthetic/Demo,80.17,82.26
A866,29,83.0,8,13.3,64.5,9.67,275,105.6,79,8.9,6,114,Synthetic/Demo,79.96,89.71
A867,29,81.9,8,13.2,62.8,9.73,268,103.4,82,8.6,6,117,Synthetic/Demo,80.28,78.19
A868,29,81.9,8,13.8,63.8,9.85,266,103.9,81,8.9,6,116,Synthetic/Demo,83.63,83.82
A869,29,81.7,8,13.6,63.9,9.69,272,104.7,80,8.9,6,116,Synthetic/Demo,83.23,82.65
A870,29,83.4,8,13.5,63.2,9.64,274,106.1,80,9.0,6,117,Synthetic/Demo,86.75,85.45
A871,19,52.4,1,5.0,32.1,7.08,189,64.1,55,5.8,3,72,Synthetic/Demo,20.62,43.19
A872,30,85.3,8,13.0,61.5,9.8,270,101.2,80,8.8,6,115,Synthetic/Demo,75.91,79.82
A873,19,51.5,1,4.3,34.4,6.94,183,62.7,55,5.7,3,69,Synthetic/Demo,16.65,44.16
A874,30,84.0,8,12.7,62.1,9.8,273,103.1,81,8.9,6,113,Synthetic/Demo,76.34,85.33
A875,19,50.4,1,5.1,33.6,7.15,182,62.9,54,5.7,3,69,Synthetic/Demo,22.94,35.00
A876,29,83.1,8,13.8,61.1,9.67,268,102.7,82,8.9,6,111,Synthetic/Demo,85.11,75.11
A877,18,52.0,1,4.8,32.4,7.0,180,61.8,53,5.8,3,73,Synthetic/Demo,19.39,40.25
A878,19,51.3,1,4.7,32.6,7.26,188,59.9,53,5.5,3,69,Synthetic/Demo,21.19,39.45
A879,18,52.6,1,5.2,33.0,7.02,186,63.4,53,5.7,3,69,Synthetic/Demo,22.01,40.58
A880,18,50.2,1,4.8,31.9,6.96,178,63.3,56,5.9,3,73,Synthetic/Demo,24.55,40.34
A881,30,84.2,8,13.7,62.3,9.78,270,104.4,79,8.8,6,112,Synthetic/Demo,88.75,86.61
A882,19,53.7,1,4.5,34.1,7.12,188,60.9,55,5.5,3,74,Synthetic/Demo,18.66,46.03
A883,19,52.4,1,5.3,32.7,7.19,189,61.3,54,5.7,3,74,Synthetic/Demo,20.13,36.50
A884,29,82.7,8,12.9,62.6,9.94,265,104.3,80,8.9,6,114,Synthetic/Demo,84.24,79.32
A885,19,53.6,1,4.1,33.2,7.14,179,60.6,53,5.7,3,71,Synthetic/Demo,22.57,35.00
A886,19,52.0,1,4.8,31.1,6.99,185,60.4,56,5.5,3,72,Synthetic/Demo,24.07,41.35
A887,29,82.8,8,13.4,62.9,9.69,275,104.9,80,8.8,6,115,Synthetic/Demo,81.7,90.00
A888,29,84.3,8,13.0,62.0,9.7,265,103.2,82,8.7,6,114,Synthetic/Demo,77.89,82.48
A889,30,83.0,8,13.3,62.0,9.98,272,104.7,79,8.7,6,114,Synthetic/Demo,82.64,73.01
A890,18,51.5,1,5.0,32.5,7.02,189,62.5,54,5.7,3,72,Synthetic/Demo,23.89,35.00
A891,19,52.1,1,4.7,33.5,7.09,189,61.9,54,5.9,3,71,Synthetic/Demo,23.58,37.38
A892,19,51.4,1,4.9,31.5,6.99,185,62.3,54,5.6,3,71,Synthetic/Demo,21.41,37.48
A893,30,81.9,8,13.8,64.3,9.84,268,107.4,79,8.6,6,117,Synthetic/Demo,86.63,84.10
A894,19,51.5,1,4.9,32.4,7.1,188,62.1,54,5.7,3,72,Synthetic/Demo,24.2,41.35
A895,29,83.1,8,13.7,64.3,9.98,273,106.8,79,8.7,6,116,Synthetic/Demo,87.57,84.75
A896,18,50.4,1,4.5,31.4,6.94,185,60.6,55,5.6,3,69,Synthetic/Demo,20.31,44.21
A897,29,85.0,8,13.0,60.9,9.98,266,105.0,81,8.9,6,111,Synthetic/Demo,80.13,81.79
A898,18,50.5,1,4.3,32.0,7.2,189,61.0,54,5.8,3,69,Synthetic/Demo,20.14,35.81
A899,29,81.5,8,13.8,61.4,9.78,271,105.1,80,8.7,6,113,Synthetic/Demo,84.26,87.52
A900,30,81.8,8,13.3,61.3,9.73,271,104.3,79,9.0,6,116,Synthetic/Demo,77.09,77.45
A901,29,85.1,8,12.8,62.7,9.91,274,102.7,82,8.7,6,114,Synthetic/Demo,80.08,87.13
A902,30,84.2,8,13.4,64.0,9.93,267,107.6,79,8.6,6,113,Synthetic/Demo,82.14,86.51
A903,29,84.2,8,12.7,64.8,9.76,268,105.1,80,8.9,6,112,Synthetic/Demo,81.32,84.55
A904,30,81.3,8,13.6,62.6,9.69,275,103.4,80,8.8,6,112,Synthetic/Demo,83.67,90.00
A905,29,84.8,8,12.7,63.7,9.81,264,105.8,81,8.8,6,114,Synthetic/Demo,81.67,82.14
A906,19,51.6,1,4.1,34.4,7.02,182,62.0,56,5.6,3,70,Synthetic/Demo,20.57,50.75
A907,29,83.8,8,12.7,62.5,9.9,273,103.1,79,9.0,6,113,Synthetic/Demo,75.5,83.92
A908,29,85.1,8,12.7,63.8,9.99,266,106.2,82,8.9,6,112,Synthetic/Demo,84.35,79.38
A909,18,50.5,1,5.2,30.8,7.03,184,60.9,56,5.8,3,74,Synthetic/Demo,21.79,40.85
A910,19,54.1,1,4.7,33.5,6.92,187,61.6,56,5.6,3,68,Synthetic/Demo,26.45,35.33
A911,19,52.5,1,4.9,32.2,7.09,185,62.1,55,5.6,3,72,Synthetic/Demo,19.68,37.27
A912,19,51.3,1,4.8,33.0,6.95,186,59.9,55,5.8,3,71,Synthetic/Demo,20.45,42.51
A913,19,52.1,1,4.2,32.4,7.24,188,61.8,56,5.9,3,71,Synthetic/Demo,20.91,44.07
A914,29,84.9,8,13.3,61.3,9.93,274,104.9,81,8.9,6,113,Synthetic/Demo,84.95,82.43
A915,19,50.1,1,5.3,31.0,7.02,179,61.7,55,5.9,3,73,Synthetic/Demo,20.86,45.80
A916,18,51.5,1,4.4,34.2,7.2,185,62.9,55,5.7,3,70,Synthetic/Demo,22.76,47.01
A917,19,53.2,1,4.6,34.0,7.21,183,64.6,53,5.5,3,69,Synthetic/Demo,24.69,48.72
A918,29,85.2,8,13.2,61.8,9.96,267,103.1,80,8.6,6,115,Synthetic/Demo,80.78,87.75
A919,19,51.1,1,5.3,30.3,7.09,188,61.6,54,5.5,3,74,Synthetic/Demo,18.23,47.41
A920,29,83.0,8,12.9,61.9,9.76,274,103.8,81,8.9,6,112,Synthetic/Demo,79.33,75.44
A921,30,81.3,8,13.5,64.6,9.98,267,105.4,82,8.6,6,111,Synthetic/Demo,86.51,84.39
A922,19,52.3,1,4.7,32.2,7.2,179,62.2,54,5.6,3,68,Synthetic/Demo,18.63,36.30
A923,29,83.6,8,13.2,60.9,9.97,269,104.8,79,8.6,6,114,Synthetic/Demo,80.57,85.55
A924,19,54.1,1,4.9,30.5,7.26,182,62.0,54,5.6,3,73,Synthetic/Demo,18.61,38.17
A925,19,51.4,1,5.2,33.1,7.16,182,63.0,53,5.8,3,73,Synthetic/Demo,26.61,41.10
A926,30,81.0,8,13.3,61.8,9.71,272,103.0,82,8.7,6,112,Synthetic/Demo,74.2,90.00
A927,30,83.6,8,13.4,62.9,9.82,266,105.3,81,8.7,6,114,Synthetic/Demo,79.77,84.71
A928,19,53.3,1,5.1,33.1,7.24,178,63.1,56,5.6,3,73,Synthetic/Demo,24.26,44.24
A929,30,81.5,8,12.7,62.4,9.86,266,104.6,80,8.9,6,114,Synthetic/Demo,84.91,83.86
A930,19,50.6,1,4.3,30.9,7.03,181,59.5,56,5.9,3,69,Synthetic/Demo,18.36,39.81
A931,19,53.0,1,4.4,32.5,7.1,188,61.0,56,5.8,3,68,Synthetic/Demo,18.02,40.78
A932,19,51.1,1,5.3,34.2,7.23,189,64.8,55,5.5,3,69,Synthetic/Demo,29.28,44.83
A933,18,54.0,1,4.6,32.6,6.95,185,62.5,53,5.6,3,69,Synthetic/Demo,15.72,45.78
A934,18,50.6,1,4.7,30.8,6.96,182,59.3,56,5.6,3,68,Synthetic/Demo,11.75,47.04
A935,19,51.4,1,4.5,33.8,7.17,187,61.1,56,5.6,3,71,Synthetic/Demo,22.01,42.73
A936,18,50.2,1,4.7,31.2,6.94,178,58.5,55,5.6,3,70,Synthetic/Demo,17.14,41.55
A937,19,53.0,1,5.0,31.9,7.04,189,61.1,53,5.6,3,70,Synthetic/Demo,16.86,35.00
A938,19,53.8,1,4.7,32.1,7.0,183,63.1,53,5.6,3,70,Synthetic/Demo,22.65,39.99
A939,19,52.7,1,4.5,31.7,7.19,182,61.9,55,5.7,3,71,Synthetic/Demo,21.23,45.44
A940,30,81.6,8,13.7,62.0,9.76,275,105.3,81,8.9,6,116,Synthetic/Demo,78.72,90.00
A941,19,50.6,1,5.2,33.6,6.95,189,62.7,53,5.9,3,74,Synthetic/Demo,17.75,42.79
A942,19,50.4,1,5.1,31.2,6.95,187,61.6,56,5.9,3,73,Synthetic/Demo,22.24,45.29
A943,29,85.2,8,12.8,62.5,9.7,274,103.0,80,8.9,6,114,Synthetic/Demo,80.33,87.30
A944,29,84.1,8,12.7,61.5,9.81,274,103.1,81,8.8,6,112,Synthetic/Demo,77.73,90.00
A945,30,83.8,8,12.8,64.6,9.74,270,105.6,82,8.8,6,117,Synthetic/Demo,86.11,87.17
A946,30,83.5,8,13.7,62.3,9.9,274,106.5,79,8.7,6,116,Synthetic/Demo,78.42,84.20
A947,19,51.6,1,5.1,31.5,6.99,187,61.6,56,5.9,3,68,Synthetic/Demo,15.67,42.58
A948,29,85.2,8,12.7,63.7,9.94,270,105.0,80,8.7,6,115,Synthetic/Demo,78.69,70.78
A949,19,54.0,1,4.5,30.6,7.13,184,59.3,56,5.6,3,68,Synthetic/Demo,18.34,41.68
A950,29,83.0,8,12.8,61.2,9.87,271,102.9,82,8.6,6,112,Synthetic/Demo,78.93,66.27
A951,30,83.0,8,12.6,64.6,9.92,265,106.0,81,8.6,6,112,Synthetic/Demo,81.05,76.80
A952,30,82.8,8,13.5,64.7,9.65,268,105.7,80,8.9,6,115,Synthetic/Demo,83.18,88.08
A953,29,83.3,8,12.8,61.9,9.64,271,101.8,82,8.7,6,112,Synthetic/Demo,73.56,86.61
A954,30,82.2,8,13.7,62.9,9.84,270,106.2,79,8.8,6,113,Synthetic/Demo,86.65,79.97
A955,18,50.3,1,4.6,33.0,7.08,183,61.9,56,5.9,3,70,Synthetic/Demo,20.84,37.17
A956,19,53.4,1,5.1,33.3,7.13,185,62.1,56,5.9,3,68,Synthetic/Demo,25.73,48.95
A957,29,84.6,8,12.9,62.8,9.64,272,101.5,80,8.9,6,113,Synthetic/Demo,79.28,82.19
A958,19,52.5,1,5.0,34.4,7.14,184,63.5,56,5.8,3,71,Synthetic/Demo,24.51,53.72
A959,19,52.0,1,4.3,34.3,7.14,180,62.3,55,5.5,3,69,Synthetic/Demo,23.32,40.71
A960,29,82.4,8,13.2,63.6,9.89,275,107.8,80,8.7,6,114,Synthetic/Demo,83.1,87.82
A961,19,52.0,1,4.5,31.4,7.22,186,62.6,53,5.8,3,71,Synthetic/Demo,22.5,48.93
A962,29,83.1,8,13.6,62.4,9.82,271,103.7,81,8.8,6,113,Synthetic/Demo,84.69,86.02
A963,19,52.5,1,4.7,30.4,6.97,183,61.4,54,5.6,3,71,Synthetic/Demo,19.29,35.00
A964,29,84.8,8,13.7,61.2,9.8,267,104.5,80,9.0,6,117,Synthetic/Demo,83.01,84.98
A965,29,81.5,8,12.8,62.5,9.73,274,104.7,79,8.7,6,111,Synthetic/Demo,78.72,84.33
A966,19,50.6,1,5.2,33.2,7.12,187,65.6,54,5.6,3,74,Synthetic/Demo,27.06,35.37
A967,18,53.0,1,4.3,30.7,7.03,178,59.5,56,5.6,3,69,Synthetic/Demo,16.28,37.51
A968,30,84.7,8,13.0,61.9,9.81,263,103.6,80,8.6,6,117,Synthetic/Demo,85.05,81.21
A969,30,82.1,8,13.2,62.9,9.86,271,103.8,82,8.7,6,112,Synthetic/Demo,80.2,89.97
A970,29,83.7,8,13.5,64.1,9.8,267,106.8,82,8.8,6,113,Synthetic/Demo,78.42,86.08
A971,19,53.3,1,5.2,31.5,7.23,180,63.2,56,5.7,3,70,Synthetic/Demo,22.8,40.37
A972,29,82.7,8,12.8,61.7,9.81,274,105.1,79,8.7,6,113,Synthetic/Demo,76.87,84.15
A973,19,50.5,1,4.9,33.4,7.11,186,63.4,53,5.7,3,71,Synthetic/Demo,24.6,42.50
A974,19,53.5,1,4.4,31.4,7.13,181,59.4,55,5.6,3,69,Synthetic/Demo,17.19,42.83
A975,19,52.2,1,4.4,31.1,7.0,186,61.6,55,5.9,3,71,Synthetic/Demo,17.47,35.18
A976,29,81.9,8,13.3,61.0,9.77,269,103.9,79,8.9,6,116,Synthetic/Demo,73.83,79.61
A977,29,82.8,8,13.2,64.8,9.97,273,106.1,79,8.7,6,113,Synthetic/Demo,81.34,90.00
A978,30,83.3,8,12.9,61.3,9.95,269,102.9,80,8.7,6,116,Synthetic/Demo,71.87,82.94
A979,29,83.5,8,12.8,63.5,9.72,267,105.3,82,8.8,6,117,Synthetic/Demo,75.27,78.12
A980,19,52.3,1,5.1,30.5,7.21,184,60.0,54,5.6,3,69,Synthetic/Demo,22.52,42.62
A981,29,83.8,8,13.5,61.0,9.85,271,105.7,81,8.8,6,114,Synthetic/Demo,82.73,87.69
A982,19,51.2,1,4.3,30.5,7.2,178,60.4,56,5.5,3,69,Synthetic/Demo,20.42,35.00
A983,19,51.1,1,4.2,32.4,7.16,181,59.1,56,5.5,3,74,Synthetic/Demo,16.06,41.04
A984,29,81.2,8,12.9,62.1,9.77,274,103.9,81,8.6,6,113,Synthetic/Demo,78.32,88.25
A985,19,52.2,1,4.4,32.3,6.96,179,61.3,55,5.8,3,68,Synthetic/Demo,19.98,41.73
A986,29,84.6,8,13.2,63.7,9.7,269,104.8,80,8.9,6,112,Synthetic/Demo,77.52,88.46
A987,19,53.3,1,5.1,30.7,7.15,188,63.0,55,5.8,3,72,Synthetic/Demo,25.11,35.00
A988,19,51.8,1,5.2,33.4,7.02,187,63.8,55,5.8,3,70,Synthetic/Demo,24.87,43.60
A989,18,50.2,1,5.1,31.3,7.1,183,60.3,54,5.6,3,70,Synthetic/Demo,19.66,38.37
A990,29,85.2,8,13.6,61.9,9.74,269,105.1,80,8.8,6,113,Synthetic/Demo,80.81,82.88
A991,30,84.5,8,13.5,64.0,9.64,265,106.3,82,8.9,6,113,Synthetic/Demo,82.7,90.00
A992,29,82.6,8,13.4,64.6,9.89,272,105.8,81,8.9,6,112,Synthetic/Demo,76.61,90.00
A993,30,83.1,8,12.8,64.0,9.91,271,104.9,81,8.9,6,114,Synthetic/Demo,80.36,90.00
A994,30,82.3,8,12.7,61.8,9.89,264,103.8,81,8.9,6,112,Synthetic/Demo,77.94,90.00
A995,18,53.8,1,4.5,33.6,7.2,185,61.1,54,5.8,3,71,Synthetic/Demo,18.37,40.64
A996,29,84.1,8,12.7,62.5,9.81,269,103.5,82,8.9,6,115,Synthetic/Demo,78.33,86.80
A997,18,50.9,1,4.8,31.1,7.02,186,60.8,54,5.9,3,72,Synthetic/Demo,24.83,43.89
A998,30,84.8,8,13.7,64.4,9.9,271,107.7,80,8.6,6,115,Synthetic/Demo,85.31,87.06
A999,19,51.3,1,4.3,34.3,7.16,183,62.1,55,5.6,3,71,Synthetic/Demo,19.66,41.68
A1000,30,81.6,8,13.6,63.1,9.69,264,105.4,79,9.0,6,114,Synthetic/Demo,83.86,89.60
A1001,19,54.1,1,4.6,32.3,7.23,186,60.8,56,5.5,3,72,Synthetic/Demo,24.27,40.82
A1002,29,83.0,8,12.9,61.2,9.73,275,102.0,81,8.6,6,111,Synthetic/Demo,79.93,80.56
A1003,30,85.0,8,12.9,63.1,9.94,274,104.0,79,8.9,6,114,Synthetic/Demo,80.66,83.59
A1004,19,53.8,1,4.9,31.4,7.15,179,61.3,54,5.7,3,73,Synthetic/Demo,19.03,44.06
A1005,29,82.7,8,12.8,64.5,9.89,270,105.6,82,8.7,6,115,Synthetic/Demo,83.29,85.59
A1006,19,54.3,1,4.9,33.8,7.08,180,63.5,56,5.6,3,73,Synthetic/Demo,23.5,43.62
A1007,30,83.3,8,13.1,61.8,9.64,270,104.3,81,9.0,6,114,Synthetic/Demo,81.76,88.41
A1008,18,51.8,1,4.9,34.2,7.21,185,62.3,54,5.9,3,74,Synthetic/Demo,24.78,40.26
A1009,30,85.3,8,13.2,63.0,9.92,271,105.5,82,9.0,6,112,Synthetic/Demo,84.76,89.88
A1010,29,82.3,8,13.1,63.8,9.85,269,103.9,80,8.9,6,116,Synthetic/Demo,79.52,87.33
A1011,29,82.2,8,13.8,62.8,9.69,273,102.3,80,9.0,6,113,Synthetic/Demo,84.38,79.12
A1012,29,84.7,8,13.6,61.6,9.73,272,104.5,79,8.8,6,116,Synthetic/Demo,80.54,90.00
A1013,18,50.3,1,4.5,32.7,6.96,180,61.5,56,5.6,3,69,Synthetic/Demo,26.17,37.02
A1014,19,53.8,1,4.4,31.3,7.0,188,61.2,56,5.7,3,72,Synthetic/Demo,16.12,35.00
A1015,19,50.9,1,4.5,33.0,7.02,187,60.5,56,5.7,3,70,Synthetic/Demo,24.7,35.19
A1016,29,81.7,8,12.8,62.5,9.75,273,103.2,81,8.9,6,116,Synthetic/Demo,79.19,79.75
A1017,19,51.2,1,4.4,31.7,7.24,185,61.7,55,5.5,3,70,Synthetic/Demo,18.0,40.61
A1018,29,83.0,8,12.9,62.2,9.86,271,103.8,80,8.9,6,112,Synthetic/Demo,78.36,83.59
A1019,19,50.5,1,5.2,33.6,7.17,184,63.1,54,5.5,3,73,Synthetic/Demo,21.72,40.08
A1020,19,53.3,1,4.5,31.6,7.1,188,61.1,55,5.7,3,71,Synthetic/Demo,20.41,43.65
A1021,19,50.4,1,4.1,30.5,7.22,183,61.1,56,5.6,3,70,Synthetic/Demo,20.23,41.30
A1022,30,83.6,8,12.9,63.6,9.89,265,106.7,79,8.6,6,112,Synthetic/Demo,80.23,86.93
A1023,29,83.4,8,13.8,64.0,9.76,273,106.8,79,9.0,6,115,Synthetic/Demo,82.76,88.20
A1024,19,50.7,1,4.2,30.4,7.06,180,59.0,56,5.8,3,70,Synthetic/Demo,24.4,42.16
A1025,18,51.2,1,5.0,33.6,7.22,188,62.1,55,5.8,3,71,Synthetic/Demo,27.48,35.00
A1026,30,83.8,8,13.0,64.2,9.88,268,108.4,82,8.9,6,115,Synthetic/Demo,83.98,84.45
A1027,19,53.8,1,4.9,32.4,7.07,188,61.2,56,5.8,3,72,Synthetic/Demo,20.36,35.00
A1028,18,50.2,1,4.2,33.3,7.28,185,61.9,53,5.5,3,68,Synthetic/Demo,21.45,40.25
A1029,18,50.7,1,4.5,32.2,7.26,189,61.7,53,5.6,3,72,Synthetic/Demo,22.18,40.47
A1030,18,50.5,1,4.4,31.6,6.94,187,58.6,54,5.6,3,70,Synthetic/Demo,14.46,43.86
A1031,18,50.8,1,4.4,31.0,7.12,188,59.5,53,5.7,3,70,Synthetic/Demo,17.66,45.18
A1032,19,54.2,1,4.3,32.5,7.03,184,61.6,55,5.5,3,69,Synthetic/Demo,14.35,41.07
A1033,30,83.2,8,13.3,64.1,9.72,273,103.7,79,8.6,6,116,Synthetic/Demo,81.43,82.85
A1034,19,52.0,1,4.9,34.0,7.18,183,62.6,56,5.6,3,68,Synthetic/Demo,24.55,44.13
A1035,18,54.2,1,4.3,34.2,6.91,179,60.8,54,5.8,3,70,Synthetic/Demo,19.09,37.39
A1036,18,52.4,1,5.0,34.4,7.22,186,63.0,56,5.5,3,69,Synthetic/Demo,27.56,41.85
A1037,30,83.0,8,12.6,62.0,9.94,274,103.4,79,9.0,6,113,Synthetic/Demo,75.6,90.00
A1038,19,51.4,1,4.4,30.9,7.27,179,62.1,53,5.8,3,71,Synthetic/Demo,16.51,37.60
A1039,29,81.5,8,13.5,64.5,9.88,271,107.1,82,8.9,6,116,Synthetic/Demo,83.69,90.00
A1040,19,52.6,1,5.2,33.2,6.98,179,62.7,55,5.8,3,72,Synthetic/Demo,25.45,44.93
A1041,19,50.3,1,5.1,32.1,7.15,183,62.1,54,5.6,3,71,Synthetic/Demo,26.6,36.17
A1042,29,83.0,8,13.1,61.7,9.8,274,102.1,82,9.0,6,114,Synthetic/Demo,77.25,89.92
A1043,19,50.8,1,5.3,33.3,6.95,178,61.2,55,5.5,3,73,Synthetic/Demo,24.82,44.24
A1044,29,82.0,8,13.6,64.1,9.87,272,106.4,80,9.0,6,115,Synthetic/Demo,82.84,86.68
A1045,29,81.1,8,13.5,62.4,9.66,274,105.4,79,8.8,6,113,Synthetic/Demo,79.6,81.18
A1046,19,52.4,1,5.2,31.0,7.07,182,61.7,55,5.6,3,72,Synthetic/Demo,23.17,36.44
A1047,19,51.7,1,5.1,32.1,7.25,187,62.5,56,5.8,3,69,Synthetic/Demo,23.91,39.26
A1048,19,51.2,1,4.9,34.4,6.94,183,64.9,54,5.8,3,73,Synthetic/Demo,17.85,44.48
A1049,18,52.8,1,5.1,31.7,7.11,179,62.7,56,5.9,3,70,Synthetic/Demo,26.44,36.43
A1050,18,50.6,1,4.6,32.9,7.12,180,60.9,54,5.8,3,72,Synthetic/Demo,25.29,42.56
A1051,18,52.2,1,4.9,34.5,7.19,186,62.4,55,5.9,3,71,Synthetic/Demo,21.07,35.97
A1052,29,85.0,8,13.6,62.8,9.78,266,104.8,80,8.6,6,113,Synthetic/Demo,82.59,84.25
A1053,29,83.9,8,13.5,64.7,9.65,269,104.8,80,9.0,6,114,Synthetic/Demo,83.43,86.24
A1054,29,84.0,8,12.7,64.2,9.9,269,104.6,81,8.7,6,116,Synthetic/Demo,81.5,90.00
A1055,29,82.0,8,13.7,61.9,9.82,265,105.0,80,9.0,6,114,Synthetic/Demo,80.27,78.55
A1056,29,84.8,8,13.4,62.6,9.74,273,103.3,79,8.7,6,116,Synthetic/Demo,77.61,90.00
A1057,29,83.3,8,12.8,61.2,9.66,269,102.6,81,8.9,6,112,Synthetic/Demo,77.73,85.03
A1058,19,54.2,1,4.6,32.0,7.13,184,61.6,55,5.6,3,73,Synthetic/Demo,23.55,42.95
A1059,18,50.8,1,4.8,31.6,7.16,178,64.0,55,5.6,3,70,Synthetic/Demo,23.43,41.05
A1060,29,84.2,8,13.6,60.9,9.98,270,104.3,80,8.8,6,111,Synthetic/Demo,79.94,87.58
A1061,30,83.5,8,13.7,62.9,9.85,273,105.0,80,8.7,6,116,Synthetic/Demo,83.63,85.13
A1062,19,51.1,1,4.5,33.3,6.95,189,63.2,56,5.7,3,69,Synthetic/Demo,11.44,48.02
A1063,18,50.6,1,4.8,32.3,7.05,179,60.4,53,5.8,3,70,Synthetic/Demo,24.4,37.57
A1064,19,52.1,1,4.5,33.2,7.18,180,64.9,56,5.8,3,74,Synthetic/Demo,17.15,47.63
A1065,19,51.8,1,4.5,32.2,7.14,188,61.7,53,5.6,3,73,Synthetic/Demo,18.72,37.35
A1066,19,53.0,1,4.4,32.3,7.19,184,62.7,55,5.8,3,69,Synthetic/Demo,17.6,40.77
A1067,18,53.9,1,4.4,34.1,7.09,189,61.8,54,5.6,3,71,Synthetic/Demo,16.59,35.49
A1068,18,53.5,1,5.1,31.2,6.97,184,59.8,54,5.8,3,71,Synthetic/Demo,23.1,42.36
A1069,29,83.5,8,12.7,61.5,9.83,274,101.9,81,8.8,6,117,Synthetic/Demo,76.1,90.00
A1070,19,53.8,1,4.9,32.6,7.09,181,62.8,54,5.9,3,70,Synthetic/Demo,23.13,41.11
A1071,19,53.6,1,4.1,33.1,6.99,188,62.9,53,5.7,3,74,Synthetic/Demo,19.2,39.58
A1072,29,85.1,8,13.8,63.0,9.81,273,104.4,79,8.6,6,115,Synthetic/Demo,82.61,80.02
A1073,18,52.0,1,4.7,32.5,6.98,182,61.7,55,5.7,3,73,Synthetic/Demo,20.4,39.13
A1074,30,81.8,8,12.8,62.2,9.72,269,102.1,81,8.9,6,114,Synthetic/Demo,74.6,76.72
A1075,29,83.3,8,13.6,63.7,9.99,273,107.5,80,8.9,6,116,Synthetic/Demo,86.32,81.90
A1076,30,84.0,8,13.2,61.7,9.91,269,104.6,81,8.9,6,114,Synthetic/Demo,79.08,86.69
A1077,30,83.9,8,13.7,64.4,9.81,266,104.8,81,8.6,6,113,Synthetic/Demo,77.94,90.00
A1078,19,50.2,1,4.6,33.7,7.18,183,63.1,53,5.5,3,70,Synthetic/Demo,20.75,54.91
A1079,29,81.6,8,13.5,62.5,9.84,269,105.4,81,8.6,6,112,Synthetic/Demo,85.67,82.26
A1080,18,53.8,1,5.0,30.5,6.91,189,61.1,56,5.5,3,73,Synthetic/Demo,20.44,47.03
A1081,19,50.3,1,4.5,30.7,7.05,183,60.8,54,5.7,3,70,Synthetic/Demo,17.87,40.67
A1082,30,82.0,8,13.0,62.8,9.66,274,100.7,81,8.9,6,111,Synthetic/Demo,77.06,83.92
A1083,29,81.4,8,12.9,62.4,9.76,268,101.6,82,8.8,6,115,Synthetic/Demo,77.66,86.76
A1084,29,82.8,8,13.5,62.8,9.83,267,105.6,81,8.7,6,116,Synthetic/Demo,87.73,85.82
A1085,30,83.7,8,13.1,62.6,9.69,274,102.1,79,8.8,6,113,Synthetic/Demo,79.81,85.41
A1086,30,83.9,8,13.2,64.4,9.7,265,109.0,79,8.6,6,117,Synthetic/Demo,83.79,83.71
A1087,18,52.5,1,4.1,30.8,7.24,179,60.7,56,5.7,3,73,Synthetic/Demo,22.31,35.00
A1088,19,54.0,1,4.4,32.3,6.99,189,61.4,53,5.8,3,70,Synthetic/Demo,19.92,35.00
A1089,19,53.7,1,4.4,33.1,7.12,188,61.1,55,5.8,3,73,Synthetic/Demo,19.23,44.55
A1090,30,83.8,8,13.6,62.3,9.84,271,105.1,81,8.8,6,115,Synthetic/Demo,80.47,84.43
A1091,29,83.0,8,13.1,64.7,9.86,272,108.4,80,9.0,6,117,Synthetic/Demo,82.64,83.29
A1092,19,54.1,1,4.2,32.2,7.09,186,60.6,54,5.5,3,71,Synthetic/Demo,18.65,39.99
A1093,19,52.2,1,4.6,33.5,6.91,186,62.3,54,5.7,3,68,Synthetic/Demo,22.54,44.39
A1094,18,50.3,1,4.6,30.6,7.04,184,61.1,54,5.6,3,71,Synthetic/Demo,18.94,40.08
A1095,29,84.8,8,13.2,63.5,9.93,273,104.5,79,8.8,6,115,Synthetic/Demo,83.48,82.41
A1096,30,83.9,8,12.9,64.8,9.94,270,106.0,81,8.6,6,116,Synthetic/Demo,81.58,90.00
A1097,30,84.0,8,12.9,63.3,9.69,264,104.8,79,8.9,6,112,Synthetic/Demo,80.99,90.00
A1098,19,51.9,1,5.1,31.2,7.05,182,62.7,54,5.5,3,69,Synthetic/Demo,14.76,42.80
A1099,18,52.8,1,4.7,30.4,7.1,186,59.9,56,5.7,3,69,Synthetic/Demo,21.39,44.62
A1100,30,83.8,8,13.4,62.8,9.95,273,103.5,82,8.7,6,116,Synthetic/Demo,81.6,90.00
A1101,19,53.8,1,5.3,32.1,7.05,179,63.8,55,5.8,3,72,Synthetic/Demo,25.49,47.46
A1102,29,83.0,8,13.4,61.8,9.94,274,104.6,82,8.6,6,115,Synthetic/Demo,71.36,88.51
A1103,19,52.2,1,4.7,33.3,6.93,184,62.6,54,5.5,3,72,Synthetic/Demo,26.59,43.44
A1104,29,84.3,8,12.9,61.3,9.71,266,103.8,80,8.7,6,117,Synthetic/Demo,78.09,87.12
A1105,18,54.1,1,5.3,32.1,7.23,182,64.7,55,5.9,3,72,Synthetic/Demo,26.8,36.98
A1106,29,84.1,8,13.4,64.6,9.78,268,106.5,79,8.7,6,112,Synthetic/Demo,79.59,89.12
A1107,30,84.9,8,13.7,64.0,9.74,271,106.9,81,9.0,6,116,Synthetic/Demo,84.4,79.68
A1108,29,82.5,8,13.1,63.5,9.95,274,105.7,81,8.6,6,112,Synthetic/Demo,77.99,81.53
A1109,30,81.4,8,13.3,64.3,9.95,274,106.0,81,8.9,6,114,Synthetic/Demo,80.54,90.00
A1110,29,82.0,8,13.5,63.9,9.95,266,108.2,82,8.8,6,116,Synthetic/Demo,89.44,90.00
A1111,30,83.4,8,13.8,63.0,9.95,265,107.5,80,8.8,6,112,Synthetic/Demo,83.39,90.00
A1112,29,85.1,8,13.8,63.0,9.84,274,104.8,80,8.8,6,113,Synthetic/Demo,82.29,84.50
A1113,30,83.2,8,13.8,61.2,9.86,273,104.7,81,8.8,6,116,Synthetic/Demo,83.09,80.00
A1114,19,51.3,1,4.9,31.4,7.12,181,61.6,56,5.8,3,73,Synthetic/Demo,22.16,39.79
A1115,29,83.7,8,13.4,63.0,9.68,273,104.4,80,8.8,6,112,Synthetic/Demo,80.62,85.66
A1116,29,84.2,8,12.6,62.8,9.93,272,104.7,80,8.8,6,112,Synthetic/Demo,81.08,85.50
A1117,18,53.1,1,4.6,31.0,7.02,181,61.0,54,5.7,3,74,Synthetic/Demo,26.41,45.42
A1118,19,50.4,1,4.3,30.8,7.15,187,58.9,54,5.5,3,68,Synthetic/Demo,17.76,37.18
A1119,18,53.1,1,4.6,34.3,6.93,186,61.9,55,5.9,3,73,Synthetic/Demo,21.37,42.90
A1120,30,84.4,8,13.4,63.9,9.69,269,105.2,79,8.7,6,115,Synthetic/Demo,84.35,80.58
A1121,29,82.5,8,13.5,64.6,9.93,270,106.1,80,9.0,6,111,Synthetic/Demo,87.01,88.38
A1122,18,51.0,1,5.0,34.2,7.09,182,62.3,55,5.7,3,72,Synthetic/Demo,26.07,41.41
A1123,19,51.8,1,4.2,32.9,7.21,189,61.1,56,5.9,3,68,Synthetic/Demo,22.08,37.32
A1124,18,53.6,1,4.7,32.4,7.18,183,61.7,54,5.7,3,69,Synthetic/Demo,17.84,39.53
A1125,19,52.9,1,4.2,33.4,7.03,178,61.6,56,5.8,3,74,Synthetic/Demo,25.33,39.83
A1126,19,53.2,1,4.7,31.8,7.21,182,61.2,55,5.8,3,69,Synthetic/Demo,17.62,39.66
A1127,19,52.5,1,4.1,31.1,6.94,182,59.7,56,5.9,3,68,Synthetic/Demo,18.79,48.07
A1128,19,51.9,1,4.8,33.9,7.23,178,61.4,56,5.8,3,69,Synthetic/Demo,20.73,41.22
A1129,29,83.6,8,13.7,62.5,9.88,274,104.7,81,8.7,6,116,Synthetic/Demo,80.74,84.54
A1130,30,84.7,8,13.1,61.6,9.76,265,105.1,80,8.6,6,116,Synthetic/Demo,80.69,74.49
A1131,30,84.0,8,12.7,64.4,9.76,270,104.9,79,8.6,6,114,Synthetic/Demo,81.24,80.68
A1132,29,82.1,8,13.0,60.9,9.7,265,102.7,80,8.8,6,116,Synthetic/Demo,79.63,82.97
A1133,19,53.4,1,5.0,32.3,7.23,182,62.6,54,5.8,3,72,Synthetic/Demo,27.2,38.44
A1134,30,83.7,8,12.9,61.8,9.84,270,105.9,79,8.9,6,117,Synthetic/Demo,81.4,90.00
A1135,18,51.2,1,4.4,31.9,6.97,182,62.0,55,5.7,3,72,Synthetic/Demo,18.62,38.83
A1136,19,52.9,1,4.1,34.3,7.22,179,63.0,54,5.8,3,69,Synthetic/Demo,25.35,47.71
A1137,19,53.9,1,4.6,32.0,7.25,179,61.5,54,5.9,3,70,Synthetic/Demo,25.33,41.53
A1138,29,81.1,8,12.8,61.5,9.9,269,102.9,80,8.6,6,115,Synthetic/Demo,75.07,84.64
A1139,19,52.3,1,5.2,33.0,7.25,187,63.9,54,5.7,3,70,Synthetic/Demo,24.87,41.89
A1140,18,50.7,1,4.7,30.7,7.13,179,61.4,56,5.8,3,69,Synthetic/Demo,22.39,39.92
A1141,29,81.7,8,13.0,62.4,9.64,264,103.6,81,9.0,6,115,Synthetic/Demo,78.72,90.00
A1142,30,82.3,8,13.0,62.7,9.66,265,105.5,79,8.9,6,112,Synthetic/Demo,84.67,73.29
A1143,29,83.5,8,13.2,63.4,9.77,267,104.8,79,8.8,6,114,Synthetic/Demo,80.75,75.18
A1144,19,51.3,1,5.1,33.6,7.11,188,62.0,55,5.7,3,72,Synthetic/Demo,22.1,39.12
A1145,18,53.3,1,4.4,34.3,7.17,178,63.1,56,5.8,3,69,Synthetic/Demo,22.21,41.43
A1146,29,83.9,8,13.7,62.7,9.88,265,103.9,80,8.9,6,113,Synthetic/Demo,82.32,89.03
A1147,29,84.9,8,13.4,62.1,9.99,267,105.6,79,9.0,6,114,Synthetic/Demo,79.09,88.17
A1148,29,84.1,8,13.7,62.8,9.96,273,104.6,80,8.9,6,114,Synthetic/Demo,77.73,84.08
A1149,19,51.0,1,5.0,33.7,7.07,183,63.2,55,5.7,3,69,Synthetic/Demo,27.22,46.57
A1150,19,51.5,1,4.8,34.5,6.95,183,64.5,54,5.5,3,69,Synthetic/Demo,19.62,46.17
A1151,29,84.9,8,13.5,64.3,9.81,267,106.0,79,8.8,6,115,Synthetic/Demo,79.83,86.77
A1152,18,52.5,1,4.5,31.9,7.26,189,62.0,54,5.8,3,70,Synthetic/Demo,14.09,45.72
A1153,29,81.9,8,12.9,62.4,9.99,275,103.9,80,8.9,6,111,Synthetic/Demo,78.31,86.58
A1154,19,51.8,1,4.3,31.1,7.06,185,61.1,55,5.9,3,72,Synthetic/Demo,14.85,37.36
A1155,29,83.8,8,12.7,62.6,9.67,273,103.7,80,8.8,6,113,Synthetic/Demo,83.26,88.08
A1156,30,84.7,8,13.5,63.0,9.72,274,104.4,80,8.8,6,114,Synthetic/Demo,83.37,86.16
A1157,29,81.6,8,13.5,65.0,9.79,269,104.6,81,8.7,6,115,Synthetic/Demo,80.12,85.69
A1158,18,53.5,1,4.2,34.3,7.07,179,62.7,54,5.6,3,68,Synthetic/Demo,28.34,47.64
A1159,19,50.6,1,5.2,31.8,7.28,189,61.8,56,5.7,3,72,Synthetic/Demo,24.33,35.00
A1160,19,51.0,1,5.2,32.9,7.08,187,64.1,55,5.9,3,74,Synthetic/Demo,21.28,35.23
A1161,19,51.0,1,5.0,32.4,7.14,190,59.9,56,5.9,3,72,Synthetic/Demo,12.82,35.59
A1162,19,53.8,1,5.2,32.3,7.17,187,63.4,54,5.9,3,70,Synthetic/Demo,29.28,40.42
A1163,29,81.7,8,13.0,61.8,9.64,273,103.3,79,8.8,6,112,Synthetic/Demo,74.1,83.04
A1164,29,84.7,8,13.8,64.5,9.89,274,106.2,81,8.7,6,113,Synthetic/Demo,78.05,78.78
A1165,19,52.0,1,4.8,33.0,6.96,186,63.4,55,5.5,3,71,Synthetic/Demo,23.54,35.84
A1166,29,82.1,8,13.2,64.2,9.8,272,106.5,79,8.8,6,116,Synthetic/Demo,89.05,81.33
A1167,19,53.6,1,4.3,33.8,7.26,187,61.6,55,5.8,3,69,Synthetic/Demo,25.53,53.91
A1168,18,53.2,1,4.3,33.4,7.26,186,61.3,55,5.8,3,69,Synthetic/Demo,22.84,50.09
A1169,29,83.7,8,12.6,63.6,9.7,269,105.1,79,8.9,6,116,Synthetic/Demo,81.59,82.90
A1170,30,82.5,8,13.5,63.7,9.93,272,107.0,79,8.9,6,112,Synthetic/Demo,85.66,84.34
A1171,19,53.6,1,5.3,30.8,7.03,183,60.6,56,5.8,3,68,Synthetic/Demo,22.63,35.04
A1172,18,51.1,1,4.7,31.4,6.95,189,61.5,54,5.7,3,70,Synthetic/Demo,19.66,35.00
A1173,19,50.4,1,4.6,32.5,7.24,185,63.6,56,5.9,3,71,Synthetic/Demo,22.12,41.18
A1174,19,52.6,1,4.3,30.7,6.96,182,60.3,55,5.6,3,68,Synthetic/Demo,17.75,35.00
A1175,30,83.0,8,13.8,61.3,9.65,268,104.6,81,8.6,6,114,Synthetic/Demo,77.56,84.63
A1176,29,83.6,8,13.0,63.6,9.95,266,107.1,81,8.6,6,113,Synthetic/Demo,81.38,77.55
A1177,30,82.5,8,12.7,62.8,9.67,266,103.8,80,8.6,6,117,Synthetic/Demo,73.64,80.78
A1178,19,51.6,1,5.3,32.1,7.16,189,62.9,54,5.7,3,71,Synthetic/Demo,21.43,42.51
A1179,29,81.2,8,12.8,61.6,9.8,263,103.3,81,8.8,6,115,Synthetic/Demo,76.3,86.29
A1180,18,50.1,1,4.9,30.6,7.11,181,60.9,54,5.9,3,72,Synthetic/Demo,16.99,42.15
A1181,29,82.2,8,13.2,63.4,9.65,274,104.7,80,8.7,6,113,Synthetic/Demo,80.23,78.35
A1182,30,83.3,8,12.8,63.6,9.69,264,103.3,81,8.8,6,112,Synthetic/Demo,84.17,89.13
A1183,29,83.4,8,13.8,62.9,9.79,274,106.4,80,8.9,6,113,Synthetic/Demo,84.72,81.89
A1184,18,51.6,1,4.9,31.8,7.07,184,62.2,55,5.7,3,71,Synthetic/Demo,15.88,43.68
A1185,29,82.8,8,12.7,63.2,9.67,272,102.8,80,8.9,6,113,Synthetic/Demo,75.7,84.57
A1186,30,82.1,8,13.6,64.4,9.67,273,104.1,81,8.6,6,116,Synthetic/Demo,83.49,78.71
A1187,18,53.9,1,4.2,30.3,7.15,190,59.2,56,5.9,3,70,Synthetic/Demo,14.57,38.24
A1188,29,81.6,8,13.7,61.8,9.81,267,105.2,80,8.7,6,115,Synthetic/Demo,80.51,87.03
A1189,19,51.8,1,4.4,31.7,7.0,186,60.0,56,5.7,3,69,Synthetic/Demo,20.07,42.82
A1190,18,52.4,1,4.7,32.9,7.07,182,62.7,56,5.7,3,70,Synthetic/Demo,18.31,40.10
A1191,19,53.4,1,4.6,31.6,7.15,188,59.5,55,5.8,3,71,Synthetic/Demo,19.54,48.36
A1192,30,82.4,8,12.9,65.0,9.92,266,106.0,82,8.8,6,114,Synthetic/Demo,78.55,90.00
A1193,18,52.7,1,4.4,31.6,7.03,184,61.0,56,5.8,3,73,Synthetic/Demo,17.15,38.81
A1194,29,82.7,8,12.6,62.5,9.79,267,103.1,81,8.6,6,116,Synthetic/Demo,79.54,88.24
A1195,29,82.9,8,13.3,62.3,9.69,272,103.3,81,8.6,6,113,Synthetic/Demo,74.18,90.00
A1196,29,84.4,8,13.0,64.1,9.74,275,106.0,79,8.9,6,111,Synthetic/Demo,82.27,90.00
A1197,29,81.4,8,13.1,62.9,9.67,265,104.7,80,8.8,6,115,Synthetic/Demo,80.21,78.64
A1198,29,81.8,8,12.9,64.7,9.79,267,106.3,80,8.8,6,116,Synthetic/Demo,83.46,80.82
A1199,19,52.6,1,4.2,30.8,7.1,182,61.4,55,5.6,3,72,Synthetic/Demo,19.3,47.12
A1200,29,83.2,8,12.9,62.2,9.87,272,104.0,81,8.7,6,112,Synthetic/Demo,83.53,79.63
A1201,19,53.1,1,4.3,34.1,7.24,181,63.1,54,5.7,3,70,Synthetic/Demo,22.8,35.00
A1202,18,53.0,1,4.3,33.1,7.19,187,62.9,53,5.7,3,73,Synthetic/Demo,19.55,38.50
A1203,18,53.1,1,4.3,33.9,7.23,184,64.3,56,5.8,3,72,Synthetic/Demo,22.55,43.94
A1204,30,84.8,8,12.7,62.5,9.76,267,104.5,81,8.9,6,114,Synthetic/Demo,81.2,84.62
A1205,30,83.0,8,12.9,64.3,9.65,266,106.7,81,8.8,6,113,Synthetic/Demo,81.32,82.10
A1206,18,52.0,1,5.0,31.5,7.04,178,63.2,56,5.7,3,72,Synthetic/Demo,21.35,37.25
A1207,19,50.1,1,4.2,32.6,6.92,183,58.9,56,5.6,3,74,Synthetic/Demo,15.69,35.74
A1208,18,51.0,1,4.2,33.5,6.93,182,62.3,54,5.6,3,70,Synthetic/Demo,17.9,35.09
A1209,29,82.8,8,13.2,64.4,9.92,269,105.3,82,8.8,6,115,Synthetic/Demo,77.96,90.00
A1210,29,83.9,8,13.1,61.2,9.78,271,104.6,80,8.7,6,115,Synthetic/Demo,84.23,86.31
A1211,19,51.2,1,5.3,32.1,7.02,187,63.2,56,5.6,3,68,Synthetic/Demo,17.45,45.60
A1212,18,50.6,1,5.3,32.1,7.14,179,63.4,56,5.6,3,73,Synthetic/Demo,20.31,38.82
A1213,29,84.8,8,13.4,63.2,9.82,265,103.9,80,8.7,6,113,Synthetic/Demo,79.29,84.33
A1214,19,53.0,1,5.2,33.9,7.12,182,63.9,54,5.6,3,72,Synthetic/Demo,25.95,38.55
A1215,18,50.0,1,4.9,30.5,7.17,183,62.4,54,5.6,3,70,Synthetic/Demo,19.56,35.00
A1216,29,82.2,8,13.3,64.6,9.71,264,106.1,80,8.6,6,115,Synthetic/Demo,85.84,78.39
A1217,19,50.5,1,5.0,32.1,7.23,185,62.5,55,5.5,3,69,Synthetic/Demo,19.52,35.00
A1218,29,82.5,8,13.1,64.0,9.78,264,105.0,79,8.7,6,113,Synthetic/Demo,82.55,73.79
A1219,30,83.1,8,13.2,62.3,9.91,270,105.0,80,9.0,6,116,Synthetic/Demo,78.56,79.79
A1220,19,54.1,1,4.3,30.6,7.02,187,58.9,55,5.7,3,72,Synthetic/Demo,23.61,46.16
A1221,30,81.6,8,12.9,61.9,9.91,266,104.8,81,8.8,6,115,Synthetic/Demo,76.74,84.96
A1222,18,52.8,1,4.3,31.1,7.23,185,60.5,54,5.7,3,71,Synthetic/Demo,20.25,46.39
A1223,18,52.6,1,4.5,31.6,7.14,180,59.7,54,5.5,3,72,Synthetic/Demo,21.39,41.56
A1224,18,51.5,1,4.9,30.6,7.21,186,59.6,55,5.8,3,70,Synthetic/Demo,20.99,44.20
A1225,29,83.5,8,13.3,63.5,9.67,275,104.6,80,8.9,6,112,Synthetic/Demo,79.68,80.78
A1226,19,50.3,1,4.5,32.1,7.27,180,61.5,55,5.7,3,72,Synthetic/Demo,20.77,43.42
A1227,19,53.4,1,4.4,32.0,7.06,186,61.7,56,5.6,3,72,Synthetic/Demo,19.24,44.15
A1228,29,84.2,8,13.4,64.7,9.67,269,105.9,81,8.6,6,115,Synthetic/Demo,81.04,82.66
A1229,19,52.0,1,4.6,32.1,7.01,186,62.6,54,5.9,3,69,Synthetic/Demo,23.21,43.45
A1230,30,81.5,8,13.7,60.9,9.91,275,106.1,79,8.7,6,116,Synthetic/Demo,87.24,88.43
A1231,29,83.3,8,13.6,62.4,9.65,272,105.1,82,8.8,6,117,Synthetic/Demo,78.24,82.68
A1232,19,53.5,1,5.3,31.2,7.27,179,63.2,54,5.8,3,71,Synthetic/Demo,18.87,36.30
A1233,18,53.0,1,4.9,30.7,6.93,184,59.0,56,5.5,3,72,Synthetic/Demo,17.6,35.00
A1234,18,52.9,1,4.6,31.4,7.26,187,61.1,56,5.8,3,74,Synthetic/Demo,27.73,41.56
A1235,19,52.3,1,4.2,33.1,7.28,189,61.6,56,5.8,3,71,Synthetic/Demo,18.07,43.14
A1236,30,83.7,8,13.5,60.9,9.94,269,104.4,82,8.8,6,112,Synthetic/Demo,85.5,81.55
A1237,29,83.1,8,12.9,64.8,9.84,274,105.6,79,8.8,6,114,Synthetic/Demo,86.39,85.70
A1238,29,81.6,8,13.4,64.1,9.95,274,106.0,82,8.7,6,112,Synthetic/Demo,80.54,88.77
A1239,19,54.3,1,4.1,34.3,7.15,187,62.3,56,5.7,3,73,Synthetic/Demo,22.27,44.70
A1240,18,53.1,1,5.1,33.8,6.91,186,62.6,56,5.5,3,69,Synthetic/Demo,25.92,48.60
A1241,19,51.0,1,4.2,34.1,7.27,183,64.0,54,5.8,3,74,Synthetic/Demo,21.26,48.23
A1242,18,50.4,1,4.2,33.7,6.97,186,62.2,54,5.6,3,69,Synthetic/Demo,19.2,35.00
A1243,19,51.8,1,5.2,32.8,7.06,185,61.9,55,5.6,3,70,Synthetic/Demo,19.67,49.63
A1244,30,83.0,8,13.3,62.4,9.73,266,103.2,81,8.8,6,115,Synthetic/Demo,76.94,82.47
A1245,19,53.1,1,4.2,32.7,7.02,182,59.9,56,5.5,3,70,Synthetic/Demo,16.86,44.92
A1246,29,82.5,8,13.6,62.3,9.96,272,104.9,81,9.0,6,112,Synthetic/Demo,78.25,86.18
A1247,30,83.5,8,13.6,64.8,9.97,273,108.5,82,8.9,6,115,Synthetic/Demo,84.18,84.94
A1248,18,50.6,1,4.6,32.7,7.28,179,63.0,53,5.7,3,68,Synthetic/Demo,20.38,35.00
A1249,30,81.1,8,12.7,64.8,9.82,268,106.3,79,9.0,6,116,Synthetic/Demo,82.61,84.81
A1250,18,50.2,1,4.9,30.9,7.07,188,59.9,53,5.9,3,70,Synthetic/Demo,14.78,35.00
A1251,19,52.4,1,4.7,30.5,6.97,180,59.8,55,5.6,3,72,Synthetic/Demo,19.44,44.23
A1252,19,51.0,1,4.1,33.6,7.09,182,62.4,55,5.8,3,70,Synthetic/Demo,23.28,48.19
A1253,19,53.2,1,4.2,33.0,7.26,181,62.2,54,5.6,3,71,Synthetic/Demo,15.23,36.89
A1254,18,53.0,1,4.8,33.7,6.97,180,63.5,54,5.8,3,71,Synthetic/Demo,23.23,42.50
A1255,30,82.2,8,13.2,62.0,9.65,267,103.3,81,8.9,6,114,Synthetic/Demo,82.97,81.25
A1256,29,82.8,8,12.6,62.1,9.68,271,103.8,80,9.0,6,113,Synthetic/Demo,74.79,81.40
A1257,29,83.4,8,13.3,61.7,9.81,266,102.5,82,8.8,6,116,Synthetic/Demo,84.62,88.89
A1258,29,82.3,8,13.4,62.4,9.99,275,105.6,81,8.7,6,114,Synthetic/Demo,82.39,85.51
A1259,29,82.2,8,13.6,61.3,9.94,264,107.4,79,8.8,6,115,Synthetic/Demo,80.41,90.00
A1260,18,51.4,1,5.2,30.4,6.95,185,60.9,56,5.7,3,74,Synthetic/Demo,18.81,37.69
A1261,29,81.2,8,13.2,64.3,9.68,274,106.2,81,8.9,6,115,Synthetic/Demo,82.6,90.00
A1262,29,85.3,8,13.1,64.5,9.98,269,105.6,79,8.8,6,117,Synthetic/Demo,82.81,86.53
A1263,29,81.2,8,13.4,63.5,9.9,273,106.7,81,9.0,6,115,Synthetic/Demo,83.89,90.00
A1264,30,82.2,8,12.7,61.9,9.75,274,102.2,79,8.8,6,115,Synthetic/Demo,74.96,82.34
A1265,18,53.5,1,4.8,33.8,7.0,185,62.9,55,5.7,3,71,Synthetic/Demo,21.9,40.92
A1266,30,81.6,8,13.2,62.0,9.91,269,105.7,80,8.7,6,111,Synthetic/Demo,76.78,84.66
A1267,29,81.6,8,13.7,62.9,9.9,271,104.3,81,8.7,6,111,Synthetic/Demo,81.39,81.30
A1268,19,51.6,1,5.1,31.9,7.0,183,60.8,54,5.7,3,69,Synthetic/Demo,17.84,43.68
A1269,29,85.2,8,13.4,61.3,9.93,265,103.3,79,8.9,6,112,Synthetic/Demo,78.87,88.40
A1270,29,82.6,8,13.7,62.9,9.98,270,103.9,81,8.9,6,112,Synthetic/Demo,86.03,88.80
A1271,30,83.4,8,13.7,63.7,9.68,265,107.4,80,9.0,6,114,Synthetic/Demo,86.32,90.00
A1272,30,84.0,8,13.7,61.8,10.0,272,106.3,79,9.0,6,112,Synthetic/Demo,84.42,90.00
A1273,19,53.9,1,5.1,33.3,7.05,182,61.9,55,5.6,3,71,Synthetic/Demo,18.47,39.55
A1274,29,84.0,8,13.1,62.3,9.79,267,103.9,82,9.0,6,112,Synthetic/Demo,79.36,87.05
A1275,19,50.8,1,4.9,30.6,7.25,179,59.7,53,5.5,3,73,Synthetic/Demo,23.93,36.87
A1276,29,81.5,8,13.0,63.3,9.8,273,103.7,80,8.8,6,114,Synthetic/Demo,80.31,85.16
A1277,29,82.2,8,12.8,60.8,9.92,267,104.7,80,8.6,6,112,Synthetic/Demo,86.28,81.46
A1278,19,51.6,1,5.3,30.6,7.06,183,59.0,55,5.5,3,69,Synthetic/Demo,20.69,47.98
A1279,18,50.7,1,4.9,31.9,7.05,184,60.1,54,5.8,3,73,Synthetic/Demo,20.63,42.04
A1280,18,50.4,1,5.2,31.6,7.15,187,62.2,54,5.6,3,72,Synthetic/Demo,20.06,39.71
A1281,30,85.0,8,13.6,64.7,9.98,272,107.7,79,8.9,6,113,Synthetic/Demo,84.69,90.00
A1282,18,50.6,1,5.1,32.5,7.18,180,61.8,55,5.8,3,71,Synthetic/Demo,21.89,35.00
A1283,29,81.2,8,13.6,63.4,9.68,270,104.1,79,8.8,6,116,Synthetic/Demo,83.0,75.12
A1284,19,52.9,1,4.2,31.0,7.09,181,59.7,56,5.7,3,69,Synthetic/Demo,21.37,43.50
A1285,19,50.1,1,4.2,31.4,7.08,185,59.9,56,5.9,3,72,Synthetic/Demo,16.11,40.25
A1286,18,50.5,1,4.7,32.2,7.08,182,58.5,56,5.7,3,68,Synthetic/Demo,15.68,40.87
A1287,30,81.9,8,13.6,61.1,9.65,268,103.5,80,8.8,6,114,Synthetic/Demo,73.87,78.20
A1288,18,53.6,1,5.0,32.8,7.12,179,61.1,56,5.5,3,68,Synthetic/Demo,23.11,40.48
A1289,30,81.4,8,12.9,62.3,9.84,264,103.6,80,8.6,6,112,Synthetic/Demo,76.69,90.00
A1290,18,50.4,1,4.8,33.4,7.14,181,63.4,54,5.7,3,73,Synthetic/Demo,15.91,45.25
A1291,30,81.3,8,13.4,61.7,10.0,271,104.0,79,8.9,6,116,Synthetic/Demo,82.21,86.46
A1292,29,85.2,8,13.2,64.9,9.84,274,105.8,79,8.7,6,115,Synthetic/Demo,89.31,83.67
A1293,30,84.9,8,13.3,61.1,9.81,271,103.3,80,8.6,6,114,Synthetic/Demo,78.93,83.00
A1294,29,84.1,8,12.7,61.2,9.8,271,101.4,80,8.9,6,111,Synthetic/Demo,80.39,73.70
A1295,19,50.6,1,5.2,33.4,7.13,187,62.9,56,5.6,3,70,Synthetic/Demo,22.37,43.10
A1296,30,81.8,8,12.9,64.0,9.8,269,105.6,82,8.7,6,117,Synthetic/Demo,80.35,89.78
A1297,30,82.0,8,13.0,64.9,9.87,264,107.0,80,8.7,6,115,Synthetic/Demo,85.68,77.90
A1298,19,53.4,1,5.1,34.1,7.01,178,62.8,54,5.7,3,70,Synthetic/Demo,22.12,38.21
A1299,29,84.3,8,13.7,61.5,9.86,268,104.0,80,8.8,6,115,Synthetic/Demo,81.72,79.61
A1300,30,82.1,8,12.8,64.7,9.93,275,105.7,81,8.6,6,113,Synthetic/Demo,82.04,80.88
A1301,29,82.3,8,13.5,64.9,9.93,268,109.1,80,8.9,6,114,Synthetic/Demo,82.68,86.72
A1302,30,83.6,8,12.9,64.7,9.94,271,106.4,80,8.8,6,114,Synthetic/Demo,85.22,75.60
A1303,19,51.1,1,4.6,31.9,7.0,189,60.8,56,5.9,3,73,Synthetic/Demo,18.4,43.78
A1304,29,83.5,8,13.8,61.1,9.65,266,103.7,80,8.8,6,117,Synthetic/Demo,77.59,88.73
A1305,29,82.7,8,12.7,64.4,9.94,274,104.8,79,8.9,6,113,Synthetic/Demo,82.8,84.24
A1306,29,81.1,8,13.7,64.8,9.65,271,103.9,80,8.8,6,117,Synthetic/Demo,78.76,73.14
A1307,19,53.6,1,5.0,33.2,7.21,179,63.1,56,5.9,3,69,Synthetic/Demo,23.47,37.28
A1308,19,51.9,1,5.2,31.1,6.97,182,60.3,54,5.9,3,70,Synthetic/Demo,20.26,46.57
A1309,18,51.7,1,4.5,33.1,7.24,184,62.3,54,5.9,3,71,Synthetic/Demo,25.13,35.00
A1310,29,82.4,8,13.6,62.0,9.96,274,105.4,79,9.0,6,117,Synthetic/Demo,83.02,84.18
A1311,29,81.3,8,13.7,63.3,9.86,268,107.4,79,8.8,6,114,Synthetic/Demo,83.1,79.88
A1312,29,83.6,8,13.8,64.5,9.99,265,106.1,80,8.6,6,112,Synthetic/Demo,86.81,90.00
A1313,30,84.7,8,13.6,62.9,9.9,264,104.9,80,8.6,6,115,Synthetic/Demo,86.35,82.34
A1314,29,82.5,8,13.1,63.3,9.83,265,106.2,81,8.8,6,116,Synthetic/Demo,83.28,87.47
A1315,18,50.4,1,5.2,31.2,7.14,179,61.1,55,5.6,3,71,Synthetic/Demo,21.19,43.09
A1316,29,85.1,8,13.2,62.0,9.79,273,103.6,80,8.6,6,114,Synthetic/Demo,75.16,90.00
A1317,18,51.7,1,4.5,32.8,7.14,183,60.7,55,5.5,3,71,Synthetic/Demo,16.98,39.06
A1318,18,51.8,1,4.6,31.3,7.23,185,62.6,55,5.8,3,68,Synthetic/Demo,19.92,42.50
A1319,18,54.2,1,4.8,33.8,7.26,181,63.8,54,5.5,3,71,Synthetic/Demo,21.31,35.00
A1320,30,81.9,8,13.4,64.6,9.99,264,105.9,80,8.6,6,113,Synthetic/Demo,83.12,90.00
A1321,29,84.1,8,13.6,64.8,9.69,265,107.6,80,9.0,6,116,Synthetic/Demo,83.71,82.32
A1322,29,83.2,8,12.8,61.0,9.67,269,104.2,81,8.9,6,115,Synthetic/Demo,79.65,81.71
A1323,18,50.1,1,4.8,33.7,7.06,179,61.4,56,5.5,3,71,Synthetic/Demo,21.2,40.25
A1324,30,81.3,8,13.0,62.5,9.64,269,104.8,80,8.7,6,115,Synthetic/Demo,80.63,76.94
A1325,30,83.2,8,12.8,63.0,9.87,265,105.0,79,8.8,6,116,Synthetic/Demo,81.07,86.41
A1326,19,53.0,1,5.0,31.9,7.05,188,60.0,54,5.7,3,69,Synthetic/Demo,13.93,45.42
A1327,29,85.1,8,13.7,62.8,9.9,272,105.4,82,8.7,6,114,Synthetic/Demo,78.83,87.42
A1328,30,81.5,8,13.2,62.2,9.67,271,104.1,80,8.9,6,115,Synthetic/Demo,78.94,77.08
A1329,19,54.2,1,4.8,30.8,7.23,186,59.4,53,5.8,3,71,Synthetic/Demo,16.22,40.09
A1330,19,54.2,1,5.1,32.7,6.98,183,64.4,53,5.5,3,68,Synthetic/Demo,23.67,44.68
A1331,19,52.4,1,4.4,33.7,7.01,188,61.1,55,5.5,3,74,Synthetic/Demo,23.95,35.00
A1332,19,50.3,1,5.1,32.7,7.04,181,62.8,56,5.7,3,72,Synthetic/Demo,25.37,35.88
A1333,18,52.3,1,4.4,31.7,7.24,179,61.4,54,5.8,3,69,Synthetic/Demo,20.41,44.59
A1334,18,53.8,1,5.2,33.6,7.25,187,63.3,55,5.7,3,70,Synthetic/Demo,27.65,43.73
A1335,18,52.9,1,4.5,32.4,7.15,188,60.9,56,5.8,3,70,Synthetic/Demo,20.36,42.82
A1336,19,53.1,1,4.3,31.0,7.07,188,60.2,55,5.6,3,71,Synthetic/Demo,16.84,49.05
A1337,19,50.4,1,4.3,31.6,7.1,182,59.7,54,5.7,3,72,Synthetic/Demo,17.17,41.94
A1338,29,81.9,8,12.7,64.3,9.77,268,105.0,80,8.8,6,114,Synthetic/Demo,79.79,88.34
A1339,19,50.5,1,4.6,33.1,7.26,180,61.1,56,5.5,3,72,Synthetic/Demo,20.25,54.51
A1340,19,53.9,1,4.7,32.6,7.27,189,63.1,56,5.6,3,68,Synthetic/Demo,21.87,40.71
A1341,29,84.4,8,12.7,62.9,9.92,271,103.8,81,8.8,6,115,Synthetic/Demo,80.26,81.25
A1342,18,53.4,1,4.6,32.8,7.13,188,61.6,54,5.9,3,71,Synthetic/Demo,20.73,43.24
A1343,29,84.7,8,13.4,63.1,9.9,265,106.1,82,9.0,6,114,Synthetic/Demo,83.95,88.20
A1344,30,83.6,8,12.6,61.2,9.71,270,104.0,79,9.0,6,115,Synthetic/Demo,81.74,82.04
A1345,30,83.9,8,13.4,64.7,9.89,271,108.2,80,8.8,6,116,Synthetic/Demo,86.21,81.34
A1346,19,51.0,1,5.2,31.6,7.04,180,62.7,55,5.6,3,73,Synthetic/Demo,16.74,52.40
A1347,18,53.8,1,4.6,31.7,6.94,182,59.4,56,5.6,3,68,Synthetic/Demo,10.98,40.90
A1348,29,82.8,8,13.4,62.6,9.72,272,105.9,79,8.6,6,112,Synthetic/Demo,83.28,81.32
A1349,29,82.0,8,12.8,61.1,9.87,270,102.3,80,8.7,6,112,Synthetic/Demo,74.27,88.90
A1350,19,51.1,1,4.3,32.8,7.14,182,60.7,53,5.8,3,73,Synthetic/Demo,19.73,39.88
A1351,29,83.7,8,13.3,61.2,9.91,272,103.4,82,8.7,6,111,Synthetic/Demo,76.04,83.79
A1352,18,53.9,1,4.6,31.4,7.09,186,61.3,55,5.7,3,71,Synthetic/Demo,14.02,43.10
A1353,29,84.5,8,13.6,62.6,9.98,268,108.1,79,8.9,6,111,Synthetic/Demo,85.28,79.59
A1354,19,53.0,1,4.7,33.5,7.27,182,62.9,54,5.7,3,70,Synthetic/Demo,25.06,43.56
A1355,19,52.9,1,5.1,32.3,6.92,179,64.8,53,5.9,3,72,Synthetic/Demo,20.51,50.85
A1356,19,53.5,1,5.3,30.8,7.16,189,62.4,54,5.8,3,71,Synthetic/Demo,13.16,43.95
A1357,18,51.3,1,4.4,34.4,6.93,185,61.6,55,5.6,3,73,Synthetic/Demo,18.4,38.38
A1358,30,83.8,8,13.2,61.3,9.73,268,104.4,81,8.8,6,116,Synthetic/Demo,80.41,82.56
A1359,18,52.9,1,4.1,32.5,6.97,180,59.9,53,5.7,3,71,Synthetic/Demo,14.52,36.99
A1360,29,83.8,8,12.7,64.8,9.98,275,105.3,80,8.8,6,115,Synthetic/Demo,81.89,84.55
A1361,19,51.6,1,5.0,32.1,7.22,183,61.5,55,5.7,3,72,Synthetic/Demo,21.48,39.50
A1362,19,53.0,1,4.7,32.7,7.23,181,63.0,55,5.6,3,73,Synthetic/Demo,23.59,46.12
A1363,29,82.1,8,13.2,64.0,9.85,273,106.6,82,8.9,6,115,Synthetic/Demo,82.07,77.27
A1364,18,54.1,1,4.8,32.0,7.07,180,61.7,56,5.7,3,74,Synthetic/Demo,17.63,45.12
A1365,19,50.1,1,5.2,33.5,6.99,186,62.5,54,5.8,3,68,Synthetic/Demo,25.64,39.35
A1366,18,54.1,1,5.2,31.4,7.07,189,61.2,55,5.7,3,69,Synthetic/Demo,19.71,42.72
A1367,30,84.7,8,13.0,61.9,9.8,270,102.1,80,8.9,6,114,Synthetic/Demo,78.93,79.40
A1368,19,50.2,1,4.4,32.4,6.97,184,60.5,56,5.8,3,71,Synthetic/Demo,16.3,46.65
A1369,18,51.3,1,5.1,31.0,6.97,186,61.0,54,5.6,3,73,Synthetic/Demo,17.93,46.11
A1370,18,53.4,1,5.2,30.9,7.2,189,63.7,54,5.8,3,73,Synthetic/Demo,18.64,46.49
A1371,19,53.2,1,4.5,32.2,6.95,182,59.9,53,5.6,3,70,Synthetic/Demo,18.6,35.00
A1372,29,82.3,8,13.2,61.4,9.85,271,104.1,82,8.7,6,112,Synthetic/Demo,84.59,89.06
A1373,19,50.8,1,5.1,32.8,6.97,188,60.8,53,5.6,3,71,Synthetic/Demo,16.16,42.53
A1374,19,52.8,1,5.2,33.9,7.22,184,64.2,53,5.6,3,69,Synthetic/Demo,19.03,35.00
A1375,30,83.4,8,13.3,62.8,9.83,273,105.1,81,8.8,6,115,Synthetic/Demo,84.97,85.59
A1376,30,81.7,8,13.5,62.4,9.72,273,105.5,82,8.9,6,111,Synthetic/Demo,79.9,87.33
A1377,19,50.1,1,4.7,30.5,7.08,181,60.7,54,5.9,3,70,Synthetic/Demo,17.76,42.66
A1378,19,52.6,1,5.3,31.8,7.28,182,63.0,54,5.6,3,69,Synthetic/Demo,25.96,42.58
A1379,30,82.1,8,13.6,63.3,9.87,266,106.2,82,8.7,6,116,Synthetic/Demo,80.56,87.43
A1380,29,84.0,8,13.1,60.8,9.74,272,102.6,82,8.7,6,113,Synthetic/Demo,83.25,90.00
A1381,19,52.9,1,4.4,32.3,6.98,180,61.3,55,5.9,3,72,Synthetic/Demo,21.95,46.53
A1382,30,84.1,8,13.5,63.0,9.86,271,105.3,79,8.7,6,115,Synthetic/Demo,80.03,71.41
A1383,29,85.3,8,13.6,61.8,9.81,265,103.7,81,8.9,6,116,Synthetic/Demo,87.37,83.87
A1384,29,84.4,8,12.8,61.1,9.67,270,103.3,81,8.7,6,113,Synthetic/Demo,75.75,83.47
A1385,30,82.5,8,13.4,61.7,9.86,272,105.9,82,8.8,6,114,Synthetic/Demo,82.76,76.89
A1386,30,84.9,8,12.6,64.1,9.95,265,104.4,81,8.9,6,113,Synthetic/Demo,82.41,86.10
A1387,29,81.2,8,12.7,63.1,9.69,264,104.5,80,8.9,6,115,Synthetic/Demo,83.85,90.00
A1388,19,52.2,1,4.1,34.3,7.11,183,63.8,53,5.7,3,72,Synthetic/Demo,26.23,35.61
A1389,19,51.7,1,4.4,34.4,7.06,186,62.2,55,5.6,3,69,Synthetic/Demo,21.05,42.57
A1390,29,81.8,8,13.3,62.3,9.64,265,105.8,81,8.8,6,116,Synthetic/Demo,78.06,80.38
A1391,29,85.2,8,13.3,62.3,9.94,266,106.1,80,9.0,6,112,Synthetic/Demo,83.72,82.37
A1392,19,50.1,1,4.7,31.9,7.13,184,60.5,54,5.8,3,72,Synthetic/Demo,18.21,47.89
A1393,30,84.5,8,13.7,64.7,9.7,265,105.9,79,8.7,6,111,Synthetic/Demo,89.15,83.02
A1394,29,82.6,8,13.1,62.4,9.97,270,105.6,82,8.6,6,112,Synthetic/Demo,81.28,87.63
A1395,19,50.9,1,4.7,31.7,7.17,184,59.6,55,5.7,3,70,Synthetic/Demo,18.82,35.00
A1396,29,85.2,8,13.6,63.5,9.77,267,104.8,80,8.6,6,115,Synthetic/Demo,82.13,90.00
A1397,30,82.9,8,13.0,62.6,9.8,275,104.5,80,8.9,6,117,Synthetic/Demo,75.44,88.49
A1398,19,50.1,1,4.9,33.0,6.96,179,61.5,56,5.8,3,73,Synthetic/Demo,18.13,39.90
A1399,18,52.9,1,4.7,33.7,6.95,187,60.8,55,5.8,3,71,Synthetic/Demo,23.81,43.56
A1400,29,85.0,8,13.3,62.3,9.67,269,104.0,81,8.7,6,116,Synthetic/Demo,77.4,77.97
A1401,18,52.4,1,4.5,31.6,7.13,178,62.6,54,5.9,3,72,Synthetic/Demo,17.95,46.35
A1402,29,83.6,8,13.6,61.3,9.65,273,102.9,80,8.8,6,112,Synthetic/Demo,80.52,83.13
A1403,18,54.2,1,5.1,33.6,7.11,186,62.3,55,5.6,3,71,Synthetic/Demo,25.48,40.59
A1404,18,50.3,1,5.2,33.7,7.06,179,63.1,54,5.5,3,70,Synthetic/Demo,25.04,38.35
A1405,30,81.4,8,13.0,62.4,9.92,270,106.4,81,8.9,6,117,Synthetic/Demo,83.94,82.82
A1406,19,51.1,1,4.5,30.3,7.23,185,59.4,55,5.7,3,71,Synthetic/Demo,16.51,43.42
A1407,19,52.0,1,4.7,32.1,6.93,183,59.9,55,5.6,3,70,Synthetic/Demo,14.78,40.99
A1408,29,82.5,8,13.1,64.8,9.72,263,106.2,81,9.0,6,117,Synthetic/Demo,86.92,88.96
A1409,18,53.1,1,4.9,32.9,6.99,178,63.9,53,5.7,3,72,Synthetic/Demo,21.15,40.69
A1410,30,83.8,8,13.6,61.3,9.81,272,103.4,80,8.9,6,117,Synthetic/Demo,79.07,88.09
A1411,18,51.9,1,4.5,31.6,6.95,180,62.4,56,5.8,3,68,Synthetic/Demo,23.82,37.59
A1412,30,84.9,8,12.9,64.6,9.8,264,104.0,81,8.8,6,111,Synthetic/Demo,83.24,90.00
A1413,19,50.1,1,4.9,30.4,6.94,179,59.0,54,5.8,3,72,Synthetic/Demo,20.21,35.00
A1414,19,52.5,1,4.8,30.6,7.04,186,59.6,55,5.5,3,69,Synthetic/Demo,24.86,45.88
A1415,30,81.6,8,12.8,63.8,9.88,273,104.8,82,8.8,6,114,Synthetic/Demo,78.44,90.00
A1416,19,51.5,1,4.8,32.9,6.92,178,61.6,54,5.6,3,73,Synthetic/Demo,23.41,35.93
A1417,19,50.9,1,5.1,31.2,7.11,179,60.9,55,5.7,3,72,Synthetic/Demo,21.03,51.74
A1418,18,53.5,1,5.2,32.1,7.28,186,60.3,56,5.7,3,72,Synthetic/Demo,22.23,46.65
A1419,19,50.2,1,4.2,32.9,7.23,183,61.9,54,5.5,3,69,Synthetic/Demo,25.25,45.05
A1420,29,83.1,8,13.6,61.7,9.72,265,104.3,79,8.8,6,112,Synthetic/Demo,82.34,85.00
A1421,18,51.9,1,5.2,32.6,7.24,183,63.0,55,5.7,3,71,Synthetic/Demo,24.41,40.65
A1422,19,51.1,1,4.3,31.0,7.08,182,59.3,54,5.7,3,68,Synthetic/Demo,21.85,38.07
A1423,29,85.1,8,13.4,63.8,9.89,273,105.4,79,8.7,6,113,Synthetic/Demo,80.77,87.70
A1424,29,84.5,8,13.6,61.6,9.75,273,104.0,80,8.7,6,114,Synthetic/Demo,77.14,90.00
A1425,29,84.7,8,13.4,62.3,9.83,266,104.3,80,8.7,6,113,Synthetic/Demo,77.83,86.07
A1426,19,51.4,1,5.2,34.2,7.24,188,63.2,53,5.5,3,73,Synthetic/Demo,17.19,37.74
A1427,19,53.2,1,4.6,32.8,7.14,179,62.8,56,5.7,3,68,Synthetic/Demo,27.92,45.19
A1428,29,84.0,8,12.9,62.0,9.66,267,102.0,81,8.8,6,116,Synthetic/Demo,74.84,89.10
A1429,30,82.9,8,12.9,60.8,9.86,264,103.4,79,9.0,6,111,Synthetic/Demo,79.18,87.98
A1430,19,51.5,1,4.1,30.6,7.1,189,59.1,54,5.7,3,72,Synthetic/Demo,16.3,43.02
A1431,30,81.7,8,12.7,64.7,9.93,269,105.0,81,8.7,6,112,Synthetic/Demo,82.41,84.14
A1432,19,50.2,1,4.8,32.0,7.05,179,62.5,54,5.8,3,72,Synthetic/Demo,23.66,35.93
A1433,19,51.5,1,4.1,31.4,7.09,184,61.0,56,5.6,3,73,Synthetic/Demo,20.87,35.45
A1434,19,50.5,1,5.3,31.2,7.13,186,61.9,56,5.7,3,68,Synthetic/Demo,19.27,35.00
A1435,30,81.5,8,13.1,61.8,9.98,274,104.8,81,8.7,6,111,Synthetic/Demo,79.68,86.50
A1436,19,50.5,1,4.7,33.0,7.25,182,63.0,56,5.5,3,73,Synthetic/Demo,22.65,41.01
A1437,19,51.9,1,4.8,34.3,6.93,180,62.0,55,5.9,3,72,Synthetic/Demo,21.08,39.10
A1438,30,83.9,8,13.2,64.2,9.96,274,105.6,82,8.6,6,114,Synthetic/Demo,86.41,71.31
A1439,30,82.8,8,13.0,64.5,9.89,265,105.1,80,8.7,6,113,Synthetic/Demo,83.68,79.32
A1440,29,84.6,8,13.6,64.7,9.68,271,106.0,81,8.9,6,117,Synthetic/Demo,84.25,90.00
A1441,19,51.9,1,4.5,30.7,7.25,189,57.4,55,5.7,3,72,Synthetic/Demo,20.04,36.75
A1442,29,84.1,8,13.2,60.9,9.67,267,100.0,81,8.7,6,117,Synthetic/Demo,80.81,86.06
A1443,30,84.0,8,13.6,64.9,9.9,266,107.3,79,8.8,6,111,Synthetic/Demo,85.02,79.33
A1444,29,83.4,8,12.7,62.4,9.63,269,104.6,80,8.8,6,114,Synthetic/Demo,74.76,90.00
A1445,30,81.3,8,13.1,64.5,9.8,274,105.4,79,8.9,6,113,Synthetic/Demo,82.68,84.94
A1446,19,53.0,1,5.2,33.7,7.23,180,62.9,54,5.6,3,71,Synthetic/Demo,21.68,43.56
A1447,19,53.9,1,5.2,31.4,7.27,186,61.7,54,5.6,3,71,Synthetic/Demo,19.87,53.22
A1448,29,83.0,8,12.7,60.8,9.85,274,103.1,80,8.7,6,115,Synthetic/Demo,79.35,90.00
A1449,30,82.6,8,12.7,61.0,9.89,270,104.8,81,8.6,6,114,Synthetic/Demo,82.36,83.24
A1450,29,85.0,8,13.1,63.6,9.85,266,101.9,80,8.8,6,112,Synthetic/Demo,80.84,82.13
A1451,18,51.8,1,4.9,32.2,7.23,184,63.1,55,5.7,3,74,Synthetic/Demo,22.66,39.85
A1452,19,53.6,1,5.1,32.7,7.15,182,62.1,54,5.7,3,73,Synthetic/Demo,27.16,44.25
A1453,19,53.8,1,4.2,33.5,7.03,189,61.3,56,5.8,3,71,Synthetic/Demo,20.14,40.45
A1454,19,51.3,1,4.3,31.8,7.25,184,58.6,53,5.6,3,71,Synthetic/Demo,27.12,37.81
A1455,19,53.5,1,4.4,30.9,7.19,183,60.1,54,5.8,3,71,Synthetic/Demo,21.11,47.59
A1456,19,50.7,1,4.7,30.7,7.08,181,60.4,55,5.6,3,70,Synthetic/Demo,14.0,39.05
A1457,19,51.4,1,4.5,30.8,7.08,188,60.6,54,5.8,3,69,Synthetic/Demo,21.0,51.39
A1458,18,52.2,1,4.7,34.3,7.28,182,61.9,55,5.5,3,69,Synthetic/Demo,23.83,41.73
A1459,29,83.4,8,13.6,64.7,9.89,268,107.5,79,8.9,6,112,Synthetic/Demo,88.13,90.00
A1460,29,83.3,8,13.4,64.5,9.69,270,106.4,81,8.9,6,117,Synthetic/Demo,83.85,87.67
A1461,30,84.1,8,13.2,62.1,9.77,266,105.5,79,8.7,6,114,Synthetic/Demo,80.17,89.94
A1462,18,50.9,1,4.5,31.1,7.24,184,61.2,54,5.6,3,71,Synthetic/Demo,16.23,36.30
A1463,19,53.4,1,4.3,34.4,7.13,183,62.2,54,5.5,3,72,Synthetic/Demo,20.58,36.75
A1464,29,83.8,8,13.0,63.8,9.93,272,107.5,79,8.6,6,112,Synthetic/Demo,79.42,87.85
A1465,29,82.2,8,12.6,63.5,9.7,271,102.6,79,8.7,6,115,Synthetic/Demo,76.81,89.38
A1466,18,51.0,1,4.2,33.5,7.16,184,62.0,54,5.8,3,71,Synthetic/Demo,22.71,40.75
A1467,18,53.8,1,5.0,31.5,6.94,180,61.2,56,5.5,3,71,Synthetic/Demo,24.71,35.00
A1468,29,81.5,8,12.7,64.8,9.69,273,106.0,82,8.9,6,116,Synthetic/Demo,81.45,78.63
A1469,18,51.0,1,5.3,30.7,7.09,184,60.9,55,5.6,3,69,Synthetic/Demo,16.74,35.00
A1470,19,50.2,1,4.8,34.0,7.26,182,63.2,54,5.7,3,70,Synthetic/Demo,24.64,35.00
A1471,30,81.6,8,13.4,64.9,9.97,271,109.3,79,8.7,6,115,Synthetic/Demo,87.79,87.02
A1472,29,82.8,8,13.3,61.0,9.81,271,104.8,80,8.8,6,117,Synthetic/Demo,77.65,90.00
A1473,30,85.1,8,12.7,62.7,9.83,273,104.4,79,8.9,6,117,Synthetic/Demo,79.0,85.33
A1474,18,52.5,1,4.8,32.1,6.97,183,60.8,55,5.8,3,69,Synthetic/Demo,20.08,35.00
A1475,19,51.9,1,4.7,32.1,7.0,189,61.6,55,5.6,3,72,Synthetic/Demo,16.82,39.54
A1476,29,82.9,8,13.2,64.9,9.9,266,107.7,81,8.8,6,114,Synthetic/Demo,85.49,85.23
A1477,19,50.9,1,4.1,30.4,7.05,189,58.5,55,5.6,3,74,Synthetic/Demo,15.9,49.48
A1478,19,51.9,1,4.2,33.2,7.22,189,60.5,56,5.6,3,69,Synthetic/Demo,20.99,35.00
A1479,18,50.7,1,5.3,30.4,7.01,185,61.5,54,5.9,3,74,Synthetic/Demo,17.43,38.56
A1480,29,85.2,8,13.3,63.8,9.86,266,106.6,79,8.6,6,111,Synthetic/Demo,81.26,90.00
A1481,19,53.3,1,5.0,32.8,6.91,179,62.9,53,5.7,3,73,Synthetic/Demo,23.57,43.06
A1482,18,53.2,1,4.4,30.7,7.26,189,60.1,56,5.8,3,68,Synthetic/Demo,17.88,43.09
A1483,29,85.2,8,13.4,64.6,10.0,273,106.7,79,8.6,6,115,Synthetic/Demo,88.21,86.78
A1484,30,81.7,8,12.7,63.7,9.66,268,104.6,82,8.9,6,115,Synthetic/Demo,78.41,86.75
A1485,18,54.0,1,5.0,33.3,7.12,182,63.3,54,5.6,3,72,Synthetic/Demo,23.03,45.31
A1486,30,85.0,8,12.8,61.2,9.97,268,103.5,82,8.8,6,113,Synthetic/Demo,82.2,81.15
A1487,19,53.5,1,4.9,30.5,7.13,181,60.0,55,5.6,3,68,Synthetic/Demo,15.5,44.41
A1488,18,50.9,1,5.0,34.4,6.99,184,62.7,55,5.7,3,72,Synthetic/Demo,16.78,35.00
A1489,29,82.7,8,12.8,61.4,9.86,273,104.9,79,9.0,6,114,Synthetic/Demo,74.82,86.62
A1490,30,81.2,8,13.1,63.4,10.0,266,106.4,80,8.7,6,114,Synthetic/Demo,86.28,86.59
A1491,29,82.9,8,13.7,63.7,9.99,268,106.7,80,8.8,6,114,Synthetic/Demo,82.09,83.10
A1492,30,84.3,8,13.2,63.7,9.93,270,105.0,79,9.0,6,117,Synthetic/Demo,89.72,86.00
A1493,29,83.4,8,13.1,61.5,9.66,267,102.4,82,8.9,6,112,Synthetic/Demo,76.91,81.42
A1494,29,83.8,8,13.5,62.1,9.77,273,104.0,81,8.6,6,115,Synthetic/Demo,80.15,79.81
A1495,19,54.1,1,4.1,30.4,7.28,185,58.8,55,5.8,3,71,Synthetic/Demo,22.94,38.30
A1496,30,81.7,8,12.7,63.3,9.89,275,105.2,82,9.0,6,112,Synthetic/Demo,86.25,80.09
A1497,19,53.5,1,5.1,33.5,7.05,182,64.7,54,5.5,3,70,Synthetic/Demo,28.89,43.21
A1498,29,84.5,8,13.5,62.9,9.76,267,103.8,80,9.0,6,115,Synthetic/Demo,84.87,79.75
A1499,18,51.6,1,4.1,30.8,6.97,179,58.8,56,5.8,3,70,Synthetic/Demo,20.71,42.11
A1500,19,50.0,1,4.3,30.5,7.27,185,60.7,55,5.6,3,74,Synthetic/Demo,20.61,35.00
A1501,29,82.8,8,13.4,64.5,9.91,265,106.7,79,8.9,6,114,Synthetic/Demo,86.17,83.13
A1502,30,84.4,8,13.7,61.0,9.79,267,104.3,81,8.9,6,115,Synthetic/Demo,78.88,82.39
A1503,29,83.3,8,12.7,63.6,9.91,268,105.3,80,8.8,6,112,Synthetic/Demo,78.7,90.00
A1504,19,50.3,1,4.1,31.4,7.26,184,62.6,56,5.7,3,70,Synthetic/Demo,19.88,42.06
A1505,29,82.1,8,13.1,61.6,9.73,273,101.6,81,8.6,6,117,Synthetic/Demo,77.03,83.43
A1506,29,81.9,8,13.2,62.0,9.74,271,106.0,79,8.7,6,117,Synthetic/Demo,78.5,87.48
A1507,29,84.5,8,13.2,64.5,9.81,270,105.3,81,8.6,6,116,Synthetic/Demo,83.43,75.11
A1508,30,83.5,8,13.5,61.4,9.89,270,103.9,80,8.8,6,116,Synthetic/Demo,83.22,85.28
A1509,30,84.0,8,13.3,64.7,10.0,267,106.8,79,8.9,6,112,Synthetic/Demo,84.4,90.00
A1510,29,84.7,8,13.3,64.2,9.69,274,104.5,81,9.0,6,113,Synthetic/Demo,85.27,86.34
A1511,29,85.2,8,13.0,63.7,9.76,266,107.4,81,8.6,6,114,Synthetic/Demo,77.97,85.73
A1512,29,82.1,8,12.8,62.5,9.76,271,103.9,82,8.8,6,112,Synthetic/Demo,78.46,87.51
A1513,30,81.8,8,13.4,64.6,9.9,266,107.4,80,8.9,6,111,Synthetic/Demo,81.87,90.00
A1514,19,53.6,1,5.3,31.8,6.93,185,62.8,54,5.7,3,71,Synthetic/Demo,15.21,35.00
A1515,29,81.2,8,13.0,62.4,9.7,274,103.9,81,8.9,6,117,Synthetic/Demo,78.47,76.55
A1516,29,84.4,8,12.9,63.3,9.89,266,104.1,81,8.9,6,117,Synthetic/Demo,80.52,86.53
A1517,19,51.9,1,4.5,33.9,7.19,183,63.3,55,5.5,3,70,Synthetic/Demo,26.45,37.68
A1518,30,83.9,8,13.0,61.9,9.67,271,102.7,79,8.7,6,117,Synthetic/Demo,79.99,90.00
A1519,19,54.0,1,4.9,33.8,7.2,178,64.0,55,5.8,3,69,Synthetic/Demo,20.77,40.65
A1520,19,52.7,1,5.1,32.6,6.98,185,61.2,53,5.5,3,71,Synthetic/Demo,26.05,35.00
A1521,18,53.5,1,5.3,30.7,7.0,185,60.9,55,5.9,3,70,Synthetic/Demo,23.82,35.00
A1522,29,84.6,8,13.1,62.5,9.68,273,103.5,79,8.7,6,111,Synthetic/Demo,80.78,70.91
A1523,29,82.5,8,13.6,64.2,9.88,267,104.9,82,9.0,6,117,Synthetic/Demo,82.18,85.02
A1524,29,81.1,8,13.1,63.2,9.78,274,103.5,81,8.6,6,113,Synthetic/Demo,76.55,83.93
A1525,19,51.1,1,5.1,31.9,6.99,181,62.1,54,5.7,3,74,Synthetic/Demo,19.73,38.62
A1526,29,85.3,8,12.6,63.0,9.82,264,102.4,79,8.9,6,117,Synthetic/Demo,82.95,90.00
A1527,29,83.9,8,13.3,61.8,9.89,270,104.6,80,8.7,6,115,Synthetic/Demo,86.0,90.00
A1528,19,53.7,1,4.5,34.2,7.02,183,62.7,54,5.9,3,71,Synthetic/Demo,26.33,40.61
A1529,19,53.9,1,4.3,34.3,6.94,181,63.2,54,5.9,3,69,Synthetic/Demo,19.99,35.00
A1530,29,83.3,8,12.9,64.9,9.85,268,104.7,80,8.8,6,115,Synthetic/Demo,78.32,88.60
A1531,18,52.1,1,4.4,33.2,6.97,186,60.9,53,5.6,3,72,Synthetic/Demo,19.84,42.52
A1532,19,54.0,1,4.5,31.2,7.14,187,58.4,53,5.7,3,72,Synthetic/Demo,13.2,41.56
A1533,30,83.5,8,13.6,64.3,9.81,272,106.7,81,8.8,6,115,Synthetic/Demo,83.48,90.00
A1534,18,52.2,1,4.7,31.6,7.24,185,62.8,54,5.7,3,72,Synthetic/Demo,20.6,35.09
A1535,30,82.2,8,13.4,61.2,9.79,264,105.7,81,8.8,6,114,Synthetic/Demo,79.34,90.00
A1536,29,81.5,8,13.8,62.4,9.73,268,106.8,79,8.8,6,114,Synthetic/Demo,77.22,80.60
A1537,29,83.4,8,12.6,61.9,9.95,271,103.5,81,8.6,6,116,Synthetic/Demo,80.25,88.57
A1538,18,53.8,1,4.7,33.6,6.93,181,62.1,53,5.9,3,69,Synthetic/Demo,19.88,35.00
A1539,18,53.7,1,4.2,31.6,7.05,180,61.6,56,5.6,3,72,Synthetic/Demo,15.54,35.03
A1540,18,54.0,1,4.4,33.7,7.03,189,61.2,53,5.7,3,71,Synthetic/Demo,11.37,48.09
A1541,29,82.0,8,13.8,64.6,9.93,264,107.5,80,8.6,6,112,Synthetic/Demo,84.57,84.70
A1542,19,53.3,1,5.0,33.6,7.13,188,63.3,54,5.9,3,72,Synthetic/Demo,27.71,46.59
A1543,30,83.6,8,13.2,62.2,9.94,268,105.9,80,8.8,6,116,Synthetic/Demo,86.32,86.90
A1544,30,83.3,8,13.6,63.5,9.75,272,105.1,80,8.7,6,115,Synthetic/Demo,79.82,85.19
A1545,19,52.7,1,5.2,31.7,7.27,188,63.6,53,5.9,3,71,Synthetic/Demo,20.71,49.08
A1546,18,52.2,1,5.1,30.5,7.19,181,62.0,54,5.8,3,72,Synthetic/Demo,22.59,39.55
A1547,18,53.7,1,5.3,32.0,6.96,182,61.7,56,5.7,3,71,Synthetic/Demo,17.89,35.00
A1548,29,81.2,8,13.1,63.2,9.9,275,104.3,82,9.0,6,116,Synthetic/Demo,81.38,81.68
A1549,29,83.6,8,13.4,64.8,9.77,269,104.6,80,8.9,6,113,Synthetic/Demo,84.55,88.46
A1550,19,50.0,1,4.2,33.6,6.92,188,62.5,53,5.7,3,73,Synthetic/Demo,23.1,42.10
A1551,18,52.9,1,4.6,32.3,6.93,179,62.0,54,5.8,3,73,Synthetic/Demo,19.95,35.00
A1552,30,85.1,8,13.4,61.1,10.0,265,105.5,81,8.9,6,116,Synthetic/Demo,80.97,82.26
A1553,30,84.0,8,13.6,60.9,9.69,266,102.6,81,8.8,6,112,Synthetic/Demo,76.77,81.95
A1554,19,50.7,1,4.4,30.4,7.22,185,58.4,55,5.7,3,73,Synthetic/Demo,15.73,37.93
A1555,18,52.0,1,5.1,33.1,7.02,180,65.8,54,5.5,3,72,Synthetic/Demo,22.07,35.00
A1556,19,50.4,1,4.5,30.4,7.2,183,59.9,56,5.8,3,74,Synthetic/Demo,20.06,37.12
A1557,19,51.4,1,5.2,34.2,6.94,180,62.2,55,5.6,3,73,Synthetic/Demo,24.87,37.68
A1558,18,51.6,1,4.7,32.8,7.14,179,61.6,54,5.6,3,71,Synthetic/Demo,19.04,44.20
A1559,29,85.1,8,12.7,64.4,9.85,268,107.3,81,8.6,6,115,Synthetic/Demo,85.9,89.59
A1560,18,52.0,1,4.3,30.5,7.01,183,59.3,56,5.8,3,69,Synthetic/Demo,16.99,38.24
A1561,30,83.0,8,13.4,62.6,9.94,264,104.9,81,8.8,6,114,Synthetic/Demo,82.01,83.74
A1562,29,85.0,8,12.9,62.1,9.63,269,105.3,80,8.7,6,115,Synthetic/Demo,76.61,85.39
A1563,29,84.4,8,13.1,61.2,9.78,267,104.1,79,9.0,6,116,Synthetic/Demo,72.44,80.89
A1564,19,51.0,1,4.3,30.7,7.2,185,60.5,55,5.6,3,73,Synthetic/Demo,21.25,35.00
A1565,29,83.6,8,12.7,63.4,9.67,271,104.2,82,8.8,6,117,Synthetic/Demo,81.01,80.30
A1566,29,82.4,8,13.4,61.4,9.75,264,104.0,80,9.0,6,113,Synthetic/Demo,79.74,81.73
A1567,29,84.6,8,13.3,61.7,9.87,273,103.3,79,8.7,6,115,Synthetic/Demo,79.78,79.28
A1568,29,82.3,8,13.8,62.7,9.81,274,106.5,79,8.9,6,113,Synthetic/Demo,83.6,86.58
A1569,19,52.6,1,4.7,34.5,7.24,186,63.0,56,5.6,3,70,Synthetic/Demo,17.85,45.81
A1570,19,52.7,1,4.8,31.2,7.28,178,61.4,55,5.6,3,74,Synthetic/Demo,19.56,35.00
A1571,29,83.7,8,13.1,63.8,9.72,268,103.9,81,8.8,6,113,Synthetic/Demo,82.91,85.27
A1572,29,84.8,8,13.7,64.7,9.82,275,107.5,81,8.6,6,112,Synthetic/Demo,79.02,85.09
A1573,19,50.2,1,4.5,33.9,7.02,180,62.4,55,5.6,3,73,Synthetic/Demo,22.0,42.36
A1574,19,54.0,1,4.7,33.0,7.19,178,63.3,55,5.7,3,70,Synthetic/Demo,18.47,41.48
A1575,29,81.3,8,12.9,62.1,9.98,265,106.1,79,9.0,6,115,Synthetic/Demo,83.12,78.04
A1576,30,83.9,8,12.6,64.7,9.8,270,105.3,79,8.9,6,111,Synthetic/Demo,81.07,79.09
A1577,29,84.4,8,12.7,64.1,9.87,272,105.7,81,9.0,6,112,Synthetic/Demo,76.32,85.79
A1578,19,53.8,1,4.4,33.5,7.09,182,63.1,56,5.8,3,74,Synthetic/Demo,24.68,46.77
A1579,29,82.6,8,13.4,64.3,9.75,274,105.7,81,8.9,6,112,Synthetic/Demo,79.43,74.66
A1580,19,50.4,1,4.2,33.5,7.05,186,62.1,56,5.7,3,69,Synthetic/Demo,17.59,42.19
A1581,29,84.7,8,13.2,61.3,9.92,274,103.8,80,8.9,6,112,Synthetic/Demo,80.4,90.00
A1582,19,50.0,1,5.1,30.9,7.12,187,62.3,53,5.5,3,69,Synthetic/Demo,23.81,39.47
A1583,19,53.3,1,4.4,32.6,7.02,179,60.7,54,5.8,3,72,Synthetic/Demo,17.11,43.03
A1584,30,82.7,8,13.6,63.7,9.99,269,107.1,82,8.9,6,117,Synthetic/Demo,83.59,83.13
A1585,19,50.9,1,4.6,34.0,6.94,184,61.8,54,5.7,3,71,Synthetic/Demo,22.0,39.97
A1586,29,84.1,8,12.8,61.4,9.92,268,104.6,81,8.7,6,113,Synthetic/Demo,81.64,76.77
A1587,29,82.6,8,13.4,61.9,9.69,267,103.2,81,8.9,6,113,Synthetic/Demo,80.34,73.13
A1588,30,84.0,8,13.8,61.0,9.97,264,106.1,81,8.9,6,116,Synthetic/Demo,81.29,90.00
A1589,19,51.4,1,5.2,32.9,7.1,188,60.1,55,5.9,3,68,Synthetic/Demo,18.86,36.52
A1590,29,82.4,8,13.0,61.7,9.88,268,104.7,79,8.8,6,116,Synthetic/Demo,80.36,82.68
A1591,29,82.4,8,13.4,63.2,9.94,271,103.9,81,8.7,6,115,Synthetic/Demo,78.01,78.64
A1592,29,84.2,8,13.4,65.0,9.73,268,106.4,80,8.8,6,114,Synthetic/Demo,73.87,78.76
A1593,29,82.4,8,13.1,64.3,9.77,263,104.5,82,8.8,6,114,Synthetic/Demo,82.94,84.44
A1594,19,52.7,1,4.7,33.8,7.2,189,62.8,55,5.7,3,71,Synthetic/Demo,24.45,38.35
A1595,19,51.0,1,4.5,34.3,7.1,187,63.3,56,5.7,3,70,Synthetic/Demo,14.42,43.42
A1596,18,51.9,1,4.7,31.1,7.03,185,59.6,53,5.6,3,73,Synthetic/Demo,15.62,41.65
A1597,29,83.6,8,13.8,63.6,9.83,266,105.8,82,8.8,6,112,Synthetic/Demo,84.82,87.50
A1598,29,82.8,8,12.9,61.3,9.66,268,99.6,79,8.7,6,114,Synthetic/Demo,83.21,85.00
A1599,19,50.3,1,5.1,31.7,7.02,182,63.1,55,5.5,3,72,Synthetic/Demo,20.86,48.46
A1600,19,50.7,1,4.5,32.3,7.13,179,64.2,55,5.7,3,73,Synthetic/Demo,19.29,35.61
A1601,29,81.3,8,13.8,62.6,9.96,267,107.2,79,8.9,6,117,Synthetic/Demo,82.9,85.77
A1602,19,52.8,1,4.2,33.2,6.94,183,61.0,53,5.7,3,70,Synthetic/Demo,23.62,45.44
A1603,29,84.5,8,13.0,62.1,9.9,267,105.7,80,8.9,6,112,Synthetic/Demo,79.17,90.00
A1604,18,50.7,1,5.0,34.5,7.01,187,63.4,56,5.8,3,72,Synthetic/Demo,19.78,35.00
A1605,29,83.4,8,13.3,63.7,9.97,274,107.0,82,8.8,6,114,Synthetic/Demo,80.77,84.62
A1606,29,85.0,8,13.0,64.6,9.84,264,105.9,81,8.9,6,116,Synthetic/Demo,79.55,90.00
A1607,18,50.2,1,4.6,33.6,7.26,182,63.6,56,5.8,3,70,Synthetic/Demo,23.16,44.10
A1608,19,50.3,1,4.8,33.3,6.92,185,61.4,55,5.8,3,69,Synthetic/Demo,25.36,41.50
A1609,29,81.4,8,13.1,64.2,9.67,268,103.1,82,8.6,6,115,Synthetic/Demo,80.78,83.78
A1610,19,53.5,1,4.9,30.8,7.23,187,63.1,56,5.6,3,71,Synthetic/Demo,19.74,39.46
A1611,18,52.7,1,4.6,34.5,6.96,180,64.3,55,5.8,3,69,Synthetic/Demo,21.56,42.52
A1612,18,54.1,1,4.5,31.0,7.04,188,60.8,54,5.8,3,71,Synthetic/Demo,13.94,38.69
A1613,19,52.8,1,4.2,32.8,7.01,189,60.3,56,5.7,3,70,Synthetic/Demo,21.15,40.01
A1614,18,50.9,1,4.1,31.3,7.01,181,59.9,54,5.6,3,71,Synthetic/Demo,17.86,38.96
A1615,19,53.1,1,5.1,31.0,7.03,182,61.5,54,5.6,3,70,Synthetic/Demo,19.73,36.95
A1616,30,84.0,8,13.3,62.5,9.8,264,107.2,79,8.8,6,112,Synthetic/Demo,91.7,88.12
A1617,18,54.2,1,4.8,33.8,7.14,189,62.6,53,5.6,3,71,Synthetic/Demo,22.49,55.96
A1618,30,83.7,8,13.2,63.1,9.68,266,104.0,80,8.9,6,113,Synthetic/Demo,78.3,76.29
A1619,29,84.5,8,13.8,63.4,9.81,271,104.7,79,8.7,6,114,Synthetic/Demo,80.63,87.29
A1620,18,53.4,1,4.6,32.9,7.23,189,60.6,56,5.6,3,72,Synthetic/Demo,23.65,37.33
A1621,30,84.4,8,13.5,61.9,9.91,275,103.7,80,8.7,6,114,Synthetic/Demo,80.48,88.48
A1622,18,51.6,1,5.1,31.5,6.99,182,62.9,53,5.6,3,73,Synthetic/Demo,16.42,40.45
A1623,18,53.8,1,5.3,33.2,7.11,179,61.6,54,5.7,3,74,Synthetic/Demo,25.39,45.36
A1624,29,84.5,8,13.3,60.8,9.71,272,103.5,80,8.8,6,116,Synthetic/Demo,76.42,90.00
A1625,30,84.2,8,13.2,60.9,9.7,265,103.4,79,8.8,6,113,Synthetic/Demo,84.8,85.58
A1626,29,84.3,8,12.9,62.7,9.8,267,104.3,79,8.9,6,116,Synthetic/Demo,83.51,90.00
A1627,18,50.9,1,5.2,33.6,7.09,183,62.3,55,5.8,3,69,Synthetic/Demo,21.36,35.00
A1628,18,54.2,1,4.7,31.7,7.1,179,62.1,56,5.8,3,71,Synthetic/Demo,24.7,48.67
A1629,30,81.4,8,13.7,62.5,9.73,271,104.9,81,9.0,6,114,Synthetic/Demo,81.31,87.56
A1630,19,52.1,1,4.9,32.9,7.03,181,63.0,54,5.5,3,73,Synthetic/Demo,23.87,46.25
A1631,30,83.9,8,13.1,63.5,9.84,273,105.4,79,8.9,6,111,Synthetic/Demo,82.73,79.52
A1632,29,83.9,8,13.5,63.5,9.78,264,104.5,79,8.7,6,115,Synthetic/Demo,79.35,81.15
A1633,29,82.3,8,13.3,64.1,9.72,271,105.1,80,8.8,6,111,Synthetic/Demo,79.38,86.00
A1634,29,84.0,8,13.3,63.1,9.68,275,104.7,79,8.6,6,115,Synthetic/Demo,82.66,84.98
A1635,29,82.7,8,13.6,63.4,9.8,272,104.0,79,8.8,6,113,Synthetic/Demo,80.37,86.84
A1636,29,81.0,8,13.7,62.0,9.85,269,105.9,81,9.0,6,113,Synthetic/Demo,80.74,90.00
A1637,19,52.0,1,5.0,31.7,6.96,188,62.6,54,5.8,3,72,Synthetic/Demo,17.2,35.00
A1638,29,84.8,8,13.0,63.9,9.72,264,105.3,80,8.7,6,112,Synthetic/Demo,82.5,89.92
A1639,30,82.0,8,13.4,63.4,9.64,264,104.6,80,8.9,6,115,Synthetic/Demo,87.38,85.32
A1640,19,51.4,1,4.4,33.6,7.03,186,60.4,54,5.6,3,69,Synthetic/Demo,16.67,39.11
A1641,19,51.8,1,4.6,33.0,7.14,180,61.8,54,5.6,3,72,Synthetic/Demo,21.37,35.00
A1642,19,52.9,1,5.1,32.3,6.93,189,62.1,53,5.7,3,72,Synthetic/Demo,24.39,43.40
A1643,18,50.1,1,4.9,33.0,7.0,183,63.1,53,5.6,3,71,Synthetic/Demo,21.14,35.00
A1644,18,53.5,1,4.5,30.9,6.93,189,60.3,56,5.6,3,70,Synthetic/Demo,18.73,42.57
A1645,19,53.8,1,4.4,31.2,7.02,179,56.9,53,5.6,3,69,Synthetic/Demo,14.94,35.00
A1646,18,53.7,1,5.2,34.2,7.23,184,63.1,53,5.6,3,73,Synthetic/Demo,24.85,42.48
A1647,30,83.2,8,13.4,64.2,9.72,263,106.4,81,8.8,6,117,Synthetic/Demo,81.82,85.24
A1648,30,83.8,8,13.8,61.8,9.69,267,103.2,81,8.8,6,116,Synthetic/Demo,83.14,90.00
A1649,19,50.1,1,4.9,31.7,6.98,179,60.7,55,5.9,3,69,Synthetic/Demo,24.11,39.25
A1650,19,51.7,1,4.8,33.0,6.96,183,61.1,55,5.5,3,69,Synthetic/Demo,27.96,36.68
A1651,19,52.0,1,5.0,33.2,7.06,184,60.9,55,5.7,3,72,Synthetic/Demo,22.87,38.69
A1652,19,53.9,1,5.0,32.5,7.22,188,63.1,54,5.6,3,72,Synthetic/Demo,22.66,48.28
A1653,19,53.8,1,5.1,33.4,7.23,181,64.2,54,5.9,3,70,Synthetic/Demo,24.62,45.29
A1654,29,84.4,8,13.2,63.7,9.82,265,105.3,82,8.9,6,117,Synthetic/Demo,80.65,83.85
A1655,29,81.8,8,13.2,63.2,9.81,269,106.4,82,8.8,6,113,Synthetic/Demo,82.36,84.27
A1656,19,50.0,1,4.4,33.6,6.99,189,62.1,54,5.5,3,71,Synthetic/Demo,18.75,35.00
A1657,18,52.8,1,4.7,34.2,7.22,183,63.4,56,5.6,3,73,Synthetic/Demo,23.05,43.82
A1658,29,82.6,8,13.7,64.6,9.84,275,106.5,80,8.9,6,111,Synthetic/Demo,87.03,77.34
A1659,30,84.4,8,12.9,62.2,9.8,264,105.0,79,8.8,6,113,Synthetic/Demo,77.47,88.76
A1660,30,82.9,8,13.6,62.9,9.66,265,105.6,79,8.9,6,115,Synthetic/Demo,85.06,86.10
A1661,29,84.7,8,12.8,63.1,9.99,265,104.4,82,8.9,6,116,Synthetic/Demo,85.18,90.00
A1662,30,84.0,8,12.9,62.1,9.72,269,104.0,80,8.8,6,112,Synthetic/Demo,78.84,79.33
A1663,18,50.2,1,4.6,33.0,6.96,180,62.8,55,5.8,3,70,Synthetic/Demo,14.66,39.65
A1664,29,82.3,8,13.0,61.9,9.77,268,105.3,79,8.6,6,114,Synthetic/Demo,77.87,90.00
A1665,29,83.4,8,12.7,61.8,9.88,274,105.8,80,8.8,6,113,Synthetic/Demo,83.29,90.00
A1666,29,85.0,8,13.0,60.9,9.8,267,104.6,80,8.8,6,111,Synthetic/Demo,79.41,81.20
A1667,29,81.4,8,13.7,64.8,9.76,273,105.2,80,8.8,6,113,Synthetic/Demo,79.38,86.90
A1668,18,53.0,1,4.4,31.6,7.12,179,61.4,55,5.8,3,70,Synthetic/Demo,18.75,40.05
A1669,18,53.6,1,4.8,30.9,6.95,183,61.5,54,5.6,3,70,Synthetic/Demo,21.69,40.94
A1670,18,51.8,1,5.1,30.9,7.2,186,59.8,56,5.6,3,73,Synthetic/Demo,21.42,37.12
A1671,19,53.0,1,5.0,32.5,7.11,182,62.5,56,5.8,3,70,Synthetic/Demo,21.08,41.14
A1672,19,50.9,1,4.5,33.4,6.94,188,61.0,56,5.8,3,73,Synthetic/Demo,18.28,35.00
A1673,19,54.2,1,4.2,32.7,7.19,181,61.1,54,5.6,3,69,Synthetic/Demo,19.29,41.05
A1674,29,81.0,8,12.6,64.5,9.75,264,105.6,79,8.9,6,113,Synthetic/Demo,78.65,87.16
A1675,29,83.7,8,12.8,63.7,9.99,272,104.3,81,9.0,6,114,Synthetic/Demo,86.01,84.60
A1676,29,82.7,8,12.8,64.7,9.83,271,104.7,81,8.8,6,116,Synthetic/Demo,79.86,77.42
A1677,18,53.7,1,4.6,33.1,6.95,178,61.4,53,5.5,3,71,Synthetic/Demo,24.16,44.61
A1678,30,85.2,8,12.7,63.1,9.88,269,103.3,80,8.7,6,112,Synthetic/Demo,84.42,86.92
A1679,29,83.0,8,13.2,64.6,9.99,266,106.0,82,8.9,6,115,Synthetic/Demo,86.29,82.55
A1680,30,84.2,8,13.0,63.1,9.84,268,106.2,82,8.9,6,112,Synthetic/Demo,80.0,84.30
A1681,30,81.8,8,13.7,61.2,9.85,264,103.6,80,9.0,6,113,Synthetic/Demo,82.58,77.84
A1682,29,81.1,8,12.8,64.3,9.74,267,105.2,79,8.6,6,114,Synthetic/Demo,80.63,79.65
A1683,29,82.8,8,13.3,61.4,9.86,267,104.1,79,8.6,6,115,Synthetic/Demo,77.35,82.11
A1684,19,53.9,1,5.1,30.5,7.06,188,62.5,54,5.8,3,69,Synthetic/Demo,21.11,47.07
A1685,18,51.0,1,4.4,31.2,7.17,186,61.6,53,5.8,3,73,Synthetic/Demo,16.09,36.88
A1686,29,84.8,8,13.2,64.2,9.81,266,105.7,81,8.7,6,115,Synthetic/Demo,85.45,88.83
A1687,30,82.9,8,13.1,61.2,9.79,267,105.2,79,8.8,6,117,Synthetic/Demo,78.36,82.35
A1688,18,52.1,1,5.0,32.1,7.22,180,62.0,53,5.7,3,72,Synthetic/Demo,22.76,42.17
A1689,19,51.7,1,4.4,30.7,7.12,185,61.7,56,5.6,3,72,Synthetic/Demo,19.57,39.37
A1690,30,82.7,8,13.0,63.2,9.83,265,106.4,79,8.6,6,115,Synthetic/Demo,80.58,89.62
A1691,29,82.2,8,13.5,62.3,9.87,266,105.4,79,9.0,6,114,Synthetic/Demo,83.9,82.81
A1692,18,52.1,1,4.4,31.3,7.2,182,60.5,53,5.6,3,71,Synthetic/Demo,18.3,35.00
A1693,19,53.4,1,4.4,33.3,7.26,181,64.0,53,5.6,3,72,Synthetic/Demo,24.95,35.00
A1694,19,51.9,1,4.1,32.7,7.14,188,61.9,55,5.6,3,71,Synthetic/Demo,15.33,37.78
A1695,29,81.1,8,13.4,64.5,9.79,267,106.9,80,8.9,6,113,Synthetic/Demo,83.45,79.48
A1696,29,82.5,8,12.6,62.1,9.98,272,104.2,81,8.8,6,113,Synthetic/Demo,85.34,87.06
A1697,19,50.3,1,4.1,34.5,7.07,180,62.0,56,5.7,3,70,Synthetic/Demo,18.08,38.26
A1698,30,85.1,8,13.1,63.9,9.73,269,105.6,81,9.0,6,115,Synthetic/Demo,79.19,90.00
A1699,19,50.6,1,5.0,33.8,6.91,184,61.5,56,5.6,3,71,Synthetic/Demo,22.31,35.00
A1700,19,53.5,1,4.6,30.4,7.01,184,59.3,53,5.8,3,69,Synthetic/Demo,18.99,40.46
A1701,30,82.7,8,13.7,63.6,9.7,267,106.9,82,8.7,6,116,Synthetic/Demo,83.08,80.27
A1702,29,81.8,8,13.4,61.1,9.9,268,106.8,80,8.7,6,113,Synthetic/Demo,82.6,82.70
A1703,19,54.1,1,4.5,31.1,7.15,186,60.5,54,5.7,3,73,Synthetic/Demo,21.0,41.19
A1704,29,82.4,8,13.8,63.9,9.71,269,107.0,81,8.8,6,115,Synthetic/Demo,85.87,74.25
A1705,19,54.1,1,4.3,31.1,7.12,179,61.0,54,5.7,3,71,Synthetic/Demo,20.78,41.12
A1706,19,52.4,1,4.6,31.0,7.01,186,60.3,54,5.7,3,73,Synthetic/Demo,17.75,49.44
A1707,19,50.7,1,5.2,30.8,7.21,189,61.4,53,5.9,3,72,Synthetic/Demo,22.88,39.06
A1708,19,54.0,1,4.1,32.8,7.05,183,62.7,53,5.6,3,70,Synthetic/Demo,25.67,41.43
A1709,29,81.1,8,13.1,63.6,9.66,275,104.1,80,8.6,6,111,Synthetic/Demo,78.95,89.80
A1710,18,53.7,1,5.0,30.5,7.12,184,60.4,56,5.8,3,69,Synthetic/Demo,16.92,39.60
A1711,29,84.9,8,13.3,60.9,9.95,268,105.3,79,8.7,6,113,Synthetic/Demo,84.02,82.24
A1712,29,82.0,8,13.1,61.4,9.98,273,105.7,79,8.7,6,115,Synthetic/Demo,79.93,73.81
A1713,29,82.8,8,13.6,64.4,9.65,271,106.5,81,8.6,6,113,Synthetic/Demo,75.13,88.72
A1714,29,81.5,8,13.4,64.7,9.65,271,103.8,82,8.6,6,114,Synthetic/Demo,83.06,84.63
A1715,29,83.0,8,13.7,63.2,9.97,274,105.7,81,8.8,6,115,Synthetic/Demo,80.69,81.10
A1716,29,81.6,8,13.7,63.3,9.92,271,107.3,82,8.7,6,111,Synthetic/Demo,82.6,86.57
A1717,19,52.4,1,5.0,31.9,6.94,181,61.6,56,5.8,3,70,Synthetic/Demo,21.44,37.72
A1718,18,51.9,1,4.9,33.4,7.04,178,61.2,54,5.7,3,69,Synthetic/Demo,22.49,37.76
A1719,30,83.4,8,13.0,62.2,9.9,271,104.8,82,8.9,6,113,Synthetic/Demo,82.39,88.58
A1720,18,53.5,1,4.1,30.3,7.08,181,59.5,53,5.7,3,71,Synthetic/Demo,16.63,35.00
A1721,19,53.8,1,4.2,31.7,7.15,189,59.5,56,5.6,3,69,Synthetic/Demo,19.72,45.31
A1722,19,52.9,1,4.5,34.0,7.1,187,61.0,55,5.9,3,73,Synthetic/Demo,20.07,35.00
A1723,19,52.3,1,4.2,34.3,7.23,182,63.0,56,5.8,3,68,Synthetic/Demo,24.47,38.26
A1724,19,54.1,1,5.3,32.7,7.09,181,63.5,54,5.9,3,70,Synthetic/Demo,24.94,51.71
A1725,30,84.6,8,13.7,63.5,9.97,269,105.3,81,9.0,6,116,Synthetic/Demo,80.3,90.00
A1726,30,83.0,8,12.8,62.0,9.98,263,102.4,80,8.9,6,112,Synthetic/Demo,83.75,85.47
A1727,29,81.7,8,13.6,63.3,9.72,265,106.6,81,8.8,6,113,Synthetic/Demo,80.65,80.74
A1728,29,81.5,8,13.4,63.7,9.92,266,107.4,80,8.7,6,113,Synthetic/Demo,85.61,83.04
A1729,29,85.2,8,13.3,61.3,9.98,270,103.5,81,8.9,6,112,Synthetic/Demo,81.61,85.77
A1730,29,82.2,8,13.6,63.0,9.73,274,104.6,80,8.9,6,115,Synthetic/Demo,86.24,85.69
A1731,19,50.0,1,4.6,31.2,7.27,183,63.1,56,5.8,3,73,Synthetic/Demo,20.31,40.79
A1732,30,82.8,8,13.4,63.1,9.85,266,104.5,81,8.6,6,116,Synthetic/Demo,80.18,85.36
A1733,29,82.7,8,12.9,60.9,9.78,275,103.4,79,8.9,6,112,Synthetic/Demo,78.13,83.46
A1734,29,84.0,8,13.6,63.9,9.93,274,105.9,79,9.0,6,115,Synthetic/Demo,81.95,79.08
A1735,30,81.0,8,13.4,61.5,9.95,273,103.2,81,8.7,6,115,Synthetic/Demo,82.22,82.75
A1736,18,51.3,1,5.2,31.2,7.18,182,61.4,55,5.8,3,71,Synthetic/Demo,16.57,45.48
A1737,29,82.3,8,13.0,64.0,9.92,271,104.1,80,9.0,6,114,Synthetic/Demo,78.34,78.77
A1738,30,84.7,8,13.0,64.0,9.65,266,104.3,82,9.0,6,112,Synthetic/Demo,77.49,84.48
A1739,30,83.3,8,12.6,64.2,9.78,271,103.9,80,8.9,6,111,Synthetic/Demo,83.01,81.08
A1740,29,82.6,8,13.5,62.1,9.66,268,104.0,82,8.8,6,117,Synthetic/Demo,84.81,85.66
A1741,29,82.1,8,13.0,64.9,9.74,271,107.1,81,8.7,6,111,Synthetic/Demo,81.4,83.48
A1742,18,50.5,1,5.2,33.8,6.99,182,62.6,55,5.7,3,73,Synthetic/Demo,21.68,48.61
A1743,29,81.7,8,13.4,62.8,9.9,274,104.6,81,8.8,6,116,Synthetic/Demo,80.99,88.16
A1744,19,52.4,1,5.0,30.5,7.07,186,59.7,54,5.7,3,69,Synthetic/Demo,22.7,35.00
A1745,18,51.2,1,4.4,32.2,7.0,186,62.0,56,5.6,3,71,Synthetic/Demo,16.3,43.21
A1746,18,51.7,1,5.1,32.1,7.07,182,62.1,55,5.8,3,73,Synthetic/Demo,22.07,37.15
A1747,18,51.7,1,4.9,30.9,6.97,186,62.3,53,5.8,3,72,Synthetic/Demo,22.58,37.14
A1748,19,50.8,1,4.9,32.1,7.24,184,61.7,56,5.7,3,73,Synthetic/Demo,22.76,43.06
A1749,19,50.0,1,4.2,31.5,6.94,189,60.1,56,5.5,3,71,Synthetic/Demo,17.55,36.60
A1750,19,53.7,1,4.6,33.2,7.04,189,60.4,55,5.5,3,70,Synthetic/Demo,22.46,45.04
A1751,19,53.1,1,4.7,30.3,7.12,188,60.7,54,5.5,3,69,Synthetic/Demo,10.49,35.95
A1752,18,53.0,1,4.5,30.7,7.23,178,62.4,55,5.6,3,73,Synthetic/Demo,22.44,37.12
A1753,29,84.2,8,13.1,64.6,9.86,273,105.9,81,8.8,6,113,Synthetic/Demo,79.81,82.57
A1754,18,53.0,1,5.1,32.1,6.92,185,61.0,54,5.6,3,69,Synthetic/Demo,14.5,37.15
A1755,19,54.0,1,4.7,31.0,7.22,184,59.4,54,5.8,3,71,Synthetic/Demo,21.39,46.15
A1756,19,52.9,1,4.5,33.6,7.15,187,62.9,54,5.6,3,72,Synthetic/Demo,25.25,44.51
A1757,19,51.1,1,5.1,33.9,6.96,189,63.8,54,5.9,3,71,Synthetic/Demo,21.62,50.45
A1758,30,84.8,8,12.8,64.9,9.97,274,105.8,81,9.0,6,111,Synthetic/Demo,85.05,90.00
A1759,19,51.9,1,4.2,33.3,7.21,181,61.3,56,5.8,3,69,Synthetic/Demo,25.93,35.76
A1760,18,52.4,1,4.2,32.9,7.13,184,60.1,53,5.7,3,72,Synthetic/Demo,23.7,40.27
A1761,29,83.3,8,12.9,64.4,9.82,269,105.5,80,8.8,6,115,Synthetic/Demo,86.29,79.58
A1762,19,53.7,1,4.7,33.6,7.1,187,62.7,53,5.8,3,73,Synthetic/Demo,23.74,37.83
A1763,29,82.7,8,13.6,62.5,9.76,264,104.6,79,8.7,6,112,Synthetic/Demo,81.77,81.83
A1764,19,50.8,1,4.9,34.3,6.94,181,63.5,55,5.7,3,72,Synthetic/Demo,17.32,36.02
A1765,29,84.6,8,13.2,63.5,9.89,264,105.8,82,8.7,6,112,Synthetic/Demo,81.42,80.30
A1766,29,83.0,8,13.4,61.8,9.76,267,104.6,80,8.6,6,115,Synthetic/Demo,77.54,84.15
A1767,29,83.5,8,12.8,62.4,9.89,275,105.1,79,8.7,6,117,Synthetic/Demo,85.93,79.08
A1768,19,51.4,1,5.1,31.8,7.17,189,61.1,55,5.5,3,73,Synthetic/Demo,19.68,45.33
A1769,29,85.0,8,12.9,62.0,9.64,273,102.9,80,9.0,6,116,Synthetic/Demo,78.45,80.24
A1770,19,51.6,1,4.4,33.9,7.19,184,63.5,54,5.7,3,69,Synthetic/Demo,23.77,55.36
A1771,30,85.0,8,13.4,61.3,9.97,266,104.4,81,8.9,6,116,Synthetic/Demo,81.25,83.52
A1772,18,51.3,1,4.3,30.5,7.1,188,61.1,55,5.7,3,71,Synthetic/Demo,23.19,39.85
A1773,19,51.1,1,4.5,34.3,6.96,184,61.4,55,5.8,3,72,Synthetic/Demo,18.82,35.00
A1774,19,50.6,1,5.3,30.6,7.08,183,62.3,55,5.6,3,72,Synthetic/Demo,21.17,49.22
A1775,29,83.1,8,12.9,63.4,9.65,264,105.1,81,8.7,6,114,Synthetic/Demo,77.93,90.00
A1776,29,84.8,8,13.0,61.1,9.63,267,103.2,81,8.8,6,116,Synthetic/Demo,74.05,85.99
A1777,29,82.4,8,12.9,64.0,9.82,272,106.5,80,8.8,6,114,Synthetic/Demo,79.33,78.72
A1778,29,81.6,8,13.6,64.8,9.67,273,105.7,82,9.0,6,111,Synthetic/Demo,82.02,86.89
A1779,29,81.3,8,12.8,63.0,9.95,273,105.7,82,8.7,6,116,Synthetic/Demo,78.96,79.81
A1780,18,53.6,1,4.5,34.4,7.18,186,63.1,56,5.7,3,74,Synthetic/Demo,19.72,49.25
A1781,18,50.2,1,4.8,34.1,7.15,186,64.2,56,5.7,3,73,Synthetic/Demo,18.18,45.88
A1782,19,51.8,1,4.8,32.8,7.01,181,62.7,54,5.5,3,71,Synthetic/Demo,20.73,40.95
A1783,18,52.0,1,4.8,33.1,7.07,182,62.5,55,5.8,3,72,Synthetic/Demo,17.07,35.00
A1784,19,53.4,1,4.8,32.5,7.02,186,61.1,54,5.7,3,69,Synthetic/Demo,22.52,35.72
A1785,19,52.0,1,4.5,31.9,6.98,180,60.4,55,5.8,3,68,Synthetic/Demo,19.9,43.20
A1786,19,52.4,1,4.6,31.8,7.03,188,61.3,55,5.7,3,69,Synthetic/Demo,14.9,46.39
A1787,30,84.1,8,12.8,60.9,9.86,265,104.7,82,8.9,6,113,Synthetic/Demo,78.58,90.00
A1788,30,81.7,8,13.6,62.7,9.95,265,105.8,80,9.0,6,115,Synthetic/Demo,80.78,78.07
A1789,30,85.0,8,12.9,63.5,9.91,264,105.8,81,8.8,6,114,Synthetic/Demo,82.79,87.22
A1790,29,83.8,8,12.6,61.5,9.67,265,102.9,79,8.8,6,113,Synthetic/Demo,82.17,89.13
A1791,30,82.2,8,13.0,60.9,9.98,269,104.6,82,8.6,6,112,Synthetic/Demo,74.01,76.74
A1792,19,53.7,1,5.0,30.7,7.14,181,61.1,55,5.8,3,74,Synthetic/Demo,20.76,41.03
A1793,30,81.6,8,12.8,62.1,9.84,265,104.1,79,8.8,6,114,Synthetic/Demo,79.54,86.16
A1794,19,54.0,1,4.7,34.0,7.09,187,61.7,54,5.6,3,72,Synthetic/Demo,23.1,39.93
A1795,19,53.4,1,4.6,33.3,7.11,178,63.0,53,5.8,3,73,Synthetic/Demo,22.86,35.00
A1796,18,52.8,1,4.5,33.6,7.25,188,61.7,55,5.9,3,73,Synthetic/Demo,19.19,40.16
A1797,19,53.4,1,4.7,33.5,7.27,180,64.8,56,5.6,3,74,Synthetic/Demo,22.08,40.74
A1798,19,51.9,1,4.6,30.8,7.21,185,60.3,54,5.7,3,70,Synthetic/Demo,17.19,39.48
A1799,19,52.6,1,4.1,31.0,7.12,185,59.9,56,5.5,3,71,Synthetic/Demo,20.95,36.64
A1800,18,51.5,1,4.4,31.6,7.25,185,59.0,56,5.7,3,69,Synthetic/Demo,19.44,37.75
A1801,19,51.4,1,4.4,31.6,6.98,187,59.6,56,5.5,3,68,Synthetic/Demo,23.51,39.04
A1802,30,84.5,8,13.1,63.9,9.83,275,104.8,79,8.8,6,112,Synthetic/Demo,80.71,87.85
A1803,19,52.0,1,4.3,30.9,7.08,189,61.1,54,5.8,3,73,Synthetic/Demo,16.15,38.60
A1804,18,50.9,1,4.2,33.9,6.96,185,60.8,55,5.6,3,70,Synthetic/Demo,14.89,37.59
A1805,29,81.4,8,12.7,64.9,9.71,267,105.5,81,8.7,6,113,Synthetic/Demo,75.44,85.45
A1806,29,84.3,8,12.7,64.0,9.87,271,106.4,79,8.8,6,115,Synthetic/Demo,76.4,75.88
A1807,30,81.7,8,13.6,62.6,9.95,272,106.0,80,8.9,6,113,Synthetic/Demo,83.08,88.38
A1808,19,52.3,1,4.6,31.4,7.0,188,60.1,54,5.8,3,74,Synthetic/Demo,20.02,40.24
A1809,19,51.7,1,5.2,32.8,7.03,181,63.8,54,5.8,3,70,Synthetic/Demo,17.88,41.69
A1810,19,51.9,1,4.4,30.6,7.18,180,58.3,56,5.7,3,71,Synthetic/Demo,21.32,44.44
A1811,30,84.8,8,13.8,62.5,9.66,267,105.4,81,8.8,6,115,Synthetic/Demo,79.73,75.90
A1812,29,83.1,8,13.3,62.3,9.7,272,105.3,79,8.9,6,116,Synthetic/Demo,80.5,75.32
A1813,18,53.4,1,5.1,33.7,7.2,182,62.6,53,5.7,3,70,Synthetic/Demo,28.13,43.02
A1814,29,82.5,8,13.5,64.9,9.88,274,104.1,81,8.9,6,117,Synthetic/Demo,84.77,86.12
A1815,18,51.6,1,4.1,32.5,7.0,179,59.9,56,5.7,3,68,Synthetic/Demo,18.3,39.94
A1816,29,82.3,8,13.3,63.3,9.72,265,104.8,81,9.0,6,112,Synthetic/Demo,78.83,82.95
A1817,29,81.0,8,13.7,64.8,9.99,267,106.4,81,9.0,6,113,Synthetic/Demo,78.22,89.74
A1818,18,50.1,1,4.3,30.8,7.22,184,61.0,55,5.8,3,72,Synthetic/Demo,17.19,44.56
A1819,29,84.2,8,13.4,61.9,9.75,273,103.0,81,8.7,6,112,Synthetic/Demo,78.56,87.36
A1820,18,52.2,1,4.5,33.8,7.19,189,62.3,53,5.7,3,68,Synthetic/Demo,18.53,39.64
A1821,19,53.6,1,5.1,30.4,7.08,183,61.8,55,5.6,3,71,Synthetic/Demo,19.61,35.00
A1822,18,52.5,1,4.6,31.3,7.24,186,61.4,56,5.8,3,72,Synthetic/Demo,20.36,44.74
A1823,29,81.3,8,13.6,63.4,9.7,263,103.9,81,8.6,6,114,Synthetic/Demo,80.6,90.00
A1824,30,83.7,8,13.0,62.3,9.8,273,105.5,79,8.9,6,115,Synthetic/Demo,78.05,88.63
A1825,19,53.0,1,4.8,31.6,7.18,188,61.2,56,5.6,3,73,Synthetic/Demo,20.28,36.77
A1826,19,50.4,1,4.2,32.2,6.98,188,60.7,55,5.8,3,71,Synthetic/Demo,19.72,43.21
A1827,30,83.5,8,13.6,60.9,9.64,267,104.4,81,8.8,6,112,Synthetic/Demo,76.33,89.23
A1828,29,85.1,8,12.8,61.3,9.73,273,101.9,80,8.8,6,115,Synthetic/Demo,81.61,90.00
A1829,29,83.8,8,13.6,62.1,9.9,264,103.9,79,8.7,6,112,Synthetic/Demo,81.48,80.77
A1830,29,83.9,8,13.1,62.2,9.77,273,103.3,79,8.9,6,112,Synthetic/Demo,79.52,83.78
A1831,29,81.8,8,13.6,64.6,9.71,270,107.6,82,8.8,6,114,Synthetic/Demo,84.77,89.69
A1832,29,83.1,8,12.9,63.7,9.67,271,104.0,82,8.6,6,117,Synthetic/Demo,79.7,85.25
A1833,30,82.6,8,12.8,62.4,9.73,270,104.4,79,8.9,6,115,Synthetic/Demo,82.19,79.36
A1834,29,83.0,8,13.3,64.2,9.81,270,105.1,82,8.7,6,116,Synthetic/Demo,82.2,87.76
A1835,29,84.4,8,13.2,62.2,9.66,266,103.7,81,8.8,6,115,Synthetic/Demo,77.65,87.75
A1836,30,83.0,8,13.0,65.0,9.64,266,107.6,82,8.8,6,116,Synthetic/Demo,82.84,86.22
A1837,19,53.0,1,4.6,32.4,7.01,178,61.4,53,5.6,3,69,Synthetic/Demo,17.19,40.98
A1838,19,54.0,1,4.3,33.0,7.11,179,61.0,55,5.7,3,71,Synthetic/Demo,20.89,39.30
A1839,30,83.3,8,13.3,61.9,9.8,270,104.3,80,8.7,6,116,Synthetic/Demo,79.73,90.00
A1840,18,52.0,1,5.2,33.3,6.97,185,60.9,55,5.7,3,69,Synthetic/Demo,20.55,36.24
A1841,29,83.5,8,12.8,62.4,9.64,269,102.0,81,9.0,6,111,Synthetic/Demo,78.06,81.54
A1842,18,50.3,1,4.8,31.9,7.23,183,63.0,56,5.6,3,71,Synthetic/Demo,15.72,40.91
A1843,18,51.7,1,4.6,31.5,6.97,186,60.7,56,5.7,3,68,Synthetic/Demo,17.14,43.95
A1844,30,83.5,8,13.5,61.5,9.66,274,103.9,79,8.6,6,117,Synthetic/Demo,78.91,77.49
A1845,18,51.2,1,4.8,30.8,7.0,187,60.3,54,5.7,3,71,Synthetic/Demo,19.15,35.00
A1846,30,83.0,8,12.7,63.4,9.81,269,103.2,80,8.6,6,116,Synthetic/Demo,76.24,74.75
A1847,29,83.0,8,13.2,62.4,9.91,270,105.6,82,8.9,6,112,Synthetic/Demo,84.99,85.71
A1848,29,83.7,8,13.0,61.6,9.93,269,105.8,79,8.9,6,112,Synthetic/Demo,78.26,79.59
A1849,18,53.4,1,4.5,34.2,7.0,186,60.8,56,5.8,3,68,Synthetic/Demo,23.46,38.80
A1850,29,83.5,8,12.8,61.4,9.86,272,103.8,81,8.8,6,114,Synthetic/Demo,79.99,88.15
A1851,19,53.8,1,4.6,32.4,7.18,182,60.1,56,5.5,3,70,Synthetic/Demo,18.25,37.40
A1852,29,82.9,8,12.9,64.0,9.84,266,104.7,81,9.0,6,116,Synthetic/Demo,86.77,86.70
A1853,19,53.8,1,4.1,33.9,7.06,182,64.1,56,5.7,3,73,Synthetic/Demo,17.36,39.81
A1854,18,51.5,1,5.1,34.3,7.11,183,64.7,54,5.5,3,70,Synthetic/Demo,26.13,44.91
A1855,30,82.4,8,13.4,64.2,9.74,269,106.1,80,8.6,6,115,Synthetic/Demo,84.67,87.98
A1856,18,53.9,1,5.2,32.6,7.22,188,61.0,55,5.7,3,70,Synthetic/Demo,19.62,38.18
A1857,19,51.2,1,5.1,31.6,7.1,183,62.7,56,5.8,3,71,Synthetic/Demo,25.47,40.47
A1858,19,53.9,1,5.3,31.8,7.03,184,62.1,56,5.7,3,73,Synthetic/Demo,20.16,46.78
A1859,30,83.2,8,13.0,63.7,9.91,274,104.7,81,8.8,6,113,Synthetic/Demo,81.69,87.70
A1860,18,54.2,1,4.9,33.6,6.93,181,61.4,54,5.8,3,69,Synthetic/Demo,22.18,35.00
A1861,18,51.4,1,4.3,34.4,7.18,183,61.7,55,5.8,3,74,Synthetic/Demo,21.14,44.51
A1862,29,85.0,8,13.6,63.0,9.63,266,104.1,80,8.9,6,112,Synthetic/Demo,83.5,79.77
A1863,18,51.4,1,4.2,32.5,7.25,188,62.0,56,5.8,3,72,Synthetic/Demo,22.52,47.99
A1864,18,54.1,1,4.6,33.8,7.08,185,62.3,55,5.8,3,73,Synthetic/Demo,16.02,46.55
A1865,29,83.7,8,13.6,64.6,9.78,267,106.5,80,8.7,6,114,Synthetic/Demo,86.9,87.28
A1866,19,52.4,1,4.7,32.6,6.98,185,62.7,54,5.7,3,68,Synthetic/Demo,15.57,41.29
A1867,29,84.6,8,13.0,64.5,9.69,270,103.7,81,8.8,6,112,Synthetic/Demo,83.5,84.14
A1868,29,83.5,8,13.7,63.5,9.85,270,103.8,82,8.8,6,116,Synthetic/Demo,84.97,89.26
A1869,19,50.8,1,4.2,30.3,7.01,179,60.4,54,5.8,3,73,Synthetic/Demo,14.94,37.22
A1870,18,52.3,1,4.6,30.6,7.22,179,59.9,54,5.9,3,73,Synthetic/Demo,18.91,41.32
A1871,30,83.0,8,13.7,61.4,9.99,272,104.4,80,8.9,6,113,Synthetic/Demo,78.13,90.00
A1872,30,82.7,8,13.5,64.4,9.7,274,105.3,80,8.8,6,116,Synthetic/Demo,80.61,83.06
A1873,29,82.7,8,13.5,61.0,9.94,271,104.1,81,8.8,6,111,Synthetic/Demo,79.56,82.13
A1874,30,82.8,8,13.6,61.9,9.73,269,102.5,79,8.7,6,112,Synthetic/Demo,82.23,78.91
A1875,19,52.7,1,4.3,33.1,7.22,190,61.8,53,5.5,3,69,Synthetic/Demo,24.19,35.36
A1876,19,52.7,1,4.9,31.9,7.23,184,63.9,55,5.9,3,71,Synthetic/Demo,26.41,35.00
A1877,29,85.2,8,12.7,62.4,9.95,271,103.9,80,8.7,6,115,Synthetic/Demo,77.91,88.77
A1878,29,82.6,8,13.5,61.5,9.9,268,104.8,80,8.7,6,115,Synthetic/Demo,80.22,90.00
A1879,30,83.3,8,13.7,63.2,9.76,267,106.5,80,8.7,6,114,Synthetic/Demo,77.18,90.00
A1880,19,51.3,1,4.5,33.4,7.12,181,63.8,53,5.8,3,71,Synthetic/Demo,19.76,35.00
A1881,19,52.0,1,4.2,32.6,7.27,185,63.1,53,5.7,3,72,Synthetic/Demo,23.95,44.65
A1882,29,82.4,8,13.1,62.1,9.97,266,104.2,81,8.6,6,115,Synthetic/Demo,85.46,90.00
A1883,30,83.3,8,13.6,62.1,9.85,267,105.5,82,8.8,6,114,Synthetic/Demo,77.78,83.47
A1884,30,81.5,8,12.6,61.8,9.78,274,104.8,80,8.8,6,113,Synthetic/Demo,76.65,85.25
A1885,18,52.3,1,5.1,32.3,7.04,182,61.7,56,5.8,3,72,Synthetic/Demo,21.1,35.00
A1886,19,50.5,1,5.2,34.4,7.04,179,65.3,54,5.6,3,70,Synthetic/Demo,24.85,43.13
A1887,29,84.9,8,12.7,63.1,9.68,268,103.4,81,8.6,6,111,Synthetic/Demo,76.41,79.15
A1888,19,51.3,1,5.1,30.3,7.25,189,61.3,55,5.8,3,71,Synthetic/Demo,21.55,42.23
A1889,19,52.7,1,5.1,32.5,7.01,182,64.4,54,5.6,3,73,Synthetic/Demo,20.38,35.00
A1890,19,52.5,1,4.2,31.7,7.05,179,59.6,55,5.5,3,73,Synthetic/Demo,18.46,42.06
A1891,29,81.0,8,13.2,64.4,9.98,272,103.9,80,8.7,6,112,Synthetic/Demo,83.55,90.00
A1892,18,51.3,1,4.2,32.8,7.24,184,62.4,54,5.6,3,71,Synthetic/Demo,20.76,36.46
A1893,29,81.8,8,13.4,64.8,9.82,271,107.2,80,8.8,6,112,Synthetic/Demo,81.67,80.17
A1894,29,84.7,8,13.0,64.8,9.64,270,104.7,81,8.7,6,111,Synthetic/Demo,80.22,74.36
A1895,30,81.4,8,12.7,62.8,9.66,264,103.6,79,8.8,6,116,Synthetic/Demo,78.97,83.19
A1896,30,81.0,8,13.7,64.8,9.95,266,108.0,79,8.8,6,113,Synthetic/Demo,83.85,83.46
A1897,30,82.9,8,13.4,60.9,9.73,267,103.0,80,8.8,6,113,Synthetic/Demo,78.51,77.02
A1898,18,52.9,1,5.2,33.2,7.09,188,62.3,56,5.9,3,71,Synthetic/Demo,26.7,44.26
A1899,18,53.9,1,4.5,32.8,7.21,185,62.9,54,5.6,3,68,Synthetic/Demo,23.03,38.55
A1900,18,51.2,1,4.1,34.5,7.28,180,64.1,53,5.5,3,69,Synthetic/Demo,21.87,35.33
A1901,29,81.2,8,13.6,61.9,9.72,264,104.5,82,9.0,6,113,Synthetic/Demo,83.17,82.39
A1902,29,82.7,8,13.1,62.7,9.78,275,103.4,81,8.8,6,115,Synthetic/Demo,78.17,90.00
A1903,30,85.3,8,12.7,61.1,9.86,272,103.7,82,8.8,6,113,Synthetic/Demo,81.8,88.05
A1904,29,84.2,8,13.4,63.1,9.76,272,105.1,81,8.7,6,114,Synthetic/Demo,81.71,84.78
A1905,29,85.1,8,13.0,62.1,9.8,268,103.1,80,9.0,6,116,Synthetic/Demo,79.36,88.23
A1906,19,51.3,1,4.5,31.1,7.09,179,59.8,56,5.6,3,72,Synthetic/Demo,20.39,35.00
A1907,29,82.0,8,13.2,64.0,9.65,266,104.8,79,9.0,6,113,Synthetic/Demo,76.71,85.28
A1908,19,50.7,1,4.4,33.2,7.21,179,63.8,55,5.8,3,72,Synthetic/Demo,18.91,42.12
A1909,29,82.3,8,13.2,64.1,9.65,265,104.3,79,8.8,6,115,Synthetic/Demo,77.47,82.63
A1910,29,84.1,8,13.6,64.7,9.74,274,108.0,80,8.7,6,115,Synthetic/Demo,82.97,88.28
A1911,19,52.5,1,4.4,32.0,7.16,185,62.6,53,5.6,3,72,Synthetic/Demo,25.43,36.64
A1912,29,83.3,8,13.7,64.1,9.77,272,106.5,82,8.6,6,115,Synthetic/Demo,88.64,88.46
A1913,18,50.7,1,4.6,33.9,7.14,188,62.2,53,5.8,3,71,Synthetic/Demo,23.47,43.81
A1914,29,84.6,8,13.4,62.5,9.96,274,107.2,81,8.8,6,117,Synthetic/Demo,83.12,71.55
A1915,29,81.0,8,12.7,63.0,9.87,266,104.4,81,8.6,6,114,Synthetic/Demo,74.65,90.00
A1916,19,53.6,1,4.9,33.1,7.2,189,61.8,56,5.5,3,69,Synthetic/Demo,19.48,35.00
A1917,29,83.6,8,13.7,63.8,9.74,264,105.5,81,8.7,6,116,Synthetic/Demo,79.95,82.56
A1918,30,81.4,8,13.1,64.1,9.7,269,103.5,81,8.7,6,117,Synthetic/Demo,78.17,90.00
A1919,18,52.7,1,4.9,32.4,6.94,186,60.3,56,5.9,3,71,Synthetic/Demo,19.24,38.98
A1920,18,52.9,1,4.2,32.3,7.22,179,60.8,56,5.7,3,71,Synthetic/Demo,18.93,35.00
A1921,18,52.3,1,4.6,32.3,7.04,180,61.5,53,5.9,3,69,Synthetic/Demo,15.02,35.00
A1922,29,83.7,8,13.2,63.2,9.72,270,104.4,80,8.9,6,112,Synthetic/Demo,82.81,90.00
A1923,29,83.8,8,12.8,62.9,9.89,274,102.9,79,8.9,6,115,Synthetic/Demo,76.33,75.54
A1924,29,85.1,8,12.8,61.0,9.9,267,103.1,80,8.8,6,113,Synthetic/Demo,79.82,90.00
A1925,30,85.2,8,13.2,64.9,9.98,269,106.4,80,8.8,6,112,Synthetic/Demo,89.64,86.03
A1926,29,83.8,8,13.6,64.8,9.99,275,106.5,79,8.8,6,111,Synthetic/Demo,80.93,80.35
A1927,18,52.7,1,4.9,32.0,7.1,188,61.8,55,5.7,3,73,Synthetic/Demo,12.63,38.04
A1928,29,83.6,8,13.8,61.0,9.76,273,104.3,81,9.0,6,112,Synthetic/Demo,79.39,80.30
A1929,18,51.2,1,4.9,33.5,7.16,182,63.6,54,5.7,3,71,Synthetic/Demo,26.08,45.68
A1930,19,52.0,1,4.2,32.2,6.93,188,58.8,56,5.7,3,71,Synthetic/Demo,23.23,43.16
A1931,19,53.3,1,5.2,33.5,7.12,178,62.6,53,5.6,3,72,Synthetic/Demo,19.44,35.00
A1932,18,53.4,1,5.0,31.2,7.05,185,60.6,55,5.7,3,73,Synthetic/Demo,21.12,38.43
A1933,29,81.2,8,12.8,62.6,9.69,269,104.5,79,8.9,6,116,Synthetic/Demo,77.95,80.36
A1934,29,81.2,8,13.1,64.0,9.77,264,105.6,80,8.9,6,115,Synthetic/Demo,81.62,90.00
A1935,30,81.9,8,13.7,65.0,9.99,265,107.3,81,8.8,6,115,Synthetic/Demo,92.82,79.89
A1936,19,51.7,1,4.4,33.3,6.94,184,61.2,55,5.5,3,68,Synthetic/Demo,15.01,47.78
A1937,30,82.8,8,12.9,64.8,9.86,267,107.0,80,8.9,6,111,Synthetic/Demo,83.57,85.65
A1938,29,81.9,8,13.1,65.0,9.7,272,107.0,81,8.8,6,114,Synthetic/Demo,83.03,79.81
A1939,19,52.3,1,4.3,33.5,7.27,187,62.2,53,5.7,3,73,Synthetic/Demo,24.51,38.03
A1940,29,81.9,8,12.7,63.6,9.75,273,103.7,80,8.8,6,114,Synthetic/Demo,79.57,80.84
A1941,29,81.8,8,13.4,61.7,9.83,273,102.1,79,8.9,6,113,Synthetic/Demo,80.52,78.53
A1942,29,83.0,8,12.8,62.8,9.97,270,105.0,80,8.9,6,111,Synthetic/Demo,79.86,85.75
A1943,29,84.8,8,13.2,61.1,9.75,269,103.6,80,9.0,6,115,Synthetic/Demo,80.1,78.85
A1944,29,83.0,8,13.2,60.9,9.97,269,104.9,82,8.7,6,116,Synthetic/Demo,78.95,74.36
A1945,19,50.4,1,5.1,30.8,7.2,186,62.4,54,5.9,3,69,Synthetic/Demo,23.18,39.26
A1946,29,83.5,8,13.7,64.4,9.97,264,107.0,81,8.9,6,111,Synthetic/Demo,83.68,77.29
A1947,19,53.0,1,4.5,30.8,7.24,182,59.7,56,5.8,3,68,Synthetic/Demo,20.87,36.59
A1948,29,82.5,8,13.0,62.7,9.77,270,105.5,81,8.6,6,115,Synthetic/Demo,79.72,80.43
A1949,30,81.9,8,12.8,62.9,9.83,264,103.8,80,8.9,6,115,Synthetic/Demo,83.85,80.72
A1950,19,53.6,1,5.0,32.6,7.01,180,63.6,53,5.8,3,69,Synthetic/Demo,22.07,51.14
A1951,19,52.5,1,4.5,31.8,7.1,182,61.9,54,5.6,3,70,Synthetic/Demo,14.8,40.46
A1952,29,83.9,8,12.8,64.1,9.82,274,102.8,80,8.6,6,114,Synthetic/Demo,83.23,86.23
A1953,29,82.1,8,13.0,62.3,9.81,275,103.5,80,8.9,6,114,Synthetic/Demo,76.49,76.13
A1954,19,52.8,1,4.7,32.3,7.27,188,61.4,54,5.6,3,71,Synthetic/Demo,18.83,37.98
A1955,29,82.1,8,12.6,63.6,9.73,272,101.2,80,8.7,6,112,Synthetic/Demo,76.52,85.42
A1956,19,53.1,1,5.2,34.0,7.19,181,62.3,56,5.7,3,70,Synthetic/Demo,27.48,37.19
A1957,29,82.5,8,13.3,64.7,9.94,270,104.9,81,8.8,6,115,Synthetic/Demo,76.09,90.00
A1958,30,83.6,8,13.0,63.6,9.78,266,105.9,80,8.8,6,114,Synthetic/Demo,90.77,79.44
A1959,30,81.6,8,13.6,61.6,9.66,272,103.3,79,8.7,6,114,Synthetic/Demo,82.37,83.40
A1960,29,83.8,8,13.7,63.3,9.81,264,105.8,80,8.8,6,116,Synthetic/Demo,83.34,82.82
A1961,29,84.7,8,13.1,64.6,9.83,268,105.9,80,8.8,6,112,Synthetic/Demo,82.12,86.47
A1962,18,50.3,1,5.0,31.5,7.01,182,63.6,54,5.8,3,71,Synthetic/Demo,22.02,37.22
A1963,18,51.2,1,4.9,33.2,7.17,182,62.9,54,5.6,3,73,Synthetic/Demo,23.75,39.80
A1964,29,82.0,8,13.4,61.2,9.99,271,103.9,79,8.9,6,116,Synthetic/Demo,82.6,84.17
A1965,30,82.6,8,12.7,63.9,9.9,266,104.4,81,8.7,6,112,Synthetic/Demo,82.66,81.57
A1966,18,51.2,1,5.2,33.3,7.05,182,62.4,56,5.6,3,71,Synthetic/Demo,22.26,43.56
A1967,18,50.4,1,5.2,31.6,7.14,186,62.3,56,5.5,3,70,Synthetic/Demo,20.27,41.88
A1968,19,50.7,1,4.9,33.3,7.27,181,62.9,55,5.5,3,73,Synthetic/Demo,22.15,41.22
A1969,18,50.7,1,4.9,32.6,7.2,185,61.5,54,5.8,3,73,Synthetic/Demo,20.94,39.00
A1970,19,53.6,1,4.4,31.3,7.12,178,61.0,56,5.8,3,73,Synthetic/Demo,23.23,44.47
A1971,18,51.2,1,5.1,33.1,6.93,179,63.5,56,5.7,3,69,Synthetic/Demo,23.77,39.53
A1972,19,53.1,1,4.9,34.0,7.1,182,63.2,55,5.7,3,72,Synthetic/Demo,13.7,40.38
A1973,19,52.4,1,5.1,31.6,6.99,181,61.0,53,5.6,3,71,Synthetic/Demo,22.39,40.70
A1974,29,84.9,8,12.9,65.0,9.85,267,106.1,82,8.9,6,115,Synthetic/Demo,82.82,90.00
A1975,29,81.7,8,13.7,60.9,9.79,271,101.8,79,9.0,6,116,Synthetic/Demo,79.51,78.29
A1976,29,83.0,8,12.7,63.7,9.8,267,104.4,82,8.9,6,114,Synthetic/Demo,79.21,89.03
A1977,29,83.7,8,13.6,64.6,9.88,264,105.9,81,8.7,6,115,Synthetic/Demo,86.84,76.53
A1978,29,83.6,8,13.4,63.1,9.84,273,103.1,82,8.9,6,114,Synthetic/Demo,83.32,86.68
A1979,29,84.7,8,13.3,65.0,9.92,272,107.9,80,8.8,6,112,Synthetic/Demo,81.2,90.00
A1980,30,81.9,8,12.9,63.8,9.79,264,104.6,79,8.9,6,113,Synthetic/Demo,82.66,87.62
A1981,19,51.1,1,4.2,32.5,7.18,189,60.3,56,5.8,3,69,Synthetic/Demo,16.43,41.41
A1982,29,82.1,8,13.7,63.0,9.91,275,105.5,82,8.7,6,113,Synthetic/Demo,77.45,83.06
A1983,18,52.5,1,4.4,33.8,7.2,188,61.0,54,5.7,3,68,Synthetic/Demo,19.1,40.92
A1984,30,85.0,8,13.3,64.8,9.92,273,105.6,82,8.9,6,116,Synthetic/Demo,84.95,85.31
A1985,30,83.4,8,13.7,63.1,9.96,268,105.4,79,8.8,6,115,Synthetic/Demo,85.74,82.14
A1986,29,83.2,8,13.2,62.1,9.73,269,103.7,79,8.7,6,113,Synthetic/Demo,81.13,83.22
A1987,18,54.1,1,4.2,32.0,7.03,185,62.6,55,5.7,3,69,Synthetic/Demo,21.53,40.95
A1988,29,83.7,8,13.7,62.8,9.82,273,106.9,80,8.9,6,114,Synthetic/Demo,83.62,82.11
A1989,29,81.7,8,13.7,62.0,9.97,267,104.0,79,8.8,6,112,Synthetic/Demo,80.18,81.31
A1990,19,54.0,1,4.3,31.9,6.94,182,60.5,56,5.8,3,73,Synthetic/Demo,19.87,35.00
A1991,29,82.9,8,13.3,64.3,9.8,272,105.1,79,8.7,6,113,Synthetic/Demo,83.96,87.39
A1992,30,83.2,8,13.8,62.8,9.84,273,105.7,80,8.9,6,116,Synthetic/Demo,84.15,88.87
A1993,19,51.7,1,4.7,31.2,7.17,189,59.6,55,5.8,3,73,Synthetic/Demo,22.66,41.89
A1994,30,84.3,8,12.6,61.2,9.82,269,104.9,82,8.7,6,113,Synthetic/Demo,80.61,89.66
A1995,29,84.6,8,13.2,64.0,9.67,265,105.1,81,8.9,6,112,Synthetic/Demo,82.5,85.76
A1996,30,83.7,8,12.9,62.8,9.76,269,103.6,81,8.9,6,114,Synthetic/Demo,82.85,87.15
A1997,19,52.3,1,4.7,33.5,6.96,183,61.3,54,5.7,3,73,Synthetic/Demo,20.46,42.24
A1998,19,54.0,1,4.3,33.7,7.14,185,62.3,56,5.9,3,68,Synthetic/Demo,18.62,41.05
A1999,19,50.5,1,4.5,33.6,7.1,183,61.5,54,5.8,3,69,Synthetic/Demo,20.83,38.08
A2000,19,53.7,1,5.1,33.2,7.25,183,62.6,55,5.6,3,72,Synthetic/Demo,20.47,53.25
A2001,19,50.7,1,4.3,32.6,7.17,183,61.9,56,5.6,3,70,Synthetic/Demo,18.27,38.22
A2002,29,83.0,8,13.1,61.9,9.65,265,102.3,80,8.6,6,115,Synthetic/Demo,78.13,80.92
A2003,19,50.9,1,4.9,34.3,7.14,187,63.5,53,5.7,3,70,Synthetic/Demo,20.37,43.96
A2004,29,83.7,8,13.6,63.3,9.71,275,105.5,81,9.0,6,116,Synthetic/Demo,80.06,87.15
A2005,18,52.4,1,4.1,33.0,7.1,181,60.0,55,5.7,3,72,Synthetic/Demo,13.92,35.00
A2006,29,84.4,8,12.6,62.5,9.77,267,103.7,82,8.8,6,117,Synthetic/Demo,79.46,90.00
A2007,19,53.7,1,4.9,33.4,6.94,182,62.3,54,5.6,3,73,Synthetic/Demo,21.01,40.50
A2008,29,84.5,8,13.8,63.2,9.99,274,106.9,81,8.6,6,112,Synthetic/Demo,80.35,80.63
A2009,18,53.1,1,4.9,34.3,6.94,186,62.3,54,5.8,3,72,Synthetic/Demo,23.45,47.19
A2010,29,85.1,8,12.6,62.2,9.72,267,102.2,82,8.6,6,116,Synthetic/Demo,80.52,87.56
A2011,29,84.2,8,13.4,63.7,9.91,264,104.8,82,8.9,6,114,Synthetic/Demo,77.8,79.55
A2012,19,50.7,1,4.2,31.5,7.2,182,59.6,54,5.9,3,72,Synthetic/Demo,17.22,48.95
A2013,18,51.0,1,4.8,30.3,7.18,183,60.6,56,5.6,3,72,Synthetic/Demo,17.07,43.24
A2014,30,83.4,8,13.0,64.9,9.94,273,105.1,80,8.8,6,115,Synthetic/Demo,79.08,86.00
A2015,19,51.9,1,4.3,31.4,6.99,188,61.1,55,5.8,3,70,Synthetic/Demo,20.8,47.83
A2016,19,53.8,1,4.5,32.6,6.99,186,61.2,56,5.7,3,70,Synthetic/Demo,18.83,41.37
A2017,29,81.4,8,13.3,62.3,9.9,273,104.9,81,8.7,6,112,Synthetic/Demo,79.75,85.09
A2018,19,51.6,1,5.3,34.4,6.91,186,63.2,54,5.5,3,70,Synthetic/Demo,16.06,38.04
A2019,19,53.6,1,4.5,32.0,7.27,183,61.6,55,5.5,3,73,Synthetic/Demo,22.39,43.89
A2020,19,52.7,1,4.7,31.6,6.92,187,61.8,56,5.8,3,69,Synthetic/Demo,15.39,42.74
A2021,19,53.2,1,4.4,32.5,7.13,179,60.1,53,5.7,3,71,Synthetic/Demo,20.63,40.25
A2022,18,50.9,1,4.9,30.6,7.04,184,60.5,56,5.5,3,69,Synthetic/Demo,19.77,35.45
A2023,29,83.8,8,13.0,61.0,9.8,273,101.6,82,9.0,6,112,Synthetic/Demo,82.16,85.42
A2024,18,51.0,1,4.7,32.2,6.92,182,59.3,55,5.8,3,74,Synthetic/Demo,15.14,39.36
A2025,19,54.2,1,4.8,31.0,7.01,188,59.1,55,5.6,3,72,Synthetic/Demo,9.04,35.00
A2026,18,52.4,1,4.9,31.0,6.95,187,62.5,54,5.9,3,68,Synthetic/Demo,20.38,35.00
A2027,29,82.5,8,12.8,64.4,9.85,272,104.7,82,8.7,6,112,Synthetic/Demo,86.02,88.14
A2028,19,50.5,1,4.8,32.7,7.0,181,61.9,56,5.6,3,71,Synthetic/Demo,24.32,35.00
A2029,18,51.1,1,4.6,32.1,6.94,188,62.2,56,5.7,3,72,Synthetic/Demo,19.67,41.16
A2030,18,50.6,1,4.3,32.8,7.19,178,61.0,53,5.8,3,72,Synthetic/Demo,19.73,37.71
A2031,30,84.8,8,13.5,62.3,9.81,273,104.4,80,8.8,6,116,Synthetic/Demo,82.77,90.00
A2032,29,82.2,8,13.4,64.9,9.76,265,106.1,79,8.9,6,111,Synthetic/Demo,80.4,83.10
A2033,19,53.2,1,5.1,32.0,7.22,184,63.2,56,5.7,3,69,Synthetic/Demo,23.55,45.16
A2034,29,81.9,8,13.1,61.9,9.96,270,105.7,79,8.8,6,112,Synthetic/Demo,82.61,83.18
A2035,19,53.2,1,4.9,30.9,7.21,188,60.1,56,5.5,3,71,Synthetic/Demo,22.49,41.29
A2036,19,50.2,1,4.8,32.5,6.99,189,60.5,54,5.7,3,69,Synthetic/Demo,27.88,43.89
A2037,29,81.9,8,13.0,64.0,9.7,273,105.9,81,8.9,6,116,Synthetic/Demo,81.62,83.13
A2038,30,83.6,8,13.6,61.4,9.99,270,104.0,81,8.7,6,115,Synthetic/Demo,79.35,90.00
A2039,19,53.2,1,4.8,32.7,7.1,185,61.8,55,5.9,3,70,Synthetic/Demo,21.14,36.48
A2040,19,52.0,1,4.3,33.4,7.02,185,61.1,53,5.8,3,69,Synthetic/Demo,14.9,41.74
A2041,30,83.5,8,13.4,61.2,9.73,268,104.7,81,8.8,6,116,Synthetic/Demo,77.55,89.82
A2042,19,52.6,1,5.0,31.2,7.18,183,61.8,55,5.5,3,71,Synthetic/Demo,19.42,44.09
A2043,19,51.7,1,5.2,34.5,6.95,186,61.1,56,5.7,3,72,Synthetic/Demo,19.95,51.25
A2044,29,84.1,8,12.7,61.6,9.81,268,102.2,81,8.7,6,115,Synthetic/Demo,78.6,80.67
A2045,30,84.4,8,13.3,61.6,9.91,269,104.0,80,8.8,6,112,Synthetic/Demo,78.08,78.46
A2046,18,51.9,1,4.9,30.7,7.19,188,60.8,56,5.6,3,69,Synthetic/Demo,22.91,35.33
A2047,19,50.4,1,4.2,33.2,7.23,182,63.5,56,5.7,3,71,Synthetic/Demo,21.45,44.45
A2048,19,53.9,1,4.8,32.4,7.11,188,62.1,54,5.7,3,71,Synthetic/Demo,20.58,43.76
A2049,29,83.0,8,13.8,61.8,9.99,270,105.0,81,8.8,6,111,Synthetic/Demo,81.15,86.23
A2050,29,82.1,8,13.1,64.0,9.64,270,105.1,80,8.9,6,115,Synthetic/Demo,81.0,79.57
A2051,19,52.3,1,4.8,32.5,7.08,179,62.0,56,5.9,3,69,Synthetic/Demo,24.11,44.96
A2052,18,50.4,1,5.3,32.7,6.96,182,61.7,54,5.9,3,69,Synthetic/Demo,19.26,35.00
A2053,30,84.6,8,13.1,61.4,9.93,270,103.1,81,8.7,6,116,Synthetic/Demo,77.37,90.00
A2054,30,82.5,8,13.6,60.8,9.69,270,103.1,82,8.8,6,112,Synthetic/Demo,78.08,90.00
A2055,30,82.0,8,12.6,63.1,9.76,273,102.7,79,9.0,6,116,Synthetic/Demo,74.77,86.81
A2056,30,83.7,8,13.4,61.6,9.65,272,103.7,80,8.8,6,112,Synthetic/Demo,76.61,87.84
A2057,19,50.1,1,4.9,32.0,7.2,179,63.4,55,5.9,3,74,Synthetic/Demo,20.93,39.18
A2058,18,52.2,1,5.1,34.0,7.19,183,64.1,55,5.5,3,72,Synthetic/Demo,25.83,35.00
A2059,29,84.5,8,13.4,63.6,9.91,271,106.6,79,8.9,6,115,Synthetic/Demo,83.38,83.02
A2060,29,83.0,8,12.9,64.9,9.97,270,105.4,79,8.8,6,114,Synthetic/Demo,82.98,80.26
A2061,18,51.0,1,4.6,32.8,6.94,189,60.0,54,5.8,3,71,Synthetic/Demo,21.62,35.00
A2062,19,51.4,1,4.4,31.2,6.94,185,60.9,54,5.6,3,69,Synthetic/Demo,17.82,47.76
A2063,29,82.6,8,13.7,64.3,9.98,265,107.4,80,8.9,6,113,Synthetic/Demo,85.95,87.68
A2064,19,51.7,1,5.1,31.1,7.07,181,61.2,54,5.5,3,70,Synthetic/Demo,20.08,42.02
A2065,19,52.4,1,4.7,30.9,7.18,181,61.9,54,5.6,3,74,Synthetic/Demo,21.02,39.00
A2066,29,82.4,8,13.5,61.3,9.81,264,104.0,81,8.8,6,113,Synthetic/Demo,78.87,84.08
A2067,30,83.0,8,13.6,61.0,9.69,268,105.2,82,8.7,6,116,Synthetic/Demo,72.29,90.00
A2068,29,82.0,8,13.8,62.0,9.77,275,105.2,80,8.8,6,113,Synthetic/Demo,80.31,85.25
A2069,29,81.8,8,12.9,64.7,9.77,272,105.4,79,8.8,6,111,Synthetic/Demo,85.53,87.84
A2070,18,53.2,1,4.1,31.0,6.95,184,58.1,54,5.5,3,68,Synthetic/Demo,19.56,37.02
A2071,29,81.9,8,12.8,63.2,9.85,265,104.2,80,9.0,6,112,Synthetic/Demo,83.96,83.31
A2072,29,84.4,8,13.0,63.4,9.65,268,105.6,80,8.8,6,113,Synthetic/Demo,84.06,77.99
A2073,19,50.0,1,4.9,30.5,7.15,189,61.4,54,5.8,3,69,Synthetic/Demo,20.03,35.00
A2074,18,50.1,1,4.7,30.7,6.92,185,61.7,55,5.8,3,73,Synthetic/Demo,19.21,38.26
A2075,19,52.4,1,4.4,33.6,7.07,180,61.3,55,5.7,3,70,Synthetic/Demo,19.11,40.90
A2076,29,81.4,8,12.8,64.0,9.7,273,102.7,79,8.7,6,114,Synthetic/Demo,78.15,78.19
A2077,18,51.6,1,4.6,32.0,7.24,182,62.8,54,5.9,3,72,Synthetic/Demo,23.54,40.90
A2078,29,84.6,8,13.5,62.4,9.9,270,105.9,79,8.6,6,114,Synthetic/Demo,85.12,85.75
A2079,19,52.2,1,4.6,34.5,7.24,183,63.5,56,5.7,3,74,Synthetic/Demo,22.34,35.00
A2080,30,81.0,8,13.7,60.9,9.92,270,105.4,80,8.6,6,113,Synthetic/Demo,79.53,80.72
A2081,19,51.4,1,4.2,33.6,7.23,183,63.8,54,5.6,3,73,Synthetic/Demo,21.61,43.26
A2082,18,50.1,1,4.6,31.2,7.18,183,60.7,55,5.6,3,74,Synthetic/Demo,21.37,41.89
A2083,30,84.5,8,13.0,62.7,9.79,274,105.4,82,8.9,6,115,Synthetic/Demo,75.47,79.92
A2084,19,53.5,1,5.0,34.4,7.25,186,62.2,54,5.8,3,70,Synthetic/Demo,16.41,43.32
A2085,29,82.6,8,12.7,61.6,9.83,270,103.4,80,8.7,6,114,Synthetic/Demo,76.88,89.60
A2086,30,84.2,8,13.2,64.0,9.89,270,105.8,79,8.7,6,113,Synthetic/Demo,78.39,89.65
A2087,30,83.1,8,12.7,64.6,9.83,271,105.3,82,8.7,6,112,Synthetic/Demo,79.22,85.03
A2088,19,53.4,1,4.5,34.0,7.26,183,63.8,55,5.7,3,68,Synthetic/Demo,22.41,39.57
A2089,29,82.0,8,12.9,61.7,9.93,265,105.1,80,8.7,6,112,Synthetic/Demo,79.21,81.64
A2090,18,52.9,1,4.5,31.5,7.04,184,60.2,55,5.7,3,70,Synthetic/Demo,23.34,42.01
A2091,30,81.6,8,13.1,64.2,9.97,266,105.1,79,8.9,6,116,Synthetic/Demo,83.69,86.85
A2092,18,52.2,1,5.3,33.3,6.99,180,63.7,56,5.9,3,71,Synthetic/Demo,23.81,44.89
A2093,19,51.6,1,4.8,33.3,7.0,182,61.3,55,5.9,3,70,Synthetic/Demo,23.12,41.66
A2094,29,84.2,8,13.2,61.1,9.81,275,101.6,82,8.9,6,113,Synthetic/Demo,74.73,89.04
A2095,19,51.3,1,5.2,30.3,7.09,181,61.4,55,5.6,3,68,Synthetic/Demo,23.53,40.63
A2096,29,82.9,8,13.4,64.3,9.88,265,106.1,80,8.9,6,116,Synthetic/Demo,82.97,89.87
A2097,19,51.9,1,4.6,34.3,6.91,184,60.8,54,5.6,3,74,Synthetic/Demo,22.16,44.89
A2098,29,84.2,8,13.7,64.6,9.87,269,105.3,80,8.9,6,116,Synthetic/Demo,80.01,82.22
A2099,29,82.4,8,13.5,61.0,9.73,266,103.7,79,8.8,6,116,Synthetic/Demo,75.11,75.70
A2100,29,84.4,8,12.7,61.8,9.66,274,102.3,81,8.9,6,117,Synthetic/Demo,79.58,90.00
A2101,18,51.3,1,4.5,31.7,6.95,183,60.8,56,5.5,3,73,Synthetic/Demo,19.55,40.63
A2102,29,83.5,8,12.7,61.5,9.86,265,103.8,80,8.9,6,115,Synthetic/Demo,76.78,76.17
A2103,30,82.6,8,13.0,64.2,9.98,266,106.4,79,8.6,6,115,Synthetic/Demo,79.98,82.15
A2104,18,52.5,1,5.3,30.6,6.99,183,60.1,56,5.5,3,68,Synthetic/Demo,22.84,43.53
A2105,29,84.1,8,13.2,64.0,9.9,273,105.5,79,8.7,6,114,Synthetic/Demo,78.08,84.26
A2106,18,53.5,1,4.6,33.4,7.09,188,62.7,53,5.8,3,68,Synthetic/Demo,26.24,38.37
A2107,29,85.2,8,12.6,64.0,9.85,274,104.5,79,8.7,6,111,Synthetic/Demo,77.35,90.00
A2108,30,85.2,8,13.1,61.3,9.75,264,104.8,79,8.8,6,112,Synthetic/Demo,81.98,79.63
A2109,29,81.6,8,13.1,61.2,9.96,272,103.4,81,8.7,6,115,Synthetic/Demo,78.32,80.98
A2110,19,53.2,1,5.0,33.2,7.17,178,63.6,55,5.8,3,73,Synthetic/Demo,25.0,43.20
A2111,29,82.8,8,12.9,61.0,9.86,275,103.2,81,9.0,6,113,Synthetic/Demo,76.86,86.87
A2112,18,50.9,1,4.4,31.6,7.05,183,60.1,53,5.6,3,72,Synthetic/Demo,18.42,41.63
A2113,19,50.6,1,4.5,32.1,7.17,188,62.2,55,5.6,3,71,Synthetic/Demo,20.1,45.23
A2114,30,82.6,8,13.2,62.8,9.73,272,103.7,80,8.7,6,114,Synthetic/Demo,76.56,86.08
A2115,29,84.0,8,13.1,64.2,9.81,271,105.9,80,8.7,6,115,Synthetic/Demo,83.56,88.01
A2116,18,50.0,1,4.6,32.2,7.18,186,62.6,53,5.9,3,71,Synthetic/Demo,19.65,39.42
A2117,18,50.1,1,4.4,30.7,7.15,181,61.3,55,5.7,3,68,Synthetic/Demo,18.91,39.64
A2118,19,51.7,1,4.9,34.2,7.18,182,63.5,54,5.8,3,70,Synthetic/Demo,20.47,42.59
A2119,19,53.0,1,4.6,30.6,7.24,183,59.7,56,5.6,3,69,Synthetic/Demo,11.68,41.27
A2120,19,53.0,1,4.4,31.0,7.27,181,61.4,56,5.7,3,71,Synthetic/Demo,19.57,44.55
A2121,29,83.4,8,13.1,64.8,9.83,269,107.6,80,9.0,6,114,Synthetic/Demo,90.23,88.80
A2122,19,53.0,1,4.3,32.6,6.93,180,62.8,56,5.6,3,73,Synthetic/Demo,21.91,40.43
A2123,19,52.2,1,4.9,31.8,7.22,180,61.4,54,5.8,3,71,Synthetic/Demo,21.66,37.09
A2124,19,54.2,1,4.6,34.2,6.95,178,62.8,55,5.7,3,70,Synthetic/Demo,20.98,41.36
A2125,19,50.7,1,4.5,34.3,6.99,183,61.6,55,5.7,3,70,Synthetic/Demo,21.03,40.52
A2126,29,82.9,8,12.9,63.7,9.7,268,106.1,81,8.6,6,113,Synthetic/Demo,82.02,85.92
A2127,19,52.1,1,4.5,33.9,7.19,184,63.6,53,5.9,3,69,Synthetic/Demo,19.15,52.71
A2128,18,50.8,1,4.5,33.1,7.17,184,62.5,54,5.8,3,70,Synthetic/Demo,24.85,38.15
A2129,29,82.2,8,12.8,64.8,9.92,275,106.2,81,8.8,6,114,Synthetic/Demo,83.62,87.90
A2130,19,51.2,1,4.3,34.3,7.25,185,60.9,54,5.7,3,73,Synthetic/Demo,23.53,46.67
A2131,29,81.3,8,13.1,64.4,9.73,267,105.1,79,8.9,6,113,Synthetic/Demo,83.03,85.68
A2132,29,82.3,8,13.1,62.4,9.81,264,105.0,79,8.8,6,114,Synthetic/Demo,81.04,90.00
A2133,30,83.2,8,13.2,62.4,9.85,272,103.5,80,8.8,6,111,Synthetic/Demo,82.16,83.34
A2134,18,51.9,1,4.6,33.2,7.08,183,61.7,55,5.8,3,72,Synthetic/Demo,22.76,42.42
A2135,18,52.0,1,4.8,30.5,6.98,188,60.6,54,5.6,3,71,Synthetic/Demo,17.17,35.40
A2136,29,83.8,8,13.3,62.2,9.65,270,104.5,81,9.0,6,115,Synthetic/Demo,78.02,83.42
A2137,29,83.1,8,13.0,64.7,9.79,272,105.3,79,8.7,6,116,Synthetic/Demo,81.42,86.69
A2138,19,50.7,1,4.8,31.5,7.22,181,61.6,56,5.5,3,72,Synthetic/Demo,25.31,44.90
A2139,18,52.5,1,4.4,33.1,7.11,186,60.8,54,5.6,3,69,Synthetic/Demo,16.36,41.68
A2140,29,82.5,8,13.3,62.8,9.71,264,104.0,80,8.7,6,116,Synthetic/Demo,76.06,90.00
A2141,19,50.5,1,4.8,31.7,7.2,189,62.3,55,5.8,3,72,Synthetic/Demo,21.08,40.86
A2142,19,52.0,1,5.3,30.4,7.22,187,60.3,56,5.6,3,69,Synthetic/Demo,20.35,39.26
A2143,29,85.1,8,13.1,64.4,9.65,264,106.4,79,8.8,6,116,Synthetic/Demo,82.25,90.00
A2144,29,83.2,8,13.3,64.1,9.95,269,107.3,79,9.0,6,115,Synthetic/Demo,84.2,88.14
A2145,19,50.4,1,4.6,33.7,7.01,178,63.0,53,5.6,3,74,Synthetic/Demo,20.97,36.98
A2146,29,84.3,8,13.1,62.2,9.81,268,104.9,80,9.0,6,112,Synthetic/Demo,85.18,81.74
A2147,29,83.2,8,12.9,61.7,9.75,274,102.0,80,8.7,6,116,Synthetic/Demo,72.83,79.82
A2148,29,83.8,8,12.9,61.0,9.71,272,103.3,81,9.0,6,114,Synthetic/Demo,75.57,89.39
A2149,19,50.8,1,4.6,32.6,7.2,188,60.8,56,5.7,3,70,Synthetic/Demo,19.98,39.18
A2150,18,54.2,1,4.5,30.5,7.03,181,58.2,56,5.6,3,73,Synthetic/Demo,12.72,39.81
A2151,29,83.2,8,12.7,62.0,9.66,270,103.4,80,9.0,6,111,Synthetic/Demo,78.0,84.13
A2152,29,84.0,8,13.7,62.1,9.65,269,106.2,81,8.6,6,114,Synthetic/Demo,85.49,88.85
A2153,19,51.8,1,5.0,32.8,7.24,187,62.1,54,5.8,3,69,Synthetic/Demo,22.26,37.55
A2154,29,81.4,8,13.1,64.3,9.92,264,106.5,82,8.9,6,112,Synthetic/Demo,83.79,80.37
A2155,19,50.9,1,4.9,30.9,7.21,186,61.7,56,5.5,3,69,Synthetic/Demo,16.32,41.69
A2156,30,83.9,8,12.6,62.2,9.75,265,103.6,81,8.9,6,116,Synthetic/Demo,77.14,87.89
A2157,30,85.1,8,13.7,60.8,9.79,264,102.7,80,8.6,6,112,Synthetic/Demo,78.92,86.56
A2158,19,54.3,1,4.9,34.4,6.92,179,63.2,55,5.7,3,69,Synthetic/Demo,21.4,37.30
A2159,19,51.4,1,4.3,33.3,7.04,186,63.1,53,5.9,3,70,Synthetic/Demo,24.68,44.18
A2160,19,50.6,1,4.2,32.0,7.03,189,61.4,56,5.7,3,69,Synthetic/Demo,20.17,36.21
A2161,29,84.3,8,13.2,63.8,9.7,265,103.4,79,8.9,6,115,Synthetic/Demo,77.65,82.53
A2162,19,52.6,1,4.3,32.3,7.21,182,62.6,56,5.6,3,74,Synthetic/Demo,21.16,36.30
A2163,29,84.9,8,13.6,61.3,9.83,268,104.3,81,8.8,6,117,Synthetic/Demo,81.87,90.00
A2164,29,82.2,8,13.4,64.6,9.91,267,107.8,79,8.7,6,114,Synthetic/Demo,87.15,89.08
A2165,29,84.9,8,12.8,64.1,9.98,273,103.9,82,8.8,6,113,Synthetic/Demo,85.56,88.73
A2166,19,52.7,1,4.3,32.4,7.13,180,60.9,54,5.7,3,69,Synthetic/Demo,17.31,46.37
A2167,18,51.8,1,5.1,30.6,7.05,180,61.2,56,5.7,3,72,Synthetic/Demo,17.68,54.25
A2168,29,81.9,8,12.9,61.9,9.89,267,105.4,79,8.8,6,113,Synthetic/Demo,76.79,76.32
A2169,29,83.6,8,13.6,63.6,9.89,271,105.7,81,8.9,6,116,Synthetic/Demo,81.66,82.44
A2170,29,81.4,8,13.7,64.8,9.78,265,106.2,80,8.9,6,112,Synthetic/Demo,85.2,82.74
A2171,18,54.1,1,4.1,31.5,7.28,183,60.8,54,5.6,3,73,Synthetic/Demo,22.45,35.85
A2172,30,82.3,8,12.7,60.9,9.77,267,104.7,82,8.7,6,112,Synthetic/Demo,78.22,79.15
A2173,18,52.2,1,5.2,31.4,7.03,185,60.3,56,5.6,3,69,Synthetic/Demo,18.94,38.71
A2174,18,51.0,1,4.5,31.1,7.16,185,60.4,55,5.6,3,72,Synthetic/Demo,19.49,35.00
A2175,19,53.8,1,5.0,30.9,6.99,189,59.6,54,5.8,3,69,Synthetic/Demo,16.37,41.96
A2176,29,81.3,8,12.7,64.7,9.91,275,105.9,82,8.9,6,117,Synthetic/Demo,87.26,86.12
A2177,29,82.6,8,13.7,63.6,9.88,274,105.0,79,8.9,6,112,Synthetic/Demo,77.53,88.25
A2178,29,81.3,8,13.0,61.6,9.84,269,103.9,82,8.9,6,116,Synthetic/Demo,79.95,87.55
A2179,18,54.1,1,4.8,34.3,7.03,179,62.3,55,5.9,3,72,Synthetic/Demo,28.58,44.56
A2180,19,50.7,1,4.8,34.2,7.23,186,63.9,53,5.8,3,70,Synthetic/Demo,23.33,40.22
A2181,19,52.1,1,4.5,32.3,7.1,181,61.7,54,5.6,3,70,Synthetic/Demo,19.89,50.83
A2182,19,52.3,1,4.2,32.2,6.93,187,61.3,53,5.8,3,73,Synthetic/Demo,17.43,41.04
A2183,19,52.1,1,5.2,30.8,6.98,178,61.9,54,5.9,3,69,Synthetic/Demo,20.56,35.00
A2184,19,53.5,1,4.7,34.4,6.99,182,64.1,53,5.8,3,68,Synthetic/Demo,26.78,36.38
A2185,29,83.0,8,13.1,64.6,9.85,264,108.3,79,8.6,6,115,Synthetic/Demo,76.52,76.91
A2186,29,84.0,8,12.9,61.7,9.96,265,106.5,82,8.8,6,113,Synthetic/Demo,85.66,85.42
A2187,30,84.6,8,13.2,62.0,9.76,272,104.3,80,8.7,6,117,Synthetic/Demo,74.99,84.67
A2188,29,82.8,8,13.6,61.0,9.81,273,104.2,81,9.0,6,114,Synthetic/Demo,79.19,83.02
A2189,30,84.8,8,13.5,62.0,9.8,274,104.0,79,8.8,6,112,Synthetic/Demo,78.9,90.00
A2190,19,51.3,1,4.4,34.3,7.2,185,62.6,54,5.8,3,73,Synthetic/Demo,23.73,44.45
A2191,19,50.5,1,4.2,31.5,7.18,186,61.0,54,5.8,3,71,Synthetic/Demo,14.53,43.76
A2192,19,52.8,1,4.9,32.8,6.99,181,61.2,54,5.7,3,69,Synthetic/Demo,22.39,35.89
A2193,29,81.4,8,12.8,63.3,9.81,271,105.2,79,9.0,6,115,Synthetic/Demo,86.62,80.19
A2194,19,54.0,1,4.2,33.7,7.02,181,59.9,55,5.8,3,68,Synthetic/Demo,16.04,40.47
A2195,19,54.2,1,4.6,31.1,7.2,181,61.3,56,5.9,3,73,Synthetic/Demo,20.96,42.09
A2196,19,53.4,1,4.7,33.7,7.19,187,61.9,56,5.8,3,68,Synthetic/Demo,19.78,35.00
A2197,30,82.7,8,13.0,61.3,9.73,267,103.0,80,8.7,6,113,Synthetic/Demo,79.93,83.60
A2198,19,53.7,1,5.3,32.7,7.15,185,63.3,56,5.6,3,72,Synthetic/Demo,22.26,42.27
A2199,30,83.2,8,12.7,63.5,9.66,274,102.9,80,9.0,6,114,Synthetic/Demo,76.79,83.96
A2200,19,53.1,1,5.1,34.0,7.19,179,63.1,56,5.7,3,69,Synthetic/Demo,25.14,38.15
A2201,19,52.3,1,4.6,33.5,7.2,181,61.6,55,5.7,3,74,Synthetic/Demo,27.09,38.80
A2202,30,83.4,8,13.4,62.7,9.91,272,106.4,80,8.8,6,115,Synthetic/Demo,81.08,85.06
A2203,19,51.8,1,4.8,32.8,7.21,185,60.4,55,5.8,3,69,Synthetic/Demo,23.45,41.70
A2204,18,50.3,1,4.6,30.8,7.23,186,60.5,55,5.8,3,70,Synthetic/Demo,15.81,43.14
A2205,29,83.4,8,12.8,63.7,9.98,274,105.9,81,8.8,6,117,Synthetic/Demo,78.09,90.00
A2206,29,84.5,8,13.4,62.8,9.72,271,105.7,81,8.8,6,117,Synthetic/Demo,81.91,84.08
A2207,19,54.2,1,4.6,33.0,7.01,185,62.9,54,5.5,3,73,Synthetic/Demo,24.74,38.56
A2208,19,52.3,1,5.2,32.6,7.05,180,63.3,54,5.6,3,69,Synthetic/Demo,23.38,43.28
A2209,19,52.4,1,5.0,32.6,7.08,188,61.3,53,5.8,3,68,Synthetic/Demo,20.15,44.09
A2210,30,81.7,8,13.2,64.2,9.82,265,106.1,79,9.0,6,113,Synthetic/Demo,82.86,83.55
A2211,19,52.7,1,5.2,34.1,6.92,182,61.1,56,5.7,3,68,Synthetic/Demo,18.0,45.15
A2212,19,51.3,1,4.8,31.9,6.93,178,60.6,54,5.6,3,69,Synthetic/Demo,21.79,44.39
A2213,30,85.0,8,13.0,62.1,9.95,264,103.6,79,9.0,6,115,Synthetic/Demo,83.75,90.00
A2214,30,85.2,8,13.6,64.1,9.66,266,105.2,79,9.0,6,115,Synthetic/Demo,80.93,90.00
A2215,19,53.7,1,4.6,32.2,6.94,189,60.7,55,5.5,3,70,Synthetic/Demo,17.04,35.68
A2216,19,53.4,1,5.1,32.2,7.05,182,60.8,53,5.6,3,72,Synthetic/Demo,21.66,40.78
A2217,19,54.1,1,4.5,33.5,7.09,189,63.4,54,5.8,3,74,Synthetic/Demo,19.6,41.88
A2218,19,50.3,1,4.3,34.0,7.15,186,61.0,55,5.6,3,68,Synthetic/Demo,20.46,40.05
A2219,19,51.2,1,4.6,33.4,6.95,179,62.3,53,5.6,3,71,Synthetic/Demo,27.3,36.88
A2220,29,83.8,8,12.7,64.8,9.97,271,104.1,81,8.8,6,114,Synthetic/Demo,80.57,78.21
A2221,19,53.2,1,5.0,32.3,7.09,180,62.3,54,5.6,3,71,Synthetic/Demo,20.49,41.42
A2222,29,85.2,8,13.6,65.0,9.73,265,105.2,82,9.0,6,112,Synthetic/Demo,81.22,82.21
A2223,29,82.5,8,13.4,62.8,9.74,267,106.1,81,8.8,6,117,Synthetic/Demo,83.36,85.87
A2224,19,52.4,1,5.2,32.3,6.92,188,61.4,56,5.8,3,73,Synthetic/Demo,19.47,37.30
A2225,29,84.7,8,12.6,62.7,9.83,273,103.4,79,8.9,6,111,Synthetic/Demo,77.28,79.32
A2226,19,53.1,1,4.5,32.5,7.11,180,62.2,55,5.6,3,71,Synthetic/Demo,24.71,41.81
A2227,29,82.5,8,13.6,62.9,9.97,273,105.6,80,9.0,6,113,Synthetic/Demo,86.73,86.78
A2228,29,83.7,8,13.1,63.5,9.97,265,106.3,81,8.7,6,114,Synthetic/Demo,80.59,88.56
A2229,29,83.5,8,12.6,64.5,9.91,266,106.4,81,8.7,6,112,Synthetic/Demo,76.22,90.00
A2230,29,83.6,8,12.8,61.5,9.82,272,103.1,80,8.8,6,115,Synthetic/Demo,81.42,86.09
A2231,30,83.7,8,13.1,61.3,9.67,267,103.3,79,8.9,6,111,Synthetic/Demo,77.05,87.01
A2232,18,51.4,1,5.2,31.2,7.19,189,60.5,53,5.6,3,70,Synthetic/Demo,22.79,35.07
A2233,19,51.5,1,5.0,31.7,7.26,184,63.2,55,5.7,3,73,Synthetic/Demo,15.93,35.31
A2234,29,82.6,8,13.1,61.0,9.95,264,104.1,82,8.8,6,113,Synthetic/Demo,83.01,90.00
A2235,29,83.5,8,12.6,64.9,9.85,265,106.2,81,8.9,6,112,Synthetic/Demo,78.47,80.86
A2236,19,50.6,1,5.0,32.2,6.99,179,61.4,55,5.7,3,68,Synthetic/Demo,23.25,35.03
A2237,29,85.2,8,13.7,62.0,9.89,274,103.2,79,9.0,6,114,Synthetic/Demo,80.98,85.51
A2238,29,82.1,8,13.3,64.5,9.95,268,105.6,82,9.0,6,115,Synthetic/Demo,80.18,85.73
A2239,19,53.9,1,4.3,30.7,7.06,181,57.8,55,5.8,3,69,Synthetic/Demo,16.79,35.00
A2240,19,53.4,1,4.3,33.6,7.09,187,61.7,53,5.5,3,72,Synthetic/Demo,22.12,39.06
A2241,29,81.3,8,12.8,62.5,9.77,264,105.2,81,8.8,6,116,Synthetic/Demo,80.4,90.00
A2242,18,52.9,1,5.2,33.4,7.1,184,62.0,55,5.6,3,69,Synthetic/Demo,23.91,37.23
A2243,29,83.5,8,13.5,62.8,9.68,271,106.4,80,8.8,6,112,Synthetic/Demo,86.97,78.35
A2244,29,81.1,8,12.7,62.6,9.97,264,103.6,81,8.8,6,114,Synthetic/Demo,75.86,89.61
A2245,18,51.3,1,4.5,30.9,7.09,187,58.6,54,5.6,3,69,Synthetic/Demo,22.92,41.45
A2246,19,51.7,1,4.7,33.6,7.26,182,61.9,55,5.8,3,69,Synthetic/Demo,22.91,38.58
A2247,29,83.2,8,13.5,63.1,9.76,265,105.8,80,8.7,6,114,Synthetic/Demo,79.1,77.41
A2248,18,51.0,1,5.2,33.5,7.05,179,62.9,53,5.8,3,69,Synthetic/Demo,19.23,37.31
A2249,19,53.6,1,5.1,31.3,6.95,185,61.7,55,5.7,3,73,Synthetic/Demo,19.15,40.51
A2250,30,84.8,8,12.7,62.7,9.64,270,104.6,81,9.0,6,114,Synthetic/Demo,81.74,90.00
A2251,29,84.3,8,12.8,60.9,9.72,265,101.7,82,8.8,6,113,Synthetic/Demo,77.4,79.06
A2252,30,81.8,8,13.2,64.3,9.69,264,106.1,81,8.7,6,114,Synthetic/Demo,86.28,84.97
A2253,18,52.9,1,4.5,32.5,7.15,186,60.2,55,5.6,3,73,Synthetic/Demo,15.27,43.78
A2254,30,84.4,8,12.6,61.2,9.82,264,102.1,82,8.9,6,113,Synthetic/Demo,78.41,72.74
A2255,30,84.8,8,13.6,64.5,9.77,271,106.5,82,8.8,6,117,Synthetic/Demo,78.53,90.00
A2256,29,83.0,8,13.4,62.5,9.86,274,105.7,79,8.7,6,113,Synthetic/Demo,82.01,79.46
A2257,29,84.9,8,13.0,63.7,9.71,264,104.5,79,8.8,6,111,Synthetic/Demo,83.76,86.57
A2258,18,52.6,1,4.8,31.2,7.04,189,61.0,56,5.7,3,71,Synthetic/Demo,17.68,41.53
A2259,29,84.0,8,13.3,62.4,9.77,269,104.1,80,9.0,6,116,Synthetic/Demo,72.65,90.00
A2260,29,85.2,8,13.0,61.9,9.81,273,106.4,81,8.6,6,114,Synthetic/Demo,80.12,87.93
A2261,30,82.0,8,12.9,61.5,9.9,271,103.8,80,8.8,6,114,Synthetic/Demo,80.64,73.12
A2262,18,51.4,1,4.6,30.8,7.22,180,61.1,54,5.6,3,69,Synthetic/Demo,21.51,35.75
A2263,29,82.5,8,13.0,61.9,9.73,273,102.5,79,8.7,6,112,Synthetic/Demo,82.09,85.08
A2264,19,53.8,1,4.3,34.1,7.24,184,62.6,56,5.6,3,73,Synthetic/Demo,18.29,40.82
A2265,30,82.2,8,13.2,62.1,9.91,268,105.0,79,8.8,6,113,Synthetic/Demo,83.14,87.69
A2266,19,52.4,1,4.4,33.8,6.99,184,61.7,53,5.8,3,69,Synthetic/Demo,24.34,44.46
A2267,29,83.1,8,13.6,61.8,9.81,264,104.3,80,8.9,6,113,Synthetic/Demo,76.09,88.24
A2268,18,51.2,1,4.7,33.3,7.13,184,63.1,54,5.7,3,73,Synthetic/Demo,22.64,40.02
A2269,19,51.6,1,4.3,32.8,7.09,183,61.0,55,5.8,3,74,Synthetic/Demo,18.42,35.00
A2270,29,81.8,8,13.5,62.1,9.82,265,105.9,80,8.9,6,113,Synthetic/Demo,81.61,83.03
A2271,30,82.9,8,13.6,64.1,9.65,270,104.9,80,8.8,6,117,Synthetic/Demo,82.3,87.80
A2272,29,83.7,8,13.2,61.7,9.92,272,103.6,79,9.0,6,114,Synthetic/Demo,78.85,79.85
A2273,30,81.6,8,13.0,64.8,9.85,272,106.6,79,8.9,6,116,Synthetic/Demo,80.11,89.11
A2274,30,85.2,8,13.4,62.9,9.88,270,106.0,79,8.9,6,115,Synthetic/Demo,82.05,90.00
A2275,29,82.9,8,13.7,61.2,9.91,269,106.2,79,9.0,6,112,Synthetic/Demo,78.81,86.21
A2276,19,52.9,1,4.3,30.8,7.11,182,59.4,56,5.8,3,73,Synthetic/Demo,15.14,35.00
A2277,30,81.6,8,12.9,62.7,9.82,265,104.5,82,8.6,6,113,Synthetic/Demo,82.13,78.54
A2278,29,84.3,8,13.7,63.1,9.88,271,106.7,80,8.7,6,116,Synthetic/Demo,78.85,90.00
A2279,29,83.7,8,13.2,61.6,9.96,274,105.5,81,8.9,6,115,Synthetic/Demo,82.44,82.91
A2280,30,84.5,8,13.0,62.2,9.87,271,105.2,79,8.7,6,115,Synthetic/Demo,81.5,75.40
A2281,19,52.5,1,4.9,30.3,6.92,181,60.2,53,5.6,3,72,Synthetic/Demo,13.46,45.46
A2282,29,85.1,8,13.7,61.3,9.81,269,104.9,79,8.8,6,113,Synthetic/Demo,78.88,85.36
A2283,19,52.6,1,4.1,34.4,7.04,184,60.8,53,5.8,3,69,Synthetic/Demo,24.13,45.94
A2284,19,50.1,1,4.9,32.3,7.18,188,64.5,54,5.5,3,69,Synthetic/Demo,18.67,42.53
A2285,18,50.5,1,4.4,31.2,7.03,188,60.6,54,5.6,3,73,Synthetic/Demo,16.67,41.60
A2286,18,51.3,1,4.4,32.2,6.91,187,60.5,53,5.7,3,69,Synthetic/Demo,19.98,40.92
A2287,19,51.9,1,5.0,32.8,7.22,184,63.6,54,5.8,3,70,Synthetic/Demo,25.16,45.43
A2288,30,82.2,8,13.8,61.8,9.65,275,104.0,82,8.9,6,116,Synthetic/Demo,78.71,90.00
A2289,29,84.7,8,13.0,64.8,9.84,275,107.7,79,8.8,6,113,Synthetic/Demo,80.33,90.00
A2290,29,83.1,8,13.0,61.1,9.74,271,105.2,81,8.7,6,111,Synthetic/Demo,83.11,76.70
A2291,29,83.7,8,13.1,64.3,9.94,269,105.3,81,8.9,6,116,Synthetic/Demo,87.42,88.21
A2292,29,81.3,8,13.6,63.5,9.77,265,105.9,81,8.9,6,113,Synthetic/Demo,85.49,90.00
A2293,30,83.1,8,13.5,63.3,9.97,266,106.0,82,8.8,6,116,Synthetic/Demo,83.02,90.00
A2294,18,54.2,1,4.2,33.4,7.05,187,59.6,55,5.9,3,74,Synthetic/Demo,16.8,38.50
A2295,29,83.5,8,13.2,61.5,9.94,272,104.8,81,8.9,6,116,Synthetic/Demo,77.74,90.00
A2296,19,50.8,1,4.8,33.3,6.95,186,61.9,56,5.6,3,72,Synthetic/Demo,21.73,45.40
A2297,18,52.8,1,4.8,30.6,7.04,189,60.9,56,5.6,3,72,Synthetic/Demo,19.61,52.89
A2298,19,50.6,1,4.8,31.2,7.08,187,59.6,55,5.6,3,74,Synthetic/Demo,22.91,36.41
A2299,18,52.5,1,5.2,32.0,7.16,183,63.7,55,5.7,3,73,Synthetic/Demo,24.1,39.06
A2300,29,82.0,8,13.3,62.8,9.87,274,104.9,79,8.7,6,116,Synthetic/Demo,76.06,83.82
A2301,19,54.2,1,4.9,31.8,7.24,184,60.4,56,5.8,3,69,Synthetic/Demo,24.19,38.99
A2302,29,83.5,8,13.4,63.9,9.81,273,104.1,82,8.9,6,115,Synthetic/Demo,78.07,81.37
A2303,19,54.1,1,5.1,31.7,7.06,188,61.5,56,5.9,3,69,Synthetic/Demo,19.38,35.00
A2304,30,81.3,8,13.0,61.3,9.66,264,102.6,81,8.8,6,116,Synthetic/Demo,79.15,82.27
A2305,19,53.7,1,4.8,32.4,6.97,178,60.9,54,5.7,3,69,Synthetic/Demo,26.69,42.05
A2306,19,50.6,1,4.8,33.3,6.95,186,62.3,54,5.8,3,74,Synthetic/Demo,29.96,38.55
A2307,19,52.7,1,4.3,32.1,7.04,180,61.4,55,5.9,3,70,Synthetic/Demo,21.86,49.97
A2308,19,53.1,1,4.7,34.0,6.92,180,62.6,56,5.6,3,69,Synthetic/Demo,20.69,40.85
A2309,30,84.6,8,13.0,61.0,9.96,268,102.6,80,8.9,6,111,Synthetic/Demo,81.35,90.00
A2310,29,83.1,8,12.7,62.8,9.77,274,103.5,82,8.6,6,115,Synthetic/Demo,80.88,86.09
A2311,19,50.2,1,5.2,32.6,7.21,180,63.2,56,5.7,3,68,Synthetic/Demo,22.12,45.77
A2312,29,82.4,8,13.5,63.2,9.94,264,104.7,79,8.7,6,112,Synthetic/Demo,88.08,86.76
A2313,29,84.7,8,13.3,61.6,9.79,265,104.5,81,8.8,6,115,Synthetic/Demo,80.98,90.00
A2314,19,50.7,1,4.5,33.6,7.22,183,62.9,56,5.7,3,73,Synthetic/Demo,23.3,41.91
A2315,30,81.7,8,13.0,64.9,9.82,273,104.0,81,8.9,6,112,Synthetic/Demo,83.2,88.15
A2316,19,51.9,1,4.4,34.0,7.03,179,61.4,55,5.6,3,73,Synthetic/Demo,22.11,42.42
A2317,29,83.7,8,13.6,61.9,9.73,270,104.3,80,8.8,6,114,Synthetic/Demo,82.8,83.72
A2318,19,50.3,1,5.1,30.4,7.01,183,61.5,55,5.7,3,73,Synthetic/Demo,17.76,42.28
A2319,30,82.4,8,12.8,65.0,9.82,264,103.1,82,8.9,6,113,Synthetic/Demo,79.74,90.00
A2320,30,81.7,8,13.5,63.9,9.75,264,107.0,80,8.7,6,111,Synthetic/Demo,79.55,84.18
A2321,19,50.5,1,4.6,30.5,7.05,183,59.9,56,5.8,3,72,Synthetic/Demo,19.89,41.93
A2322,19,51.3,1,4.2,30.8,6.98,186,60.8,54,5.6,3,72,Synthetic/Demo,19.87,45.41
A2323,29,82.1,8,12.6,61.5,9.77,269,100.5,79,8.7,6,112,Synthetic/Demo,78.79,89.55
A2324,29,84.8,8,13.8,61.8,9.84,264,104.0,82,8.9,6,114,Synthetic/Demo,86.65,85.66
A2325,18,53.6,1,4.7,32.0,7.12,188,61.9,56,5.6,3,73,Synthetic/Demo,19.74,35.00
A2326,29,81.1,8,12.8,64.9,9.93,271,106.8,81,8.7,6,117,Synthetic/Demo,83.88,88.35
A2327,19,54.0,1,4.8,31.0,7.25,181,62.9,54,5.7,3,72,Synthetic/Demo,18.08,35.00
A2328,29,84.6,8,13.7,61.5,9.84,269,105.5,79,8.7,6,114,Synthetic/Demo,80.01,90.00
A2329,18,50.7,1,4.1,33.1,7.24,179,62.1,55,5.8,3,70,Synthetic/Demo,23.51,41.28
A2330,18,50.1,1,5.1,30.5,7.19,183,61.9,56,5.7,3,69,Synthetic/Demo,23.33,45.44
A2331,19,54.3,1,4.6,33.7,6.95,180,63.4,56,5.6,3,70,Synthetic/Demo,20.32,36.48
A2332,29,81.9,8,12.9,62.2,9.68,272,104.5,80,8.8,6,115,Synthetic/Demo,78.53,76.91
A2333,18,52.5,1,4.2,32.5,7.04,187,60.5,55,5.9,3,70,Synthetic/Demo,14.55,41.36
A2334,29,83.3,8,13.2,61.8,9.96,272,105.1,82,8.6,6,112,Synthetic/Demo,79.22,85.11
A2335,19,53.4,1,4.9,33.1,7.27,183,63.0,55,5.7,3,72,Synthetic/Demo,25.31,39.72
A2336,30,82.5,8,13.4,62.5,9.81,267,106.2,81,8.7,6,116,Synthetic/Demo,82.95,86.00
A2337,30,81.0,8,13.3,63.0,9.93,270,104.8,80,9.0,6,116,Synthetic/Demo,83.21,90.00
A2338,29,81.2,8,13.7,64.2,9.77,273,106.8,79,8.6,6,111,Synthetic/Demo,82.6,89.70
A2339,18,53.8,1,5.0,34.0,7.01,185,63.8,56,5.7,3,69,Synthetic/Demo,22.23,46.88
A2340,19,53.5,1,5.2,32.7,7.27,179,62.4,55,5.9,3,68,Synthetic/Demo,21.69,46.44
A2341,29,84.5,8,13.6,64.8,9.9,272,106.3,79,8.9,6,114,Synthetic/Demo,85.59,90.00
A2342,29,82.3,8,12.8,61.7,9.88,273,105.4,82,8.7,6,113,Synthetic/Demo,80.45,84.02
A2343,30,84.5,8,12.9,62.0,9.7,272,104.0,81,8.9,6,113,Synthetic/Demo,80.21,74.77
A2344,19,50.9,1,4.9,31.9,7.11,188,63.0,56,5.9,3,71,Synthetic/Demo,19.3,40.60
A2345,29,81.4,8,13.1,64.4,9.67,266,104.8,79,8.8,6,112,Synthetic/Demo,74.88,88.98
A2346,29,85.2,8,13.1,61.3,9.87,274,102.7,82,8.9,6,112,Synthetic/Demo,82.16,80.29
A2347,18,50.2,1,4.5,33.6,7.21,185,62.9,54,5.8,3,74,Synthetic/Demo,20.38,40.43
A2348,29,83.7,8,13.3,60.8,9.87,270,103.3,80,8.7,6,114,Synthetic/Demo,76.72,81.39
A2349,30,83.9,8,13.6,64.3,9.92,269,104.0,80,8.9,6,115,Synthetic/Demo,84.85,90.00
A2350,19,54.1,1,4.4,31.4,7.28,187,62.5,54,5.6,3,73,Synthetic/Demo,18.9,44.83
A2351,29,84.2,8,12.7,61.6,9.91,268,105.4,81,9.0,6,113,Synthetic/Demo,83.3,88.43
A2352,19,51.1,1,4.6,34.4,7.07,186,64.2,53,5.6,3,72,Synthetic/Demo,23.84,44.48
A2353,30,82.7,8,13.7,64.6,9.99,272,108.6,80,8.7,6,115,Synthetic/Demo,86.31,86.53
A2354,30,83.8,8,13.2,64.1,9.72,270,105.8,81,8.7,6,113,Synthetic/Demo,77.01,86.56
A2355,29,84.3,8,13.5,64.9,9.81,273,106.0,80,8.9,6,116,Synthetic/Demo,86.19,80.29
A2356,18,52.4,1,5.3,30.8,6.91,182,63.2,56,5.9,3,71,Synthetic/Demo,21.43,35.00
A2357,19,52.7,1,4.2,31.1,7.13,183,61.8,56,5.7,3,73,Synthetic/Demo,17.87,41.04
A2358,30,81.5,8,12.8,60.9,9.87,273,103.8,80,8.7,6,113,Synthetic/Demo,78.77,86.29
A2359,29,83.6,8,13.1,61.6,9.77,271,101.1,79,9.0,6,115,Synthetic/Demo,73.31,90.00
A2360,19,51.1,1,4.6,34.0,6.98,179,62.7,53,5.8,3,68,Synthetic/Demo,23.3,48.43
A2361,19,53.8,1,4.6,33.9,6.95,188,61.6,56,5.6,3,73,Synthetic/Demo,16.72,48.97
A2362,29,81.8,8,13.7,64.3,9.67,267,106.3,81,8.8,6,113,Synthetic/Demo,78.45,80.62
A2363,29,83.3,8,12.7,62.0,9.92,272,103.0,80,8.7,6,114,Synthetic/Demo,74.31,83.01
A2364,19,51.1,1,5.3,30.5,7.23,184,62.1,53,5.6,3,69,Synthetic/Demo,24.75,43.19
A2365,19,52.0,1,4.5,30.7,7.11,189,59.5,54,5.8,3,68,Synthetic/Demo,16.55,52.46
A2366,29,84.6,8,13.8,62.4,9.88,269,106.1,81,8.9,6,112,Synthetic/Demo,87.09,90.00
A2367,18,51.4,1,5.1,32.6,7.09,179,61.6,54,5.8,3,71,Synthetic/Demo,20.5,46.42
A2368,19,51.1,1,4.5,33.1,7.2,182,62.7,55,5.8,3,70,Synthetic/Demo,16.71,39.32
A2369,19,53.2,1,4.7,31.9,6.92,187,61.0,54,5.9,3,74,Synthetic/Demo,15.76,36.20
A2370,19,51.6,1,4.9,31.9,7.25,185,62.5,54,5.5,3,73,Synthetic/Demo,24.92,45.15
A2371,30,84.1,8,12.8,62.5,9.98,265,104.2,82,8.8,6,115,Synthetic/Demo,80.19,79.99
A2372,29,84.8,8,12.9,61.9,9.94,266,103.8,79,8.9,6,116,Synthetic/Demo,78.77,83.96
A2373,18,52.4,1,4.7,33.7,7.27,180,64.5,56,5.8,3,70,Synthetic/Demo,24.04,41.46
A2374,19,52.3,1,5.3,34.2,6.99,188,63.3,54,5.6,3,68,Synthetic/Demo,23.91,49.66
A2375,18,54.2,1,4.2,31.9,7.12,179,60.6,56,5.8,3,72,Synthetic/Demo,23.01,38.36
A2376,18,51.6,1,4.6,33.4,7.09,180,62.1,54,5.5,3,73,Synthetic/Demo,25.54,35.00
A2377,19,50.9,1,4.9,32.6,7.11,181,62.7,56,5.7,3,71,Synthetic/Demo,20.57,43.74
A2378,29,84.0,8,12.8,62.5,9.85,272,103.2,82,8.6,6,113,Synthetic/Demo,74.84,81.36
A2379,29,81.8,8,13.4,61.0,9.79,271,103.5,79,9.0,6,112,Synthetic/Demo,78.56,85.06
A2380,29,81.4,8,12.8,60.9,9.79,268,102.4,80,8.6,6,111,Synthetic/Demo,78.79,83.52
A2381,29,82.1,8,12.8,64.8,9.91,271,107.4,79,8.7,6,115,Synthetic/Demo,79.28,84.27
A2382,30,82.2,8,13.8,63.5,9.76,270,105.4,81,8.9,6,114,Synthetic/Demo,79.28,89.93
A2383,19,50.6,1,4.1,33.8,7.2,183,61.1,56,5.5,3,73,Synthetic/Demo,21.3,35.00
A2384,29,81.7,8,13.0,62.8,9.71,266,102.9,82,8.6,6,117,Synthetic/Demo,78.87,82.06
A2385,18,52.4,1,5.0,30.7,7.12,180,60.7,56,5.8,3,74,Synthetic/Demo,20.32,43.99
A2386,19,51.4,1,4.5,31.3,6.97,184,60.1,54,5.8,3,74,Synthetic/Demo,16.24,36.73
A2387,19,50.6,1,4.8,33.1,6.98,183,62.2,54,5.8,3,73,Synthetic/Demo,20.3,35.00
A2388,19,51.6,1,4.4,33.7,7.13,186,61.5,56,5.7,3,71,Synthetic/Demo,17.84,44.47
A2389,29,83.4,8,13.3,63.2,9.74,268,105.0,80,8.7,6,112,Synthetic/Demo,83.62,90.00
A2390,19,51.7,1,4.5,32.5,7.18,181,63.5,53,5.7,3,73,Synthetic/Demo,24.7,40.78
A2391,30,85.3,8,13.2,64.4,9.85,271,105.7,79,8.6,6,115,Synthetic/Demo,76.18,76.03
A2392,29,83.4,8,13.4,62.7,9.93,267,106.7,79,8.9,6,114,Synthetic/Demo,79.85,89.27
A2393,18,51.8,1,5.0,30.6,7.24,187,61.5,55,5.5,3,70,Synthetic/Demo,15.63,35.00
A2394,19,50.7,1,4.8,34.5,7.02,179,62.3,56,5.5,3,70,Synthetic/Demo,20.08,42.48
A2395,30,82.9,8,13.1,64.9,9.99,273,105.8,81,9.0,6,115,Synthetic/Demo,82.49,82.04
A2396,18,53.0,1,4.7,30.5,7.14,188,60.7,56,5.6,3,72,Synthetic/Demo,14.29,35.00
A2397,30,85.0,8,13.8,62.3,9.73,273,102.8,82,8.8,6,117,Synthetic/Demo,77.04,83.54
A2398,29,81.0,8,13.4,63.3,9.97,265,106.2,79,8.7,6,116,Synthetic/Demo,79.85,84.67
A2399,30,83.5,8,13.6,64.4,9.9,265,105.7,79,8.9,6,114,Synthetic/Demo,84.41,82.95
A2400,29,85.1,8,13.4,62.8,9.78,270,106.0,79,8.7,6,117,Synthetic/Demo,81.22,88.45
A2401,30,82.0,8,13.7,61.0,9.8,273,105.1,82,9.0,6,112,Synthetic/Demo,78.25,83.38
A2402,18,52.2,1,4.7,31.0,7.01,183,60.3,54,5.7,3,72,Synthetic/Demo,19.55,44.46
A2403,18,51.2,1,4.9,30.9,7.11,181,63.3,56,5.7,3,69,Synthetic/Demo,19.26,41.80
A2404,29,81.3,8,13.6,63.1,9.69,271,104.3,79,8.6,6,117,Synthetic/Demo,79.55,81.57
A2405,29,81.2,8,13.7,60.9,9.65,266,102.7,81,8.9,6,114,Synthetic/Demo,84.48,80.34
A2406,29,84.5,8,12.6,61.2,9.81,270,102.6,82,9.0,6,115,Synthetic/Demo,81.99,76.53
A2407,29,84.6,8,12.7,64.1,9.74,266,102.2,81,9.0,6,112,Synthetic/Demo,76.2,86.43
A2408,19,51.2,1,4.8,30.7,7.22,188,60.8,55,5.8,3,73,Synthetic/Demo,22.17,39.17
A2409,30,82.5,8,13.3,65.0,9.99,271,106.1,82,8.8,6,115,Synthetic/Demo,85.52,74.61
A2410,29,84.5,8,13.8,63.7,9.88,270,108.6,81,9.0,6,112,Synthetic/Demo,80.62,83.84
A2411,29,83.3,8,13.6,64.8,9.98,266,106.0,80,8.9,6,114,Synthetic/Demo,86.78,81.80
A2412,30,82.3,8,13.6,62.0,9.9,268,107.5,79,8.6,6,115,Synthetic/Demo,86.7,90.00
A2413,19,51.5,1,4.9,30.5,7.19,189,62.0,56,5.9,3,74,Synthetic/Demo,16.49,35.00
A2414,19,50.8,1,4.7,30.6,7.02,186,58.7,55,5.8,3,73,Synthetic/Demo,15.29,35.00
A2415,30,85.1,8,13.3,61.9,9.7,265,104.4,79,8.7,6,116,Synthetic/Demo,83.03,90.00
A2416,30,83.7,8,13.7,63.4,9.95,267,106.8,80,8.7,6,114,Synthetic/Demo,84.18,90.00
A2417,29,84.1,8,13.5,63.9,9.91,273,105.9,80,8.9,6,112,Synthetic/Demo,84.26,82.32
A2418,30,83.9,8,13.2,62.5,9.94,274,103.3,81,8.6,6,112,Synthetic/Demo,80.97,82.23
A2419,29,83.9,8,13.5,61.2,9.72,268,102.8,79,8.8,6,115,Synthetic/Demo,80.59,87.84
A2420,19,50.4,1,4.6,33.9,6.99,185,61.5,56,5.8,3,73,Synthetic/Demo,16.59,35.00
A2421,30,83.3,8,13.7,61.7,9.86,267,104.6,79,9.0,6,111,Synthetic/Demo,85.05,76.26
A2422,29,84.5,8,12.9,63.9,9.66,269,104.2,82,8.6,6,116,Synthetic/Demo,82.9,83.61
A2423,29,81.2,8,12.7,61.7,9.96,264,102.6,80,9.0,6,111,Synthetic/Demo,79.49,90.00
A2424,19,51.1,1,4.4,30.6,7.0,182,60.4,54,5.7,3,73,Synthetic/Demo,18.13,37.15
A2425,29,82.8,8,13.0,63.5,9.84,272,105.4,81,8.8,6,112,Synthetic/Demo,76.24,85.87
A2426,19,53.7,1,4.5,31.9,6.96,183,59.2,54,5.6,3,70,Synthetic/Demo,20.12,45.16
A2427,19,53.5,1,5.3,34.4,7.05,187,64.0,54,5.5,3,72,Synthetic/Demo,24.5,52.77
A2428,29,84.4,8,13.7,64.9,9.85,269,103.9,79,8.9,6,116,Synthetic/Demo,82.79,83.20
A2429,19,53.2,1,4.4,33.6,6.92,180,60.5,56,5.6,3,70,Synthetic/Demo,23.13,39.99
A2430,18,50.9,1,4.5,30.8,7.07,183,59.3,53,5.9,3,70,Synthetic/Demo,17.99,48.36
A2431,18,54.2,1,4.7,32.1,7.2,179,62.8,55,5.5,3,69,Synthetic/Demo,23.25,35.00
A2432,19,50.2,1,4.4,31.1,7.25,189,59.9,53,5.7,3,71,Synthetic/Demo,16.03,45.20
A2433,19,51.5,1,5.1,33.9,7.18,179,63.1,53,5.8,3,72,Synthetic/Demo,23.74,36.92
A2434,29,81.2,8,12.7,61.0,9.87,266,103.9,80,8.6,6,115,Synthetic/Demo,78.21,84.81
A2435,19,53.5,1,5.0,32.1,6.92,183,61.1,55,5.9,3,71,Synthetic/Demo,20.96,39.63
A2436,19,53.3,1,4.9,30.5,6.95,189,59.5,55,5.8,3,69,Synthetic/Demo,17.03,35.17
A2437,19,51.6,1,4.8,33.0,7.18,180,60.3,54,5.6,3,68,Synthetic/Demo,21.21,35.66
A2438,19,52.4,1,4.5,32.3,7.19,183,62.3,55,5.8,3,73,Synthetic/Demo,23.4,42.64
A2439,30,83.0,8,13.2,62.9,9.78,266,105.9,82,8.8,6,113,Synthetic/Demo,79.86,90.00
A2440,18,50.1,1,5.1,30.7,7.18,185,61.4,55,5.6,3,72,Synthetic/Demo,15.47,39.73
A2441,19,53.4,1,4.2,32.5,7.23,185,62.5,54,5.8,3,68,Synthetic/Demo,26.13,41.28
A2442,29,81.4,8,13.2,61.3,9.82,273,103.9,79,9.0,6,112,Synthetic/Demo,83.82,87.74
A2443,29,82.5,8,13.6,61.5,9.82,268,103.7,82,8.8,6,112,Synthetic/Demo,76.56,80.28
A2444,30,81.0,8,12.7,64.1,9.79,267,106.2,81,8.8,6,117,Synthetic/Demo,82.97,89.13
A2445,30,83.1,8,13.8,61.2,9.88,268,105.8,80,8.6,6,111,Synthetic/Demo,79.97,89.50
A2446,18,50.4,1,4.9,32.3,7.07,186,61.5,56,5.9,3,71,Synthetic/Demo,21.47,53.91
A2447,19,52.1,1,4.5,31.2,7.19,180,61.6,56,5.8,3,72,Synthetic/Demo,21.2,38.84
A2448,19,53.1,1,5.1,33.1,7.14,184,64.5,56,5.7,3,72,Synthetic/Demo,21.94,40.05
A2449,19,52.4,1,4.7,32.5,7.21,184,61.7,56,5.5,3,69,Synthetic/Demo,18.56,44.80
A2450,18,50.8,1,4.5,31.3,7.2,186,61.8,55,5.9,3,69,Synthetic/Demo,18.18,44.52
A2451,29,82.2,8,13.0,63.6,9.67,275,105.0,81,8.9,6,116,Synthetic/Demo,76.83,82.60
A2452,18,52.9,1,4.5,32.3,7.26,187,62.1,54,5.6,3,68,Synthetic/Demo,18.35,38.61
A2453,18,54.0,1,5.0,33.2,7.17,189,62.6,55,5.7,3,71,Synthetic/Demo,21.51,44.53
A2454,18,50.6,1,5.0,33.2,6.98,181,60.2,54,5.7,3,74,Synthetic/Demo,18.68,36.21
A2455,19,53.0,1,4.5,32.3,7.14,182,62.7,56,5.5,3,73,Synthetic/Demo,22.43,38.81
A2456,30,85.3,8,12.9,63.5,9.93,272,104.1,80,8.9,6,114,Synthetic/Demo,85.28,86.22
A2457,30,81.7,8,13.1,61.2,9.64,268,103.5,80,8.6,6,115,Synthetic/Demo,76.4,89.35
A2458,19,51.6,1,5.1,32.4,7.2,184,62.0,54,5.5,3,73,Synthetic/Demo,22.31,38.29
A2459,30,84.0,8,13.7,60.9,9.71,269,105.3,80,8.7,6,112,Synthetic/Demo,81.63,75.91
A2460,18,53.7,1,5.2,30.5,7.15,188,60.2,56,5.6,3,69,Synthetic/Demo,21.02,35.00
A2461,18,51.7,1,4.8,31.7,7.2,182,61.2,56,5.9,3,72,Synthetic/Demo,21.26,35.00
A2462,18,54.0,1,4.8,30.7,7.08,184,62.8,55,5.8,3,71,Synthetic/Demo,22.34,35.00
A2463,19,53.6,1,4.3,32.7,7.11,180,62.5,54,5.8,3,74,Synthetic/Demo,22.26,40.18
A2464,18,51.6,1,4.2,32.4,7.24,182,61.0,54,5.8,3,74,Synthetic/Demo,16.71,35.00
A2465,30,81.3,8,13.6,63.5,9.95,265,105.9,81,8.6,6,115,Synthetic/Demo,85.5,82.37
A2466,19,50.1,1,4.7,31.4,7.04,180,61.5,55,5.7,3,73,Synthetic/Demo,22.6,36.26
A2467,29,81.9,8,12.8,61.2,9.79,273,102.1,80,9.0,6,112,Synthetic/Demo,75.82,82.28
A2468,19,53.1,1,5.1,33.2,6.93,183,61.8,55,5.8,3,73,Synthetic/Demo,21.26,47.98
A2469,30,84.0,8,13.6,64.9,9.81,272,106.3,80,8.7,6,115,Synthetic/Demo,84.74,89.55
A2470,29,81.2,8,12.7,62.6,9.78,275,104.0,79,8.9,6,113,Synthetic/Demo,78.35,84.81
A2471,30,82.3,8,13.3,62.5,9.83,264,105.5,79,8.9,6,112,Synthetic/Demo,85.12,83.03
A2472,19,51.0,1,5.2,33.1,7.16,187,61.3,55,5.6,3,72,Synthetic/Demo,28.68,39.45
A2473,30,84.6,8,12.8,61.3,9.71,265,102.6,80,9.0,6,112,Synthetic/Demo,76.39,86.24
A2474,19,52.0,1,5.0,32.1,7.21,189,62.2,56,5.7,3,68,Synthetic/Demo,17.04,44.48
A2475,29,81.5,8,13.2,63.7,9.94,274,106.8,80,9.0,6,112,Synthetic/Demo,83.3,81.37
A2476,29,82.9,8,13.2,62.5,9.97,269,105.2,79,9.0,6,116,Synthetic/Demo,83.89,85.85
A2477,19,53.0,1,4.3,31.5,7.22,181,62.0,56,5.7,3,69,Synthetic/Demo,19.61,35.00
A2478,18,52.3,1,5.3,33.3,7.14,181,62.6,56,5.6,3,72,Synthetic/Demo,27.08,42.74
A2479,19,52.2,1,4.5,34.0,7.2,181,64.1,55,5.5,3,69,Synthetic/Demo,18.51,45.17
A2480,29,82.3,8,13.1,62.6,9.72,268,104.0,82,9.0,6,114,Synthetic/Demo,82.05,83.71
A2481,19,51.6,1,4.5,33.3,6.96,180,62.7,56,5.7,3,72,Synthetic/Demo,18.84,49.74
A2482,18,52.9,1,4.4,32.1,7.19,188,61.3,55,5.8,3,68,Synthetic/Demo,25.21,36.13
A2483,30,85.1,8,12.9,63.9,9.76,268,105.7,81,8.6,6,113,Synthetic/Demo,86.65,86.46
A2484,19,53.5,1,4.8,32.9,7.23,186,62.3,54,5.7,3,74,Synthetic/Demo,19.31,41.72
A2485,19,51.3,1,4.5,34.2,7.06,179,63.1,54,5.8,3,73,Synthetic/Demo,20.53,40.75
A2486,19,51.9,1,4.3,31.8,7.23,179,61.3,55,5.6,3,68,Synthetic/Demo,23.1,39.52
A2487,29,84.1,8,13.3,61.8,9.74,275,103.9,81,8.9,6,114,Synthetic/Demo,77.98,85.73
A2488,29,82.6,8,13.3,64.7,9.65,268,106.2,81,8.6,6,117,Synthetic/Demo,81.16,89.67
A2489,29,82.0,8,13.6,62.8,9.95,266,106.5,80,8.9,6,113,Synthetic/Demo,83.24,90.00
A2490,29,81.4,8,13.3,61.3,9.78,270,102.4,80,8.7,6,114,Synthetic/Demo,73.14,84.54
A2491,29,84.1,8,13.6,64.6,9.92,268,108.0,79,8.7,6,113,Synthetic/Demo,84.12,90.00
A2492,29,81.8,8,12.7,62.7,9.79,265,102.7,80,8.6,6,112,Synthetic/Demo,77.19,80.75
A2493,19,53.0,1,5.1,30.9,7.23,184,62.0,56,5.7,3,68,Synthetic/Demo,19.72,45.10
A2494,19,51.3,1,4.3,31.9,7.09,179,60.0,54,5.5,3,70,Synthetic/Demo,23.69,35.49
A2495,30,81.2,8,13.6,63.3,9.96,274,106.9,81,8.9,6,115,Synthetic/Demo,78.86,90.00
A2496,19,50.9,1,4.7,32.8,7.27,185,63.5,54,5.8,3,72,Synthetic/Demo,24.71,52.86
A2497,18,52.3,1,4.5,33.6,7.09,184,62.5,54,5.9,3,69,Synthetic/Demo,20.77,40.31
A2498,19,53.5,1,4.8,30.5,7.15,188,59.8,56,5.8,3,71,Synthetic/Demo,18.09,35.00
A2499,29,81.7,8,12.8,61.5,10.0,273,106.1,81,9.0,6,114,Synthetic/Demo,82.69,82.68
A2500,18,53.9,1,5.0,33.4,7.02,182,62.3,56,5.7,3,69,Synthetic/Demo,22.77,47.31
A2501,29,82.5,8,12.6,61.2,9.95,266,102.8,81,8.8,6,113,Synthetic/Demo,80.74,87.31
A2502,29,84.3,8,13.8,62.7,9.64,267,101.3,82,8.7,6,112,Synthetic/Demo,82.8,86.18
A2503,29,83.3,8,13.0,64.5,9.73,274,103.6,81,8.8,6,114,Synthetic/Demo,79.06,90.00
A2504,19,52.8,1,4.7,33.7,7.2,187,64.2,53,5.7,3,72,Synthetic/Demo,20.59,44.42
A2505,29,85.1,8,12.7,61.9,9.89,271,103.5,79,8.9,6,114,Synthetic/Demo,76.04,90.00
A2506,30,82.7,8,13.0,64.3,9.87,264,105.4,79,8.8,6,114,Synthetic/Demo,79.88,90.00
A2507,18,53.4,1,4.6,30.7,7.23,185,61.6,56,5.7,3,74,Synthetic/Demo,28.48,48.35
A2508,29,83.9,8,13.2,62.8,9.9,266,104.4,82,8.6,6,113,Synthetic/Demo,84.69,87.05
A2509,18,51.7,1,4.4,32.8,7.28,186,60.7,56,5.5,3,71,Synthetic/Demo,16.22,45.11
A2510,29,83.7,8,13.2,62.0,9.8,265,104.8,79,8.6,6,112,Synthetic/Demo,76.56,83.18
A2511,19,52.4,1,5.1,32.4,7.03,185,62.5,56,5.8,3,73,Synthetic/Demo,22.51,38.61
A2512,19,54.1,1,4.4,31.2,7.08,179,61.4,54,5.7,3,73,Synthetic/Demo,21.26,48.67
A2513,19,50.8,1,4.5,31.7,6.92,185,58.7,56,5.6,3,73,Synthetic/Demo,19.23,40.45
A2514,29,81.8,8,13.4,62.0,9.98,268,105.8,79,8.8,6,112,Synthetic/Demo,81.28,89.40
A2515,18,52.5,1,4.2,32.2,7.11,178,61.9,54,5.6,3,72,Synthetic/Demo,19.79,40.33
A2516,29,82.0,8,13.3,62.9,9.82,266,105.3,81,8.7,6,115,Synthetic/Demo,82.2,82.32
A2517,18,54.0,1,4.2,33.1,7.05,189,61.8,53,5.8,3,70,Synthetic/Demo,19.99,40.41
A2518,29,85.0,8,13.1,63.9,9.64,266,105.2,81,8.6,6,116,Synthetic/Demo,73.7,90.00
A2519,30,82.3,8,13.0,61.9,9.95,274,103.2,81,8.6,6,116,Synthetic/Demo,78.35,87.98
A2520,29,81.8,8,13.5,61.9,9.81,264,103.6,81,8.7,6,112,Synthetic/Demo,78.22,76.30
A2521,18,51.7,1,5.1,30.5,6.97,181,61.4,54,5.5,3,70,Synthetic/Demo,20.13,38.28
A2522,19,54.2,1,4.9,34.2,6.97,185,62.5,55,5.7,3,73,Synthetic/Demo,30.4,50.64
A2523,30,83.0,8,13.7,63.9,9.73,268,107.6,81,8.7,6,116,Synthetic/Demo,83.65,84.99
A2524,29,81.3,8,13.5,60.8,9.66,271,102.7,81,8.8,6,113,Synthetic/Demo,77.54,75.51
A2525,19,51.6,1,4.4,34.3,7.03,187,62.2,56,5.6,3,70,Synthetic/Demo,23.27,50.41
A2526,30,82.3,8,13.3,64.2,9.87,273,104.6,80,8.9,6,117,Synthetic/Demo,83.03,89.44
A2527,19,53.5,1,4.4,30.4,6.93,184,58.4,56,5.5,3,72,Synthetic/Demo,17.84,38.53
A2528,18,50.3,1,4.5,32.4,7.21,182,61.2,56,5.7,3,69,Synthetic/Demo,22.64,38.49
A2529,18,51.4,1,4.3,31.2,7.01,186,58.9,54,5.7,3,74,Synthetic/Demo,23.74,44.52
A2530,18,54.2,1,4.2,32.7,7.14,183,62.5,54,5.5,3,74,Synthetic/Demo,16.64,37.65
A2531,19,50.7,1,5.2,33.7,7.11,188,64.1,55,5.7,3,70,Synthetic/Demo,24.12,47.87
A2532,18,53.2,1,4.3,32.4,6.97,185,58.7,53,5.7,3,71,Synthetic/Demo,15.61,41.91
A2533,29,84.8,8,13.1,63.2,9.65,265,103.4,81,8.7,6,111,Synthetic/Demo,81.6,85.93
A2534,19,52.5,1,4.7,33.1,7.02,187,61.2,56,5.7,3,74,Synthetic/Demo,17.16,41.89
A2535,29,81.7,8,13.2,61.4,9.68,264,104.0,81,9.0,6,112,Synthetic/Demo,78.59,83.76
A2536,30,83.4,8,13.8,61.0,9.93,273,104.1,79,8.9,6,115,Synthetic/Demo,80.0,90.00
A2537,29,83.7,8,12.9,62.6,9.97,267,101.9,79,8.7,6,113,Synthetic/Demo,83.1,80.50
A2538,19,51.0,1,4.5,32.2,6.95,185,59.3,54,5.5,3,72,Synthetic/Demo,21.05,35.00
A2539,18,52.3,1,4.2,30.5,7.26,183,61.9,56,5.9,3,73,Synthetic/Demo,15.82,43.53
A2540,19,50.9,1,4.4,32.0,7.12,183,60.3,56,5.7,3,72,Synthetic/Demo,19.6,43.42
A2541,30,84.8,8,13.7,61.3,9.9,266,105.3,80,8.8,6,113,Synthetic/Demo,79.57,88.06
A2542,19,53.9,1,4.4,30.9,7.02,186,60.8,56,5.6,3,73,Synthetic/Demo,14.16,42.05
A2543,29,81.5,8,13.0,60.9,9.63,272,101.1,80,8.8,6,113,Synthetic/Demo,76.33,82.38
A2544,19,50.9,1,5.0,32.5,7.12,184,62.3,54,5.8,3,69,Synthetic/Demo,20.88,45.11
A2545,30,81.6,8,12.8,63.7,9.68,268,106.3,79,8.9,6,115,Synthetic/Demo,87.94,84.95
A2546,18,52.7,1,4.3,33.4,6.98,185,61.8,54,5.5,3,74,Synthetic/Demo,20.75,37.55
A2547,19,50.3,1,4.5,33.1,7.07,183,62.0,55,5.8,3,72,Synthetic/Demo,16.65,39.26
A2548,19,52.1,1,5.0,34.0,6.99,187,62.7,54,5.5,3,69,Synthetic/Demo,19.77,51.19
A2549,18,50.9,1,4.6,34.1,6.97,184,63.6,54,5.8,3,73,Synthetic/Demo,24.56,35.00
A2550,29,84.8,8,12.8,61.7,9.82,273,105.6,79,9.0,6,113,Synthetic/Demo,85.91,87.62
A2551,29,82.9,8,13.8,64.9,9.66,274,104.0,81,8.7,6,114,Synthetic/Demo,76.64,77.29
A2552,30,82.0,8,13.0,64.5,9.96,272,108.2,79,8.9,6,112,Synthetic/Demo,77.54,85.59
A2553,18,53.0,1,4.5,33.5,7.25,182,63.3,55,5.9,3,72,Synthetic/Demo,28.15,39.63
A2554,18,51.0,1,5.3,31.7,7.05,179,62.9,54,5.6,3,70,Synthetic/Demo,23.06,35.00
A2555,19,50.5,1,5.0,32.3,6.91,189,61.0,54,5.6,3,71,Synthetic/Demo,16.76,42.14
A2556,19,53.7,1,4.9,33.8,7.18,182,65.2,56,5.9,3,73,Synthetic/Demo,25.15,41.03
A2557,18,50.0,1,5.1,33.0,7.1,187,62.6,54,5.5,3,73,Synthetic/Demo,13.43,35.00
A2558,19,51.7,1,4.9,32.2,7.2,183,62.3,56,5.7,3,69,Synthetic/Demo,21.62,45.52
A2559,19,51.2,1,5.0,31.0,7.12,188,60.4,54,5.7,3,70,Synthetic/Demo,20.7,47.63
A2560,29,85.1,8,13.1,63.4,9.78,266,103.8,81,9.0,6,114,Synthetic/Demo,83.76,90.00
A2561,19,51.1,1,4.7,31.7,6.93,181,60.0,53,5.6,3,71,Synthetic/Demo,16.12,41.11
A2562,29,84.9,8,13.4,61.0,9.63,271,104.2,80,8.8,6,117,Synthetic/Demo,78.86,85.11
A2563,19,53.7,1,4.4,32.7,6.99,182,62.5,56,5.8,3,69,Synthetic/Demo,17.51,47.31
A2564,19,52.6,1,4.5,32.0,7.27,187,62.6,56,5.7,3,73,Synthetic/Demo,21.34,49.96
A2565,30,84.7,8,13.6,62.5,9.97,265,105.6,81,9.0,6,114,Synthetic/Demo,80.23,90.00
A2566,29,84.0,8,13.1,62.0,9.75,274,104.7,79,8.9,6,115,Synthetic/Demo,78.19,80.39
A2567,19,50.9,1,4.8,31.9,7.2,185,61.1,55,5.7,3,74,Synthetic/Demo,17.53,42.11
A2568,30,81.1,8,13.2,62.2,9.8,264,104.5,80,8.8,6,112,Synthetic/Demo,82.81,87.16
A2569,29,81.7,8,13.2,61.5,9.91,270,103.6,81,8.8,6,115,Synthetic/Demo,82.41,76.02
A2570,18,51.2,1,4.4,33.9,7.17,180,62.1,53,5.7,3,71,Synthetic/Demo,21.28,42.93
A2571,19,51.7,1,4.3,33.6,7.11,187,62.1,54,5.6,3,69,Synthetic/Demo,20.6,51.97
A2572,29,83.4,8,12.7,62.4,9.82,274,104.3,80,9.0,6,111,Synthetic/Demo,75.06,88.18
A2573,29,83.3,8,12.9,63.5,9.68,273,103.9,81,8.7,6,113,Synthetic/Demo,78.22,90.00
A2574,18,52.3,1,5.0,33.4,7.12,188,63.2,56,5.9,3,70,Synthetic/Demo,21.98,42.88
A2575,19,50.0,1,4.4,31.4,6.98,190,60.1,55,5.7,3,72,Synthetic/Demo,25.56,39.27
A2576,29,81.9,8,12.8,63.6,9.86,272,102.7,80,8.8,6,113,Synthetic/Demo,76.51,86.86
A2577,19,51.7,1,5.2,32.1,7.04,189,60.8,55,5.6,3,69,Synthetic/Demo,24.59,36.73
A2578,19,51.5,1,4.5,32.1,7.08,182,61.8,54,5.6,3,70,Synthetic/Demo,23.16,35.27
A2579,19,51.9,1,4.9,30.6,7.25,187,61.6,56,5.9,3,73,Synthetic/Demo,21.19,47.86
A2580,29,84.0,8,13.0,64.5,9.96,275,105.3,81,8.6,6,114,Synthetic/Demo,86.57,90.00
A2581,29,83.1,8,12.8,63.3,9.83,273,103.5,80,9.0,6,117,Synthetic/Demo,80.85,80.37
A2582,29,84.8,8,12.8,62.4,9.81,269,105.3,81,9.0,6,114,Synthetic/Demo,81.28,90.00
A2583,30,82.0,8,12.9,61.5,9.93,270,104.5,81,8.7,6,115,Synthetic/Demo,79.35,84.69
A2584,29,82.9,8,13.1,64.1,9.68,264,103.3,79,8.6,6,112,Synthetic/Demo,84.35,86.32
A2585,30,81.4,8,13.0,62.9,9.76,275,104.2,81,8.8,6,117,Synthetic/Demo,82.44,87.62
A2586,19,51.9,1,4.7,33.0,7.25,187,62.5,55,5.6,3,72,Synthetic/Demo,19.54,46.59
A2587,29,83.2,8,13.2,64.7,9.81,271,105.1,82,8.6,6,114,Synthetic/Demo,77.36,86.01
A2588,19,53.9,1,4.7,30.9,7.08,184,60.5,56,5.9,3,70,Synthetic/Demo,18.86,47.70
A2589,19,53.6,1,5.1,32.6,7.2,179,61.5,56,5.6,3,73,Synthetic/Demo,19.65,43.24
A2590,29,81.9,8,13.1,63.4,9.77,266,105.8,81,9.0,6,116,Synthetic/Demo,81.24,88.59
A2591,30,83.7,8,13.8,65.0,9.93,271,108.8,79,8.9,6,115,Synthetic/Demo,88.64,82.75
A2592,29,82.6,8,12.6,61.4,9.69,274,101.7,80,8.9,6,116,Synthetic/Demo,75.43,90.00
A2593,29,83.1,8,12.9,63.4,9.96,272,104.8,79,8.8,6,115,Synthetic/Demo,80.88,87.80
A2594,30,84.6,8,12.9,62.8,9.74,270,103.0,81,8.8,6,115,Synthetic/Demo,79.24,88.68
A2595,29,83.1,8,13.7,61.9,9.99,266,105.1,79,8.8,6,112,Synthetic/Demo,85.12,77.50
A2596,29,83.8,8,13.7,64.8,9.94,274,107.5,80,8.6,6,113,Synthetic/Demo,76.82,82.21
A2597,29,83.8,8,13.6,64.1,9.8,268,105.9,81,8.9,6,112,Synthetic/Demo,80.98,90.00
A2598,30,84.5,8,13.1,64.1,9.9,265,106.6,81,8.7,6,114,Synthetic/Demo,83.14,87.34
A2599,30,83.7,8,13.7,64.6,9.84,264,109.1,80,8.7,6,114,Synthetic/Demo,88.16,76.81
A2600,19,50.8,1,5.0,30.8,7.13,184,60.6,53,5.5,3,68,Synthetic/Demo,18.54,44.98
A2601,30,82.5,8,13.4,62.9,9.82,272,105.1,80,8.6,6,113,Synthetic/Demo,75.13,82.68
A2602,29,85.3,8,13.7,62.4,10.0,266,105.4,81,8.8,6,116,Synthetic/Demo,84.5,90.00
A2603,19,51.9,1,4.2,34.0,7.22,187,63.1,55,5.6,3,70,Synthetic/Demo,19.34,40.86
A2604,30,83.5,8,12.9,63.3,9.88,275,104.7,81,8.7,6,113,Synthetic/Demo,76.44,86.52
A2605,30,84.6,8,13.5,63.1,9.72,266,105.2,82,8.8,6,113,Synthetic/Demo,79.47,90.00
A2606,19,50.6,1,4.7,34.2,7.03,182,62.7,56,5.6,3,70,Synthetic/Demo,21.11,36.57
A2607,29,82.6,8,12.7,63.6,9.78,270,104.4,80,8.8,6,116,Synthetic/Demo,78.02,80.06
A2608,30,81.3,8,13.5,64.9,9.77,264,106.8,81,8.6,6,113,Synthetic/Demo,76.55,84.77
A2609,18,54.0,1,4.8,33.3,7.17,185,62.8,55,5.6,3,70,Synthetic/Demo,24.48,45.50
A2610,29,81.8,8,12.7,61.5,9.79,274,104.2,80,8.8,6,116,Synthetic/Demo,81.97,78.00
A2611,29,85.1,8,13.3,62.8,9.98,272,105.0,81,8.9,6,116,Synthetic/Demo,83.41,77.66
A2612,30,84.1,8,13.3,63.6,9.8,268,107.3,79,8.7,6,115,Synthetic/Demo,78.69,89.89
A2613,30,84.2,8,12.7,61.5,9.74,273,103.1,80,8.9,6,116,Synthetic/Demo,77.21,81.84
A2614,19,51.5,1,5.2,30.6,7.05,181,63.6,54,5.6,3,72,Synthetic/Demo,20.92,38.68
A2615,18,51.6,1,4.2,33.9,7.25,187,63.8,53,5.8,3,69,Synthetic/Demo,23.84,35.00
A2616,30,82.1,8,12.7,63.4,9.74,270,104.2,79,9.0,6,114,Synthetic/Demo,81.94,81.69
A2617,19,53.4,1,4.2,30.5,7.19,184,59.8,56,5.9,3,71,Synthetic/Demo,16.38,40.20
A2618,18,53.4,1,4.6,33.9,7.27,184,62.0,53,5.7,3,70,Synthetic/Demo,22.69,46.02
A2619,29,83.0,8,13.2,63.6,9.72,269,106.5,81,8.7,6,116,Synthetic/Demo,82.34,81.55
A2620,29,82.9,8,12.8,65.0,9.75,269,107.5,81,8.7,6,112,Synthetic/Demo,86.1,90.00
A2621,29,83.1,8,13.1,64.1,9.78,269,104.6,81,8.7,6,115,Synthetic/Demo,82.97,81.91
A2622,29,85.2,8,13.3,64.9,9.85,264,106.6,80,8.9,6,116,Synthetic/Demo,85.85,82.70
A2623,30,82.3,8,13.5,63.7,9.82,265,106.2,80,8.7,6,115,Synthetic/Demo,82.77,90.00
A2624,19,54.1,1,4.3,32.1,7.08,179,61.3,56,5.9,3,68,Synthetic/Demo,24.55,41.55
A2625,19,53.5,1,5.1,30.4,7.11,185,60.0,55,5.9,3,72,Synthetic/Demo,21.0,38.17
A2626,29,83.0,8,12.8,61.6,9.65,272,104.0,79,8.9,6,116,Synthetic/Demo,75.5,83.75
A2627,29,81.9,8,13.0,64.2,9.68,266,105.1,82,8.9,6,113,Synthetic/Demo,85.22,90.00
A2628,18,52.8,1,4.4,30.9,7.0,186,62.1,55,5.6,3,73,Synthetic/Demo,20.41,46.97
A2629,18,53.9,1,4.4,32.5,6.93,184,60.8,54,5.9,3,72,Synthetic/Demo,17.99,35.96
A2630,19,51.6,1,4.3,33.7,6.94,187,61.5,55,5.7,3,73,Synthetic/Demo,17.95,40.28
A2631,29,84.5,8,13.6,61.1,9.75,275,103.2,79,8.7,6,115,Synthetic/Demo,79.83,85.42
A2632,19,51.3,1,4.1,32.5,7.25,183,60.1,54,5.5,3,68,Synthetic/Demo,21.24,35.00
A2633,18,52.5,1,5.1,30.8,7.27,178,62.0,55,5.9,3,71,Synthetic/Demo,22.76,40.92
A2634,19,52.8,1,4.7,33.7,6.99,189,61.4,53,5.8,3,73,Synthetic/Demo,21.38,41.20
A2635,18,52.9,1,4.5,33.2,6.97,179,62.7,56,5.6,3,72,Synthetic/Demo,25.71,46.02
A2636,29,84.1,8,13.1,64.8,9.77,273,105.4,81,8.9,6,116,Synthetic/Demo,84.51,90.00
A2637,29,83.6,8,13.5,62.4,9.71,266,103.9,81,8.9,6,113,Synthetic/Demo,81.28,83.51
A2638,29,82.3,8,13.5,64.1,9.77,271,104.2,81,8.9,6,116,Synthetic/Demo,84.27,84.65
A2639,19,53.0,1,5.1,34.3,7.2,184,64.6,54,5.7,3,72,Synthetic/Demo,20.76,46.02
A2640,18,50.8,1,4.4,32.6,7.25,188,61.2,53,5.8,3,71,Synthetic/Demo,21.83,37.69
A2641,19,52.0,1,5.2,30.4,7.23,180,62.0,56,5.7,3,69,Synthetic/Demo,26.87,44.00
A2642,29,84.8,8,13.0,61.9,9.91,274,104.4,81,8.8,6,112,Synthetic/Demo,79.04,84.81
A2643,29,82.7,8,13.6,64.5,9.83,266,107.2,80,8.7,6,117,Synthetic/Demo,80.79,81.15
A2644,29,84.1,8,12.7,63.5,9.76,270,103.1,82,8.8,6,112,Synthetic/Demo,77.36,80.13
A2645,19,53.2,1,4.2,32.7,7.14,187,62.0,55,5.7,3,71,Synthetic/Demo,16.56,48.04
A2646,18,50.5,1,4.7,30.8,7.1,182,60.4,55,5.8,3,70,Synthetic/Demo,17.27,38.93
A2647,19,51.0,1,5.2,33.7,7.0,180,63.4,55,5.6,3,68,Synthetic/Demo,21.62,49.41
A2648,18,50.4,1,5.0,32.6,6.96,187,61.4,56,5.6,3,71,Synthetic/Demo,15.73,37.76
A2649,29,83.3,8,12.7,63.1,9.7,267,105.2,80,8.8,6,115,Synthetic/Demo,79.8,86.28
A2650,30,83.5,8,13.0,64.9,9.67,268,105.9,79,9.0,6,113,Synthetic/Demo,84.53,90.00
A2651,18,51.9,1,4.5,33.8,7.23,185,63.0,55,5.6,3,71,Synthetic/Demo,19.12,35.97
A2652,29,84.0,8,13.6,62.4,9.68,266,107.4,81,8.8,6,113,Synthetic/Demo,86.21,75.95
A2653,29,81.6,8,12.7,64.0,9.8,268,106.6,80,9.0,6,116,Synthetic/Demo,82.86,90.00
A2654,29,81.1,8,13.7,62.9,9.76,272,104.7,80,8.9,6,116,Synthetic/Demo,84.27,81.40
A2655,29,83.7,8,13.6,64.2,9.76,267,105.6,80,8.7,6,115,Synthetic/Demo,80.36,85.56
A2656,30,81.5,8,12.9,64.3,9.69,270,104.6,80,8.7,6,113,Synthetic/Demo,82.83,82.13
A2657,19,51.5,1,5.2,33.0,7.14,182,63.2,53,5.6,3,69,Synthetic/Demo,19.57,42.69
A2658,29,84.7,8,12.7,64.5,9.85,272,104.0,80,8.9,6,112,Synthetic/Demo,83.41,80.64
A2659,19,52.5,1,4.9,34.2,7.21,187,64.3,56,5.7,3,71,Synthetic/Demo,23.48,41.72
A2660,30,83.9,8,13.3,61.0,9.69,270,102.8,79,8.7,6,113,Synthetic/Demo,80.2,86.86
A2661,19,52.8,1,4.3,33.9,7.24,181,64.1,56,5.9,3,72,Synthetic/Demo,19.09,37.12
A2662,19,53.6,1,4.1,33.2,7.11,188,62.1,56,5.9,3,69,Synthetic/Demo,17.34,37.63
A2663,18,52.0,1,5.0,30.8,7.06,187,60.0,54,5.7,3,72,Synthetic/Demo,20.98,38.28
A2664,18,52.9,1,4.6,32.6,6.94,186,61.1,54,5.6,3,70,Synthetic/Demo,16.51,35.00
A2665,30,82.5,8,13.7,63.5,9.78,271,104.1,79,8.9,6,112,Synthetic/Demo,83.24,83.56
A2666,29,84.1,8,13.1,61.3,9.72,269,103.6,81,8.8,6,116,Synthetic/Demo,74.56,85.39
A2667,19,50.8,1,4.7,32.5,6.93,184,60.4,53,5.8,3,69,Synthetic/Demo,22.39,37.86
A2668,19,53.8,1,4.6,31.8,6.97,184,61.0,53,5.7,3,74,Synthetic/Demo,15.52,38.86
A2669,19,54.0,1,4.5,33.6,7.24,181,62.4,54,5.7,3,71,Synthetic/Demo,23.89,41.48
A2670,29,81.8,8,13.0,64.2,9.69,273,106.1,81,8.7,6,117,Synthetic/Demo,82.11,82.06
A2671,29,82.1,8,12.8,61.2,9.99,269,103.7,81,9.0,6,114,Synthetic/Demo,77.69,88.52
A2672,30,81.1,8,12.9,62.7,9.76,265,106.5,79,8.8,6,113,Synthetic/Demo,82.7,90.00
A2673,19,51.1,1,5.3,31.1,6.96,179,59.1,56,5.6,3,72,Synthetic/Demo,20.45,37.68
A2674,30,83.7,8,13.4,64.8,9.82,267,105.6,80,8.7,6,116,Synthetic/Demo,80.95,88.40
A2675,19,50.2,1,5.3,30.5,7.2,178,64.3,54,5.8,3,69,Synthetic/Demo,19.73,39.98
A2676,29,81.9,8,13.5,61.4,9.73,266,103.6,81,8.9,6,116,Synthetic/Demo,74.07,86.80
A2677,29,84.0,8,13.0,64.9,9.99,267,107.2,80,8.8,6,115,Synthetic/Demo,84.45,90.00
A2678,29,83.6,8,13.2,62.8,9.73,273,103.3,80,8.8,6,115,Synthetic/Demo,74.74,87.61
A2679,29,82.6,8,13.4,62.4,9.85,272,107.1,81,8.9,6,114,Synthetic/Demo,81.78,76.87
A2680,30,82.9,8,13.3,61.3,9.64,269,103.0,80,8.9,6,111,Synthetic/Demo,78.15,86.94
A2681,29,83.4,8,13.4,64.7,9.69,272,104.4,81,8.9,6,114,Synthetic/Demo,83.34,90.00
A2682,19,51.6,1,4.2,31.5,7.1,180,60.5,56,5.7,3,73,Synthetic/Demo,18.08,38.80
A2683,29,83.8,8,13.8,64.9,9.83,268,105.8,79,8.9,6,111,Synthetic/Demo,83.0,90.00
A2684,18,51.9,1,5.1,34.5,7.0,183,62.0,55,5.5,3,68,Synthetic/Demo,24.36,37.41
A2685,19,54.0,1,5.0,31.2,7.14,181,59.9,54,5.8,3,69,Synthetic/Demo,21.7,35.00
A2686,30,82.9,8,13.0,61.3,9.89,274,102.5,81,8.7,6,115,Synthetic/Demo,79.32,85.71
A2687,18,50.4,1,4.9,34.3,7.28,183,64.4,54,5.6,3,71,Synthetic/Demo,25.24,35.00
A2688,19,50.6,1,4.3,34.1,7.18,185,64.1,55,5.9,3,73,Synthetic/Demo,17.47,40.69
A2689,18,52.9,1,4.9,32.2,7.13,178,63.2,53,5.9,3,70,Synthetic/Demo,24.83,47.41
A2690,29,84.5,8,13.8,61.9,9.75,272,105.1,82,8.8,6,116,Synthetic/Demo,82.35,76.13
A2691,18,53.4,1,5.1,32.5,7.13,183,62.4,56,5.8,3,73,Synthetic/Demo,18.74,35.28
A2692,30,84.1,8,13.2,61.1,9.83,270,103.7,81,8.7,6,112,Synthetic/Demo,78.51,79.84
A2693,29,81.2,8,13.5,62.7,9.73,270,103.6,82,8.7,6,114,Synthetic/Demo,79.94,84.75
A2694,18,52.1,1,4.7,33.7,7.2,180,63.4,55,5.8,3,71,Synthetic/Demo,22.52,39.75
A2695,18,51.7,1,4.6,30.7,7.03,186,59.7,56,5.7,3,70,Synthetic/Demo,19.19,46.44
A2696,30,82.4,8,13.8,61.0,9.7,269,104.0,82,8.6,6,116,Synthetic/Demo,83.71,89.91
A2697,29,81.6,8,13.7,64.4,9.73,267,106.6,79,8.7,6,111,Synthetic/Demo,86.33,87.96
A2698,18,53.9,1,4.3,31.7,7.01,189,60.7,55,5.7,3,68,Synthetic/Demo,14.39,40.37
A2699,19,52.8,1,5.1,30.9,6.95,183,60.9,54,5.7,3,68,Synthetic/Demo,21.65,41.96
A2700,18,53.2,1,4.6,33.7,7.08,185,63.1,54,5.5,3,72,Synthetic/Demo,25.15,36.53
A2701,29,81.1,8,13.3,64.8,9.97,268,105.9,79,8.9,6,115,Synthetic/Demo,84.68,90.00
A2702,19,52.7,1,4.1,33.3,7.19,182,60.7,56,5.5,3,69,Synthetic/Demo,23.38,35.00
A2703,18,52.5,1,4.2,30.4,7.19,184,58.6,54,5.5,3,70,Synthetic/Demo,23.85,42.95
A2704,19,52.3,1,4.8,30.6,7.11,185,61.0,55,5.5,3,69,Synthetic/Demo,22.3,45.89
A2705,18,53.4,1,5.2,31.0,7.19,187,61.8,55,5.5,3,72,Synthetic/Demo,21.22,41.98
A2706,29,81.5,8,13.8,63.3,9.91,268,106.1,81,8.9,6,115,Synthetic/Demo,86.26,85.18
A2707,18,53.7,1,4.3,31.1,7.17,183,61.1,53,5.7,3,74,Synthetic/Demo,19.78,41.97
A2708,19,51.0,1,4.2,33.2,6.93,180,62.7,55,5.8,3,70,Synthetic/Demo,20.31,35.00
A2709,29,82.5,8,12.9,64.3,9.9,268,103.6,79,8.8,6,116,Synthetic/Demo,80.21,86.83
A2710,19,50.8,1,4.9,30.5,7.15,186,60.3,56,5.8,3,73,Synthetic/Demo,24.06,40.12
A2711,19,53.5,1,5.3,30.4,7.14,184,60.6,53,5.5,3,69,Synthetic/Demo,17.87,40.09
A2712,19,54.0,1,4.2,33.2,7.05,189,60.4,54,5.6,3,70,Synthetic/Demo,23.6,43.80
A2713,29,81.6,8,13.8,63.1,9.72,273,105.9,82,9.0,6,117,Synthetic/Demo,82.96,85.59
A2714,29,82.2,8,13.1,64.9,9.96,273,106.3,79,9.0,6,112,Synthetic/Demo,78.87,80.32
A2715,30,81.2,8,13.4,64.1,9.89,271,105.6,81,9.0,6,114,Synthetic/Demo,83.62,85.43
A2716,18,50.3,1,4.1,32.6,7.21,182,62.3,56,5.8,3,69,Synthetic/Demo,14.39,40.65
A2717,18,52.1,1,5.0,30.3,7.25,180,63.3,54,5.5,3,71,Synthetic/Demo,23.16,41.00
A2718,18,51.6,1,4.8,33.8,6.95,183,62.7,56,5.8,3,71,Synthetic/Demo,24.0,41.78
A2719,19,53.8,1,4.8,31.8,6.96,182,60.3,55,5.5,3,71,Synthetic/Demo,17.45,45.15
A2720,30,84.4,8,13.0,63.8,9.68,273,104.2,81,8.9,6,116,Synthetic/Demo,80.08,80.11
A2721,29,81.8,8,13.1,63.4,9.68,273,105.3,82,8.7,6,113,Synthetic/Demo,85.63,85.95
A2722,29,84.1,8,13.1,62.2,9.92,269,104.1,80,8.7,6,111,Synthetic/Demo,79.01,90.00
A2723,29,82.4,8,12.9,64.3,9.65,272,104.7,82,8.7,6,115,Synthetic/Demo,76.44,76.42
A2724,29,83.5,8,13.8,61.2,9.79,267,104.5,79,8.7,6,114,Synthetic/Demo,85.28,85.97
A2725,18,51.7,1,4.9,32.4,7.05,179,63.5,56,5.8,3,71,Synthetic/Demo,27.71,38.04
A2726,19,52.4,1,4.9,31.8,7.11,178,61.2,54,5.7,3,68,Synthetic/Demo,21.35,38.55
A2727,19,54.0,1,4.5,33.7,7.24,178,61.6,55,5.6,3,69,Synthetic/Demo,25.27,36.70
A2728,19,53.1,1,4.5,30.4,7.19,187,59.9,53,5.7,3,71,Synthetic/Demo,22.79,39.15
A2729,19,52.4,1,5.0,31.1,7.17,182,61.3,53,5.7,3,68,Synthetic/Demo,18.87,49.72
A2730,29,82.9,8,13.3,63.7,9.9,265,105.4,82,8.6,6,113,Synthetic/Demo,80.63,79.18
A2731,29,81.5,8,12.6,61.1,9.68,268,102.0,79,8.9,6,111,Synthetic/Demo,81.32,77.99
A2732,19,53.1,1,5.1,31.6,6.91,182,61.5,53,5.9,3,69,Synthetic/Demo,25.67,35.00
A2733,29,83.6,8,12.9,63.7,9.84,267,104.0,81,8.8,6,116,Synthetic/Demo,82.35,90.00
A2734,29,85.2,8,13.5,61.6,9.78,267,106.0,81,8.9,6,112,Synthetic/Demo,78.5,83.10
A2735,19,52.6,1,4.7,32.9,6.95,184,61.2,56,5.8,3,70,Synthetic/Demo,26.08,40.59
A2736,29,84.0,8,13.3,61.2,9.7,268,103.2,80,8.8,6,116,Synthetic/Demo,77.35,82.73
A2737,29,83.3,8,13.3,62.3,9.77,269,104.6,80,8.6,6,117,Synthetic/Demo,78.92,80.32
A2738,19,52.4,1,5.2,33.7,7.09,187,62.9,54,5.8,3,73,Synthetic/Demo,23.44,41.06
A2739,19,53.0,1,5.3,32.0,6.97,187,61.4,56,5.7,3,72,Synthetic/Demo,24.94,53.55
A2740,29,81.6,8,13.6,64.4,9.79,267,107.5,81,8.9,6,112,Synthetic/Demo,86.08,90.00
A2741,19,53.9,1,4.3,30.4,7.01,185,60.0,55,5.6,3,69,Synthetic/Demo,18.79,35.00
A2742,29,82.8,8,12.9,65.0,9.97,274,106.0,82,9.0,6,115,Synthetic/Demo,83.6,89.48
A2743,18,54.1,1,4.8,31.5,6.95,187,59.7,56,5.6,3,69,Synthetic/Demo,18.59,35.58
A2744,30,83.3,8,13.8,64.5,9.77,268,106.4,80,9.0,6,116,Synthetic/Demo,85.12,77.52
A2745,29,82.6,8,12.6,64.6,9.86,265,104.0,80,8.8,6,112,Synthetic/Demo,73.66,90.00
A2746,18,53.0,1,5.1,30.8,6.95,189,61.1,56,5.9,3,72,Synthetic/Demo,18.18,46.41
A2747,18,50.9,1,5.0,31.5,7.1,184,62.6,56,5.6,3,74,Synthetic/Demo,21.2,45.98
A2748,30,81.6,8,13.4,63.3,9.79,266,106.1,81,9.0,6,116,Synthetic/Demo,78.66,83.51
A2749,29,82.7,8,13.0,62.2,9.69,265,103.3,80,8.6,6,112,Synthetic/Demo,80.36,83.45
A2750,19,52.2,1,5.1,33.9,6.93,183,60.9,56,5.8,3,73,Synthetic/Demo,20.6,45.20
A2751,29,85.2,8,13.3,61.6,9.81,266,103.8,81,8.8,6,114,Synthetic/Demo,85.39,87.06
A2752,30,82.5,8,12.8,63.1,9.7,272,104.9,82,8.7,6,114,Synthetic/Demo,83.78,83.10
A2753,19,51.3,1,4.5,30.7,7.28,182,61.4,55,5.7,3,73,Synthetic/Demo,18.68,35.00
A2754,29,81.6,8,13.0,64.3,9.95,275,105.6,81,8.9,6,117,Synthetic/Demo,81.04,86.54
A2755,19,53.1,1,4.3,31.5,6.92,184,60.6,56,5.8,3,73,Synthetic/Demo,17.84,45.30
A2756,19,51.2,1,4.9,30.5,6.99,179,60.4,54,5.7,3,73,Synthetic/Demo,18.02,35.00
A2757,19,53.1,1,4.8,31.1,7.08,189,60.8,53,5.6,3,68,Synthetic/Demo,19.86,43.28
A2758,29,82.4,8,12.7,64.4,9.96,270,106.1,82,8.8,6,115,Synthetic/Demo,79.31,87.39
A2759,19,53.3,1,4.9,31.9,7.27,182,61.7,55,5.6,3,73,Synthetic/Demo,18.04,45.22
A2760,19,50.6,1,4.3,31.1,7.24,181,60.5,55,5.9,3,72,Synthetic/Demo,21.8,44.73
A2761,29,84.0,8,13.5,63.8,9.78,272,106.7,81,8.9,6,116,Synthetic/Demo,83.86,82.57
A2762,18,52.9,1,4.5,31.6,7.04,179,60.2,56,5.7,3,70,Synthetic/Demo,17.06,35.00
A2763,19,52.4,1,4.9,33.4,7.03,184,60.8,56,5.6,3,71,Synthetic/Demo,23.4,38.34
A2764,19,50.9,1,5.0,32.4,7.12,186,61.0,54,5.9,3,70,Synthetic/Demo,19.34,45.64
A2765,29,82.2,8,13.2,61.3,9.8,268,104.1,80,8.7,6,115,Synthetic/Demo,80.24,82.02
A2766,29,84.7,8,12.7,63.1,9.69,273,104.9,80,8.9,6,111,Synthetic/Demo,81.8,81.44
A2767,19,51.8,1,4.1,31.2,7.02,186,62.0,56,5.7,3,72,Synthetic/Demo,18.02,35.00
A2768,19,50.9,1,4.7,31.5,7.14,189,60.5,54,5.6,3,68,Synthetic/Demo,20.82,48.88
A2769,29,84.5,8,12.9,63.8,10.0,270,103.7,81,8.7,6,116,Synthetic/Demo,79.4,89.73
A2770,30,84.2,8,13.1,64.0,9.76,270,107.2,79,9.0,6,113,Synthetic/Demo,81.49,89.71
A2771,29,84.2,8,13.6,64.6,9.84,265,107.5,80,8.9,6,113,Synthetic/Demo,83.51,90.00
A2772,29,85.1,8,13.4,63.6,9.93,265,105.8,80,8.8,6,113,Synthetic/Demo,80.7,88.71
A2773,19,51.7,1,4.6,31.0,7.09,179,60.6,53,5.7,3,68,Synthetic/Demo,19.49,38.32
A2774,29,83.9,8,12.7,64.4,9.94,272,105.1,80,8.9,6,113,Synthetic/Demo,76.75,84.81
A2775,19,50.9,1,5.2,33.2,7.18,184,62.9,53,5.7,3,69,Synthetic/Demo,21.53,39.50
A2776,19,51.6,1,4.3,32.1,7.05,184,61.2,54,5.7,3,68,Synthetic/Demo,18.66,52.96
A2777,18,50.0,1,4.6,34.0,7.11,187,63.0,54,5.7,3,72,Synthetic/Demo,20.77,43.81
A2778,29,82.4,8,12.7,64.9,9.72,267,106.3,79,8.7,6,117,Synthetic/Demo,80.38,82.85
A2779,29,84.4,8,13.3,61.9,9.86,270,103.9,81,8.7,6,115,Synthetic/Demo,79.78,87.55
A2780,29,84.0,8,13.4,61.6,9.72,267,105.3,79,9.0,6,116,Synthetic/Demo,82.01,80.16
A2781,29,82.9,8,13.1,62.7,9.7,266,103.7,82,8.7,6,114,Synthetic/Demo,82.25,90.00
A2782,19,53.4,1,4.1,32.7,7.08,188,61.5,54,5.7,3,69,Synthetic/Demo,17.34,36.97
A2783,30,81.3,8,13.4,61.2,9.73,264,101.9,80,8.9,6,117,Synthetic/Demo,75.77,87.30
A2784,19,50.0,1,4.2,33.8,6.98,185,60.9,55,5.7,3,71,Synthetic/Demo,16.46,45.43
A2785,29,83.3,8,12.8,64.4,9.82,269,105.5,80,8.7,6,112,Synthetic/Demo,79.73,87.14
A2786,29,82.8,8,13.2,65.0,9.89,269,105.3,80,8.9,6,115,Synthetic/Demo,81.65,86.40
A2787,29,84.4,8,13.0,63.4,9.96,271,104.5,79,9.0,6,113,Synthetic/Demo,79.28,85.70
A2788,18,50.3,1,4.6,33.6,7.0,186,62.8,55,5.6,3,72,Synthetic/Demo,16.69,40.21
A2789,30,85.0,8,13.4,61.5,9.65,274,101.9,81,8.7,6,117,Synthetic/Demo,76.4,82.12
A2790,30,81.8,8,12.8,64.9,9.78,269,105.6,81,8.7,6,113,Synthetic/Demo,81.74,83.18
A2791,29,85.3,8,13.7,64.7,9.9,270,108.1,80,8.8,6,114,Synthetic/Demo,85.92,90.00
A2792,30,82.3,8,13.3,64.2,9.96,269,107.2,80,8.9,6,115,Synthetic/Demo,81.64,85.75
A2793,29,83.8,8,12.6,64.8,9.64,269,106.8,80,8.6,6,112,Synthetic/Demo,79.21,80.98
A2794,19,50.1,1,4.9,34.2,7.11,188,63.1,56,5.7,3,71,Synthetic/Demo,19.23,39.33
A2795,29,82.5,8,13.2,63.5,9.66,269,105.1,81,8.7,6,116,Synthetic/Demo,80.1,90.00
A2796,29,81.6,8,13.4,62.0,9.84,268,104.9,81,8.8,6,117,Synthetic/Demo,78.12,88.69
A2797,29,81.6,8,13.5,64.0,9.76,269,106.2,79,8.9,6,115,Synthetic/Demo,84.09,88.45
A2798,18,51.5,1,5.0,33.5,7.1,180,63.4,54,5.6,3,70,Synthetic/Demo,17.36,39.72
A2799,19,50.9,1,4.5,34.1,6.96,179,61.1,54,5.5,3,70,Synthetic/Demo,19.68,42.81
A2800,18,51.9,1,4.2,32.3,6.96,184,60.8,56,5.9,3,72,Synthetic/Demo,19.71,36.64
A2801,29,82.4,8,13.3,63.9,9.98,268,108.0,79,8.7,6,115,Synthetic/Demo,83.93,84.63
A2802,18,51.3,1,4.4,31.7,7.0,185,61.3,53,5.9,3,68,Synthetic/Demo,27.59,44.37
A2803,19,52.3,1,4.7,30.5,7.25,180,60.7,54,5.8,3,73,Synthetic/Demo,21.45,45.00
A2804,30,81.4,8,12.6,62.1,10.0,271,104.9,79,8.8,6,116,Synthetic/Demo,76.94,80.29
A2805,29,82.3,8,13.4,63.1,9.81,267,103.5,79,8.8,6,112,Synthetic/Demo,81.0,80.79
A2806,19,51.7,1,4.9,31.8,7.18,181,62.5,53,5.5,3,70,Synthetic/Demo,16.14,41.12
A2807,29,83.2,8,12.9,63.5,9.86,264,103.0,81,8.9,6,112,Synthetic/Demo,80.75,90.00
A2808,19,52.2,1,4.8,30.9,7.05,186,59.6,54,5.8,3,69,Synthetic/Demo,16.61,35.00
A2809,18,50.8,1,4.8,33.1,6.96,186,61.1,55,5.7,3,74,Synthetic/Demo,22.72,41.86
A2810,29,82.3,8,12.7,62.4,9.63,271,102.2,79,8.8,6,113,Synthetic/Demo,76.21,77.27
A2811,19,52.5,1,4.9,33.6,7.06,189,63.1,56,5.8,3,72,Synthetic/Demo,21.04,38.88
A2812,19,50.8,1,4.4,31.3,7.26,180,60.7,55,5.6,3,71,Synthetic/Demo,18.21,38.31
A2813,30,84.2,8,13.2,63.0,9.83,270,103.4,81,8.9,6,115,Synthetic/Demo,85.66,83.50
A2814,19,50.1,1,4.1,31.7,7.14,185,60.2,54,5.8,3,72,Synthetic/Demo,17.92,37.15
A2815,29,84.8,8,13.2,63.5,9.83,273,104.8,81,8.8,6,112,Synthetic/Demo,86.36,85.59
A2816,19,53.7,1,5.2,32.1,7.06,184,62.3,54,5.6,3,72,Synthetic/Demo,23.64,38.57
A2817,19,52.5,1,4.2,30.6,7.26,183,60.0,55,5.8,3,70,Synthetic/Demo,20.59,35.00
A2818,19,50.5,1,4.7,32.1,6.94,189,61.8,54,5.5,3,74,Synthetic/Demo,19.89,43.97
A2819,18,50.9,1,4.3,31.7,7.13,184,61.2,54,5.7,3,69,Synthetic/Demo,20.79,43.36
A2820,18,51.2,1,5.2,31.7,7.2,189,61.9,53,5.8,3,69,Synthetic/Demo,15.74,45.30
A2821,29,84.5,8,13.7,60.9,9.68,266,104.9,79,8.9,6,116,Synthetic/Demo,79.5,77.38
A2822,29,81.4,8,12.7,62.6,9.71,266,106.0,82,8.9,6,114,Synthetic/Demo,82.4,86.35
A2823,29,82.7,8,13.5,62.5,9.72,273,104.3,82,8.8,6,112,Synthetic/Demo,79.89,88.62
A2824,19,51.9,1,4.5,31.4,7.03,182,58.7,55,5.5,3,69,Synthetic/Demo,14.18,35.00
A2825,30,81.6,8,13.0,61.9,9.64,274,103.1,79,9.0,6,116,Synthetic/Demo,78.09,84.87
A2826,19,53.0,1,4.7,33.6,6.99,184,63.8,53,5.8,3,74,Synthetic/Demo,26.68,40.88
A2827,30,81.0,8,13.0,63.4,9.85,274,104.3,82,8.8,6,115,Synthetic/Demo,83.78,90.00
A2828,29,82.6,8,13.1,64.6,9.99,267,106.5,80,8.6,6,113,Synthetic/Demo,82.82,90.00
A2829,19,51.7,1,4.2,32.3,7.28,186,60.1,56,5.6,3,70,Synthetic/Demo,22.47,35.00
A2830,29,83.5,8,12.7,63.6,9.68,271,104.6,79,8.6,6,113,Synthetic/Demo,78.16,90.00
A2831,29,83.7,8,13.2,63.0,9.71,269,103.6,81,8.7,6,114,Synthetic/Demo,74.67,80.40
A2832,19,54.0,1,5.0,32.2,7.17,182,63.3,55,5.6,3,69,Synthetic/Demo,19.23,46.36
A2833,29,84.5,8,13.8,63.2,9.94,273,105.2,81,8.9,6,112,Synthetic/Demo,87.27,90.00
A2834,29,84.8,8,13.6,63.8,9.85,274,104.2,79,8.9,6,111,Synthetic/Demo,81.14,80.81
A2835,18,52.2,1,5.0,31.0,7.22,187,61.7,56,5.6,3,70,Synthetic/Demo,19.65,43.26
A2836,19,50.1,1,4.7,31.3,7.14,186,60.6,54,5.8,3,74,Synthetic/Demo,18.75,40.00
A2837,29,81.8,8,12.9,64.4,9.9,273,104.0,81,8.9,6,116,Synthetic/Demo,86.61,88.40
A2838,30,83.6,8,12.7,61.0,9.89,269,103.9,81,8.9,6,113,Synthetic/Demo,83.84,86.11
A2839,18,52.9,1,4.3,34.2,7.17,187,62.3,53,5.9,3,71,Synthetic/Demo,28.27,47.26
A2840,19,54.0,1,4.2,31.6,6.97,185,61.3,54,5.8,3,70,Synthetic/Demo,18.13,40.22
A2841,29,83.1,8,13.5,61.7,9.88,268,104.0,82,8.9,6,111,Synthetic/Demo,81.84,84.50
A2842,29,81.4,8,13.2,61.2,9.85,273,103.5,79,9.0,6,116,Synthetic/Demo,74.88,90.00
A2843,29,81.4,8,13.2,63.0,9.87,266,105.6,80,8.7,6,112,Synthetic/Demo,86.09,88.03
A2844,30,84.9,8,13.8,63.8,9.96,268,107.1,82,8.8,6,116,Synthetic/Demo,80.19,90.00
A2845,19,50.8,1,4.7,30.6,7.07,189,59.4,54,5.9,3,73,Synthetic/Demo,19.06,36.84
A2846,29,82.1,8,13.4,63.7,9.67,267,105.1,82,8.9,6,116,Synthetic/Demo,77.84,80.24
A2847,30,82.2,8,12.8,64.4,9.84,267,108.2,81,9.0,6,115,Synthetic/Demo,80.73,83.17
A2848,19,52.2,1,4.4,33.1,7.0,186,63.2,54,5.7,3,72,Synthetic/Demo,17.74,37.63
A2849,29,82.7,8,13.5,61.8,9.78,271,104.8,79,8.8,6,114,Synthetic/Demo,78.59,89.05
A2850,19,54.0,1,4.6,33.5,7.06,187,64.3,56,5.5,3,71,Synthetic/Demo,19.36,46.38
A2851,19,54.2,1,5.0,30.8,7.06,183,61.3,56,5.9,3,69,Synthetic/Demo,18.61,40.17
A2852,19,54.2,1,4.7,34.4,6.98,186,61.8,54,5.8,3,71,Synthetic/Demo,23.77,48.61
A2853,18,50.2,1,4.7,33.7,7.2,183,64.2,54,5.6,3,69,Synthetic/Demo,19.44,47.93
A2854,29,84.0,8,13.2,62.2,9.76,271,102.6,79,8.8,6,112,Synthetic/Demo,80.12,85.99
A2855,30,81.2,8,13.5,63.5,10.0,272,105.1,80,8.6,6,113,Synthetic/Demo,85.84,81.71
A2856,18,54.1,1,4.2,31.0,6.96,188,59.7,55,5.9,3,74,Synthetic/Demo,15.72,47.52
A2857,29,84.0,8,13.3,62.9,9.94,272,106.5,81,8.7,6,117,Synthetic/Demo,79.28,85.58
A2858,18,53.0,1,4.9,33.3,7.24,180,64.4,56,5.8,3,73,Synthetic/Demo,22.66,42.88
A2859,19,50.5,1,4.7,30.7,6.98,189,58.8,54,5.8,3,69,Synthetic/Demo,21.45,37.71
A2860,30,84.1,8,13.2,64.5,9.75,267,104.6,82,8.6,6,116,Synthetic/Demo,81.65,81.18
A2861,29,85.1,8,12.9,63.0,9.76,266,103.3,79,8.9,6,115,Synthetic/Demo,78.51,77.63
A2862,19,51.4,1,4.9,32.9,6.94,183,61.9,53,5.8,3,73,Synthetic/Demo,22.3,43.90
A2863,18,54.3,1,4.7,32.1,7.18,186,61.9,54,5.9,3,69,Synthetic/Demo,17.81,37.18
A2864,30,84.1,8,12.6,61.4,9.77,271,102.6,80,8.9,6,117,Synthetic/Demo,79.77,90.00
A2865,19,50.6,1,5.0,31.3,7.17,189,60.9,54,5.5,3,70,Synthetic/Demo,21.13,35.03
A2866,29,83.7,8,13.2,62.1,9.81,275,103.2,82,8.8,6,117,Synthetic/Demo,77.97,79.02
A2867,29,83.8,8,13.4,62.4,9.98,264,106.8,82,8.9,6,114,Synthetic/Demo,80.26,88.48
A2868,18,50.8,1,5.3,34.3,6.97,180,62.7,55,5.8,3,69,Synthetic/Demo,20.5,48.97
A2869,29,83.1,8,12.8,64.9,9.65,266,103.8,79,8.7,6,112,Synthetic/Demo,82.16,85.03
A2870,19,51.7,1,5.1,31.9,6.95,180,63.9,55,5.7,3,71,Synthetic/Demo,25.05,43.72
A2871,29,85.1,8,12.9,62.2,9.86,268,104.0,81,8.8,6,113,Synthetic/Demo,77.99,75.85
A2872,19,51.1,1,4.9,34.1,6.99,189,62.9,55,5.7,3,70,Synthetic/Demo,22.72,38.06
A2873,29,82.1,8,13.5,64.9,9.78,270,105.6,80,8.7,6,113,Synthetic/Demo,76.2,80.29
A2874,29,83.6,8,13.6,64.7,9.96,266,107.2,81,8.9,6,115,Synthetic/Demo,82.63,77.01
A2875,19,50.2,1,5.1,33.8,7.19,184,62.5,55,5.7,3,68,Synthetic/Demo,22.9,42.34
A2876,30,83.5,8,13.4,62.6,9.88,272,103.9,80,8.7,6,115,Synthetic/Demo,77.82,74.34
A2877,19,52.8,1,5.1,33.8,6.97,180,62.2,54,5.8,3,71,Synthetic/Demo,19.52,35.00
A2878,29,83.1,8,12.9,64.5,9.65,268,104.1,79,9.0,6,115,Synthetic/Demo,78.65,82.44
A2879,18,53.1,1,5.1,34.1,7.15,180,65.0,54,5.8,3,73,Synthetic/Demo,25.0,38.19
A2880,19,50.6,1,5.2,33.5,7.23,181,63.7,53,5.8,3,70,Synthetic/Demo,23.51,44.07
A2881,29,81.9,8,13.2,64.5,9.65,273,106.4,79,8.7,6,113,Synthetic/Demo,74.34,86.75
A2882,19,53.9,1,4.7,32.7,7.04,184,62.4,53,5.6,3,69,Synthetic/Demo,14.46,45.08
A2883,29,82.6,8,13.2,62.0,9.95,266,107.6,79,8.8,6,112,Synthetic/Demo,80.46,89.14
A2884,30,83.9,8,13.0,61.9,9.97,273,103.7,81,8.9,6,112,Synthetic/Demo,81.39,90.00
A2885,29,83.3,8,12.7,62.4,9.9,275,103.2,80,8.7,6,116,Synthetic/Demo,70.43,84.94
A2886,29,82.6,8,13.2,61.8,9.89,270,104.9,80,8.7,6,114,Synthetic/Demo,78.81,86.61
A2887,30,82.9,8,12.8,60.8,9.81,264,103.8,79,8.9,6,115,Synthetic/Demo,77.61,87.20
A2888,19,50.2,1,4.5,34.4,6.94,189,61.8,54,5.9,3,72,Synthetic/Demo,24.65,41.72
A2889,19,50.6,1,4.6,31.2,7.14,182,61.6,55,5.6,3,73,Synthetic/Demo,18.65,38.26
A2890,29,81.2,8,13.0,61.1,9.64,272,101.6,79,8.7,6,116,Synthetic/Demo,78.24,82.37
A2891,19,52.7,1,4.4,32.6,7.17,186,62.1,54,5.7,3,70,Synthetic/Demo,20.97,36.76
A2892,19,50.1,1,4.4,34.2,7.24,180,62.4,56,5.9,3,68,Synthetic/Demo,16.39,43.65
A2893,30,83.3,8,13.6,64.1,9.82,270,105.8,79,9.0,6,115,Synthetic/Demo,85.13,85.71
A2894,30,84.0,8,12.8,61.9,9.79,270,102.4,81,8.8,6,113,Synthetic/Demo,79.15,81.50
A2895,29,84.7,8,13.0,62.1,9.81,272,103.3,79,8.8,6,112,Synthetic/Demo,80.9,81.53
A2896,29,85.1,8,13.3,60.9,9.67,270,102.3,79,8.9,6,117,Synthetic/Demo,90.09,78.66
A2897,29,83.3,8,12.8,64.6,9.64,267,105.4,80,8.8,6,116,Synthetic/Demo,74.31,90.00
A2898,19,53.5,1,4.7,34.4,7.06,189,64.5,54,5.6,3,71,Synthetic/Demo,27.05,42.26
A2899,29,84.8,8,13.4,61.9,9.72,271,102.4,81,8.7,6,116,Synthetic/Demo,78.0,80.65
A2900,18,51.0,1,4.4,32.7,7.18,185,62.5,56,5.6,3,70,Synthetic/Demo,21.43,44.57
A2901,30,84.5,8,12.9,61.2,9.98,268,104.7,82,8.9,6,113,Synthetic/Demo,80.01,82.65
A2902,19,54.0,1,4.1,30.3,7.22,180,59.8,56,5.6,3,70,Synthetic/Demo,17.19,35.00
A2903,29,84.9,8,13.5,63.2,9.63,271,103.5,81,8.8,6,114,Synthetic/Demo,78.26,90.00
A2904,18,53.1,1,4.6,32.3,7.14,181,61.0,54,5.7,3,71,Synthetic/Demo,21.71,37.66
A2905,18,52.6,1,4.7,33.9,7.26,180,64.0,56,5.9,3,72,Synthetic/Demo,18.97,40.23
A2906,19,51.2,1,5.3,33.8,7.12,188,62.7,56,5.9,3,70,Synthetic/Demo,25.02,42.72
A2907,30,81.5,8,13.6,64.0,9.8,270,105.8,80,8.6,6,117,Synthetic/Demo,80.66,90.00
A2908,29,81.3,8,12.9,62.5,9.79,265,102.4,81,8.6,6,111,Synthetic/Demo,75.99,84.42
A2909,30,82.9,8,12.6,61.3,9.73,270,103.2,80,8.6,6,117,Synthetic/Demo,75.97,78.40
A2910,18,50.4,1,5.2,31.8,7.27,183,63.6,55,5.6,3,70,Synthetic/Demo,26.32,44.03
A2911,19,54.3,1,5.1,32.0,6.92,187,60.4,54,5.8,3,72,Synthetic/Demo,18.07,38.39
A2912,19,51.7,1,4.5,31.4,6.92,188,59.5,54,5.7,3,72,Synthetic/Demo,18.78,48.91
A2913,30,83.4,8,12.9,63.3,9.81,269,103.2,81,9.0,6,112,Synthetic/Demo,78.12,85.33
A2914,29,82.0,8,12.9,63.7,9.77,273,104.3,80,8.9,6,115,Synthetic/Demo,82.34,74.03
A2915,29,84.6,8,13.5,64.3,9.96,265,106.8,79,8.7,6,116,Synthetic/Demo,85.84,87.88
A2916,29,84.7,8,13.7,61.6,9.92,265,105.2,82,8.7,6,114,Synthetic/Demo,87.23,90.00
A2917,19,54.2,1,4.2,31.4,7.19,179,62.2,53,5.6,3,69,Synthetic/Demo,19.77,47.86
A2918,19,51.5,1,5.0,34.3,7.09,187,64.4,55,5.6,3,70,Synthetic/Demo,24.65,51.16
A2919,19,51.7,1,4.5,30.4,7.1,184,60.8,53,5.7,3,72,Synthetic/Demo,19.15,35.00
A2920,29,81.7,8,13.3,62.8,9.95,275,103.5,79,8.8,6,115,Synthetic/Demo,84.52,89.97
A2921,29,85.0,8,12.9,62.8,9.76,275,104.3,81,8.8,6,117,Synthetic/Demo,76.78,81.67
A2922,30,85.1,8,12.7,64.3,9.85,275,103.6,81,8.8,6,115,Synthetic/Demo,82.05,86.77
A2923,18,53.9,1,4.9,32.8,6.99,184,61.9,53,5.8,3,73,Synthetic/Demo,20.35,35.00
A2924,19,53.5,1,4.9,33.6,7.25,180,63.6,56,5.5,3,71,Synthetic/Demo,22.83,38.82
A2925,29,84.7,8,12.6,61.8,9.69,271,102.5,80,8.6,6,115,Synthetic/Demo,77.49,80.84
A2926,19,50.3,1,4.3,30.7,6.92,185,61.0,55,5.7,3,68,Synthetic/Demo,18.55,43.41
A2927,30,83.6,8,13.8,63.9,9.8,272,105.7,81,8.8,6,114,Synthetic/Demo,81.98,90.00
A2928,29,84.6,8,12.8,61.6,9.69,268,103.1,82,8.9,6,113,Synthetic/Demo,78.96,86.00
A2929,30,81.1,8,13.1,62.5,9.94,268,106.3,80,9.0,6,116,Synthetic/Demo,86.48,79.01
A2930,19,52.6,1,4.8,30.6,7.18,188,60.0,55,5.7,3,73,Synthetic/Demo,22.0,39.10
A2931,19,51.5,1,4.5,33.0,6.98,187,61.1,53,5.7,3,73,Synthetic/Demo,22.19,36.59
A2932,19,50.2,1,4.7,30.5,7.09,189,61.4,55,5.7,3,69,Synthetic/Demo,17.52,44.37
A2933,30,84.6,8,12.9,63.5,9.69,271,104.9,80,9.0,6,112,Synthetic/Demo,77.58,90.00
A2934,29,81.7,8,12.7,64.0,9.86,271,105.1,79,8.8,6,113,Synthetic/Demo,83.68,90.00
A2935,30,84.0,8,12.9,63.5,9.87,267,103.6,80,8.9,6,117,Synthetic/Demo,83.37,81.77
A2936,19,53.9,1,5.0,32.3,7.12,183,62.0,53,5.7,3,73,Synthetic/Demo,25.85,35.00
A2937,18,50.9,1,5.0,33.1,7.05,185,61.3,54,5.9,3,68,Synthetic/Demo,19.8,35.00
A2938,18,53.2,1,4.7,34.3,7.05,184,63.6,54,5.7,3,72,Synthetic/Demo,21.41,48.49
A2939,30,84.2,8,12.9,62.9,9.67,265,104.2,80,9.0,6,113,Synthetic/Demo,75.22,83.05
A2940,29,83.0,8,13.6,62.9,9.91,265,104.1,79,8.6,6,111,Synthetic/Demo,81.0,81.44
A2941,19,51.1,1,5.1,31.7,7.17,182,60.3,55,5.6,3,71,Synthetic/Demo,23.86,48.95
A2942,19,51.3,1,4.5,32.5,7.02,185,60.6,53,5.7,3,70,Synthetic/Demo,18.28,46.28
A2943,30,83.7,8,13.1,61.7,9.96,263,103.2,82,8.9,6,111,Synthetic/Demo,82.8,85.40
A2944,29,82.6,8,12.9,62.7,9.74,266,103.7,80,8.9,6,116,Synthetic/Demo,79.24,83.39
A2945,19,53.2,1,4.7,32.6,7.07,188,62.3,53,5.6,3,74,Synthetic/Demo,21.18,40.34
A2946,19,54.3,1,4.9,33.9,6.99,182,61.8,55,5.7,3,73,Synthetic/Demo,18.02,42.64
A2947,19,54.3,1,4.5,34.5,7.11,182,63.6,56,5.7,3,71,Synthetic/Demo,22.49,49.92
A2948,18,52.3,1,5.0,34.4,7.21,179,63.5,53,5.5,3,69,Synthetic/Demo,14.95,43.50
A2949,19,53.6,1,4.5,31.3,7.13,181,61.3,55,5.7,3,69,Synthetic/Demo,19.43,43.91
A2950,19,54.3,1,4.6,31.7,7.07,179,59.7,54,5.5,3,72,Synthetic/Demo,14.6,45.72
A2951,29,82.0,8,13.2,61.3,9.97,268,105.3,79,8.6,6,112,Synthetic/Demo,84.38,79.05
A2952,30,83.6,8,12.9,64.6,9.94,265,107.4,79,8.9,6,116,Synthetic/Demo,85.57,89.86
A2953,19,50.5,1,4.3,30.9,7.26,179,60.6,56,5.6,3,73,Synthetic/Demo,20.97,38.57
A2954,29,82.1,8,13.7,64.5,9.76,263,106.0,81,8.7,6,113,Synthetic/Demo,87.81,73.06
A2955,19,53.7,1,5.2,34.0,6.94,182,63.1,54,5.9,3,68,Synthetic/Demo,20.0,35.00
A2956,18,52.5,1,4.9,32.8,6.91,183,61.4,53,5.6,3,74,Synthetic/Demo,25.4,35.02
A2957,19,53.8,1,5.1,34.0,6.97,188,62.1,56,5.6,3,69,Synthetic/Demo,24.03,44.24
A2958,19,53.4,1,5.3,34.3,7.26,181,66.9,53,5.9,3,74,Synthetic/Demo,25.08,44.30
A2959,30,84.0,8,13.0,62.8,9.66,268,104.9,82,8.9,6,116,Synthetic/Demo,83.05,86.25
A2960,29,85.1,8,13.0,62.3,9.9,268,104.9,81,8.8,6,116,Synthetic/Demo,77.13,90.00
A2961,19,50.2,1,4.5,30.5,7.08,188,60.4,54,5.8,3,69,Synthetic/Demo,16.03,35.00
A2962,30,82.9,8,13.5,62.7,9.91,271,103.7,79,8.6,6,115,Synthetic/Demo,79.1,85.33
A2963,30,81.7,8,12.8,64.2,9.73,264,104.5,82,8.7,6,115,Synthetic/Demo,78.94,86.66
A2964,30,83.0,8,12.9,64.3,9.78,266,104.9,80,8.8,6,112,Synthetic/Demo,78.23,81.64
A2965,19,50.1,1,5.1,32.1,7.05,184,63.0,56,5.7,3,71,Synthetic/Demo,24.87,41.28
A2966,29,82.4,8,13.0,62.0,9.67,272,102.5,80,8.7,6,112,Synthetic/Demo,77.39,76.33
A2967,30,83.2,8,13.1,63.5,9.95,268,106.0,80,8.9,6,113,Synthetic/Demo,83.38,90.00
A2968,19,52.3,1,5.1,33.9,7.06,183,62.4,56,5.6,3,72,Synthetic/Demo,20.35,38.34
A2969,19,52.5,1,5.2,33.1,7.19,187,63.3,54,5.9,3,73,Synthetic/Demo,17.34,52.73
A2970,19,53.0,1,4.2,33.0,7.24,186,61.3,54,5.8,3,71,Synthetic/Demo,21.42,40.92
A2971,29,81.2,8,13.5,62.2,9.85,270,105.1,80,8.7,6,114,Synthetic/Demo,75.23,90.00
A2972,19,51.0,1,4.4,32.7,7.06,178,61.8,56,5.7,3,72,Synthetic/Demo,20.33,40.14
A2973,30,81.9,8,12.7,64.8,9.95,272,106.3,79,8.9,6,116,Synthetic/Demo,77.88,85.78
A2974,29,83.5,8,13.6,64.3,9.77,266,107.2,81,8.8,6,112,Synthetic/Demo,89.2,82.95
A2975,19,52.0,1,4.2,30.7,7.22,179,61.3,54,5.7,3,70,Synthetic/Demo,22.49,40.39
A2976,19,52.1,1,4.4,33.0,7.25,182,63.1,55,5.7,3,72,Synthetic/Demo,22.02,43.01
A2977,18,51.6,1,4.6,32.8,7.0,189,62.8,54,5.7,3,72,Synthetic/Demo,23.8,36.59
A2978,19,50.8,1,5.0,31.2,7.09,188,61.1,54,5.7,3,69,Synthetic/Demo,17.42,39.82
A2979,19,51.5,1,4.2,31.4,7.13,187,60.4,56,5.8,3,71,Synthetic/Demo,20.2,37.13
A2980,19,51.5,1,5.1,33.5,7.21,188,62.0,55,5.5,3,71,Synthetic/Demo,22.51,53.28
A2981,18,52.1,1,5.3,33.6,7.06,188,62.5,54,5.6,3,69,Synthetic/Demo,22.88,40.88
A2982,19,52.9,1,5.0,32.4,6.99,182,59.8,55,5.7,3,69,Synthetic/Demo,24.15,48.16
A2983,19,54.2,1,4.7,30.9,7.18,182,62.1,55,5.8,3,71,Synthetic/Demo,22.73,40.02
A2984,19,50.6,1,4.8,30.5,7.13,182,60.4,56,5.7,3,69,Synthetic/Demo,20.46,41.32
A2985,19,53.8,1,4.1,31.4,7.24,187,62.2,54,5.8,3,73,Synthetic/Demo,14.56,35.00
A2986,29,81.6,8,12.8,64.9,9.9,273,105.8,81,8.8,6,111,Synthetic/Demo,78.79,83.32
A2987,18,52.5,1,5.2,32.8,6.92,178,61.4,56,5.8,3,69,Synthetic/Demo,21.19,41.65
A2988,19,52.4,1,4.1,33.3,7.27,189,60.3,56,5.9,3,72,Synthetic/Demo,20.35,49.37
A2989,29,85.3,8,12.8,63.6,9.72,264,102.3,82,8.8,6,115,Synthetic/Demo,76.2,86.03
A2990,19,53.1,1,4.2,33.5,7.13,185,60.5,56,5.7,3,68,Synthetic/Demo,27.32,47.55
A2991,30,82.7,8,12.6,64.6,9.68,265,105.4,80,8.8,6,115,Synthetic/Demo,85.19,88.33
A2992,18,51.4,1,4.3,30.7,7.16,179,61.1,56,5.8,3,72,Synthetic/Demo,21.26,47.92
A2993,29,81.9,8,13.3,62.5,9.89,274,104.7,82,8.8,6,115,Synthetic/Demo,80.58,85.24
A2994,29,84.9,8,13.2,61.7,9.63,274,103.4,81,8.9,6,113,Synthetic/Demo,77.73,90.00
A2995,30,81.4,8,13.0,61.4,9.67,271,101.7,81,9.0,6,114,Synthetic/Demo,75.05,82.20
A2996,29,84.7,8,13.1,64.1,9.99,275,104.8,80,8.7,6,111,Synthetic/Demo,81.84,81.91
A2997,29,81.8,8,13.5,61.3,9.97,269,103.9,80,8.7,6,117,Synthetic/Demo,81.36,79.22
A2998,19,52.2,1,4.8,30.9,7.21,185,61.6,54,5.6,3,72,Synthetic/Demo,16.43,52.33
A2999,18,52.3,1,4.2,33.0,7.09,180,60.5,54,5.9,3,70,Synthetic/Demo,21.46,44.13
A3000,29,84.8,8,13.4,63.6,9.69,268,105.7,81,8.7,6,115,Synthetic/Demo,80.64,83.79
A3001,29,81.7,8,13.6,62.0,9.75,269,103.3,81,8.7,6,114,Synthetic/Demo,74.29,90.00
A3002,29,84.3,8,13.0,64.3,9.92,272,106.9,79,9.0,6,115,Synthetic/Demo,79.88,89.49
A3003,29,83.9,8,13.7,61.7,9.95,267,104.3,79,8.9,6,114,Synthetic/Demo,80.71,90.00
A3004,29,83.3,8,12.7,64.1,9.78,275,103.7,79,8.9,6,117,Synthetic/Demo,85.26,77.50
A3005,18,53.9,1,4.2,30.4,7.23,187,60.8,55,5.6,3,72,Synthetic/Demo,19.99,38.52
A3006,29,83.8,8,13.2,61.6,9.88,270,104.2,79,9.0,6,112,Synthetic/Demo,76.54,82.86
A3007,29,84.8,8,13.5,64.2,9.9,267,106.5,79,8.7,6,117,Synthetic/Demo,84.54,76.15
A3008,18,52.6,1,4.6,31.3,6.97,179,61.3,54,5.5,3,74,Synthetic/Demo,14.51,44.64
A3009,19,50.6,1,5.3,33.3,7.19,188,63.3,53,5.8,3,69,Synthetic/Demo,26.4,40.75
A3010,18,52.7,1,4.6,33.4,7.13,183,63.5,55,5.5,3,68,Synthetic/Demo,20.25,44.42
A3011,29,81.9,8,13.2,61.8,9.65,270,102.8,82,9.0,6,112,Synthetic/Demo,78.59,90.00
A3012,19,53.8,1,4.4,30.6,7.13,186,60.1,55,5.6,3,72,Synthetic/Demo,22.19,38.20
A3013,29,85.1,8,13.2,64.1,9.71,273,105.8,82,8.8,6,112,Synthetic/Demo,77.0,83.51
A3014,30,83.0,8,13.2,60.9,9.66,266,104.5,81,8.8,6,113,Synthetic/Demo,74.85,85.31
A3015,29,82.1,8,13.5,64.7,9.79,271,105.1,82,8.6,6,116,Synthetic/Demo,79.92,90.00
A3016,30,82.5,8,13.2,64.8,9.74,269,105.4,81,8.8,6,115,Synthetic/Demo,84.77,82.93
A3017,18,51.3,1,4.4,33.9,7.15,186,62.5,54,5.6,3,72,Synthetic/Demo,16.56,37.64
A3018,30,85.1,8,13.2,60.8,9.78,270,103.4,80,8.7,6,112,Synthetic/Demo,70.32,90.00
A3019,19,51.7,1,5.1,32.4,7.07,186,62.3,56,5.9,3,71,Synthetic/Demo,19.99,43.59
A3020,18,50.0,1,4.5,33.8,6.94,183,62.8,56,5.6,3,68,Synthetic/Demo,22.3,35.00
A3021,29,83.2,8,13.5,61.3,9.94,265,105.2,79,8.9,6,115,Synthetic/Demo,85.32,79.27
A3022,29,81.8,8,13.4,63.3,9.8,270,104.8,80,9.0,6,112,Synthetic/Demo,80.26,90.00
A3023,18,53.7,1,4.9,32.3,7.19,182,63.0,56,5.9,3,69,Synthetic/Demo,20.99,43.61
A3024,29,81.3,8,13.0,61.4,9.81,274,105.7,80,8.7,6,114,Synthetic/Demo,82.6,81.01
A3025,19,51.6,1,4.3,31.6,7.01,179,60.1,55,5.6,3,71,Synthetic/Demo,13.21,38.46
A3026,19,54.3,1,4.9,33.7,7.12,187,62.2,54,5.9,3,71,Synthetic/Demo,20.88,42.19
A3027,30,84.5,8,12.6,63.1,9.88,266,103.6,80,8.9,6,113,Synthetic/Demo,80.88,88.86
A3028,29,83.4,8,13.4,62.7,9.83,274,106.2,79,8.9,6,114,Synthetic/Demo,82.63,78.84
A3029,30,85.3,8,12.8,61.9,9.96,263,103.3,80,8.9,6,113,Synthetic/Demo,79.02,80.99
A3030,19,53.5,1,4.6,32.0,7.25,188,61.2,55,5.8,3,73,Synthetic/Demo,20.47,42.90
A3031,29,83.8,8,13.5,62.4,9.89,268,105.7,82,8.8,6,112,Synthetic/Demo,74.27,85.14
A3032,18,51.7,1,4.2,33.1,6.99,189,60.1,53,5.7,3,70,Synthetic/Demo,16.81,42.37
A3033,29,81.7,8,13.0,64.1,9.7,275,105.2,82,8.9,6,116,Synthetic/Demo,81.36,79.33
A3034,19,50.3,1,4.2,32.0,7.19,183,61.1,56,5.6,3,70,Synthetic/Demo,16.66,41.86
A3035,29,81.7,8,13.2,61.3,9.75,268,101.2,80,8.9,6,113,Synthetic/Demo,78.93,89.90
A3036,19,51.8,1,4.7,33.8,7.23,183,64.2,56,5.6,3,69,Synthetic/Demo,24.13,44.31
A3037,30,85.1,8,13.7,62.1,9.88,274,105.9,82,8.7,6,115,Synthetic/Demo,79.99,86.79
A3038,29,82.5,8,12.8,64.2,9.94,268,104.8,79,8.8,6,112,Synthetic/Demo,82.29,84.81
A3039,30,81.7,8,13.5,64.0,9.74,266,105.1,80,8.6,6,115,Synthetic/Demo,78.85,81.26
A3040,18,53.8,1,4.5,31.6,7.22,185,61.1,53,5.8,3,69,Synthetic/Demo,19.83,40.04
A3041,19,54.2,1,5.2,33.3,6.94,184,63.3,54,5.7,3,74,Synthetic/Demo,23.51,48.03
A3042,29,81.8,8,13.3,60.9,9.78,275,103.8,80,8.6,6,113,Synthetic/Demo,78.94,84.01
A3043,29,81.8,8,13.2,62.4,9.71,275,104.2,80,8.8,6,116,Synthetic/Demo,77.35,80.56
A3044,29,85.3,8,13.7,60.8,9.77,275,104.6,81,8.7,6,116,Synthetic/Demo,79.91,82.89
A3045,29,82.0,8,13.6,61.0,9.73,268,102.7,80,8.7,6,115,Synthetic/Demo,81.42,85.66
A3046,29,84.6,8,13.5,62.8,9.93,274,104.3,79,8.8,6,115,Synthetic/Demo,75.09,83.87
A3047,18,51.3,1,4.9,34.0,7.23,183,65.1,53,5.8,3,71,Synthetic/Demo,27.47,44.48
A3048,29,82.9,8,13.2,63.1,9.76,269,104.1,81,8.9,6,113,Synthetic/Demo,79.57,87.83
A3049,29,82.3,8,12.6,61.1,9.99,269,103.3,79,8.9,6,111,Synthetic/Demo,80.69,89.03
A3050,18,50.9,1,5.0,32.1,7.03,186,61.3,56,5.5,3,69,Synthetic/Demo,23.61,47.25
A3051,19,53.9,1,4.3,32.6,7.15,188,61.0,54,5.8,3,73,Synthetic/Demo,15.61,45.99
A3052,19,53.9,1,4.3,33.2,7.15,187,61.8,55,5.6,3,70,Synthetic/Demo,18.08,36.26
A3053,19,50.4,1,4.5,32.7,6.98,182,61.2,54,5.6,3,70,Synthetic/Demo,19.0,35.24
A3054,19,50.6,1,5.1,32.2,7.16,185,63.0,54,5.7,3,73,Synthetic/Demo,19.41,41.13
A3055,19,53.7,1,5.0,33.5,7.01,182,64.4,55,5.8,3,71,Synthetic/Demo,27.73,39.68
A3056,30,82.9,8,12.9,60.8,9.87,273,102.8,81,8.8,6,113,Synthetic/Demo,75.65,79.15
A3057,29,81.6,8,13.5,62.2,9.77,266,105.7,81,8.7,6,111,Synthetic/Demo,79.57,82.83
A3058,29,82.5,8,13.7,61.1,9.8,274,104.1,80,8.9,6,114,Synthetic/Demo,80.61,82.90
A3059,19,51.8,1,5.1,33.3,6.92,178,62.0,54,5.5,3,72,Synthetic/Demo,17.84,37.16
A3060,29,84.7,8,12.7,61.1,9.64,273,101.2,80,8.8,6,113,Synthetic/Demo,75.34,82.50
A3061,19,53.1,1,5.0,32.0,7.22,188,61.5,55,5.7,3,72,Synthetic/Demo,21.9,47.56
A3062,18,52.7,1,4.3,32.7,7.05,182,58.7,53,5.7,3,70,Synthetic/Demo,18.32,40.34
A3063,18,50.4,1,4.8,31.4,7.22,183,62.2,56,5.6,3,72,Synthetic/Demo,20.44,52.97
A3064,18,54.0,1,4.9,34.0,6.93,187,62.6,55,5.5,3,68,Synthetic/Demo,19.33,41.57
A3065,18,52.4,1,5.0,32.3,7.19,179,62.5,54,5.5,3,70,Synthetic/Demo,17.57,39.23
A3066,19,51.1,1,4.6,32.6,6.94,182,60.3,54,5.6,3,72,Synthetic/Demo,20.39,39.78
A3067,18,50.9,1,4.9,33.9,7.08,187,62.8,56,5.8,3,72,Synthetic/Demo,27.05,42.91
A3068,29,82.5,8,12.8,64.1,9.81,274,105.1,80,8.7,6,115,Synthetic/Demo,80.23,87.42
A3069,30,83.2,8,13.3,61.3,9.72,275,103.4,79,8.6,6,114,Synthetic/Demo,79.01,90.00
A3070,18,50.6,1,4.7,30.7,7.04,180,59.8,56,5.8,3,69,Synthetic/Demo,21.34,35.16
A3071,29,83.4,8,13.5,64.8,9.74,271,106.0,82,8.9,6,112,Synthetic/Demo,78.58,90.00
A3072,18,50.6,1,4.9,31.7,7.24,184,60.7,54,5.6,3,73,Synthetic/Demo,25.85,41.57
A3073,30,83.7,8,13.2,62.0,9.94,267,105.2,81,8.8,6,116,Synthetic/Demo,81.63,77.80
A3074,19,53.4,1,5.1,30.5,7.21,181,61.9,54,5.8,3,72,Synthetic/Demo,26.14,45.06
A3075,29,84.0,8,13.8,60.9,9.97,267,106.6,79,8.6,6,114,Synthetic/Demo,79.81,90.00
A3076,19,52.9,1,4.4,30.7,7.02,188,58.8,55,5.8,3,69,Synthetic/Demo,23.03,35.25
A3077,19,54.0,1,5.2,31.2,7.04,189,60.7,56,5.7,3,70,Synthetic/Demo,21.96,41.01
A3078,18,52.7,1,5.2,33.6,6.98,181,62.7,55,5.5,3,68,Synthetic/Demo,23.78,35.00
A3079,29,85.1,8,13.5,61.6,9.95,266,103.9,79,8.8,6,116,Synthetic/Demo,81.97,79.14
A3080,19,51.9,1,4.2,31.9,7.12,189,59.6,54,5.9,3,72,Synthetic/Demo,17.89,45.52
A3081,29,84.1,8,13.2,64.8,9.82,273,105.6,81,8.8,6,115,Synthetic/Demo,85.29,83.58
A3082,18,50.6,1,4.4,33.9,7.14,179,61.2,56,5.7,3,71,Synthetic/Demo,21.84,35.01
A3083,30,83.3,8,13.2,62.3,9.93,265,105.8,80,9.0,6,115,Synthetic/Demo,76.07,86.92
A3084,29,85.3,8,12.6,61.0,9.68,272,102.0,80,8.9,6,115,Synthetic/Demo,73.51,81.71
A3085,18,52.9,1,5.1,34.2,7.26,179,64.5,54,5.9,3,70,Synthetic/Demo,24.41,40.19
A3086,30,82.3,8,12.9,64.7,9.83,269,106.0,79,8.7,6,115,Synthetic/Demo,82.62,89.26
A3087,29,82.3,8,12.8,61.4,9.83,275,103.3,81,8.9,6,112,Synthetic/Demo,78.18,78.93
A3088,30,83.1,8,13.8,63.3,9.77,269,106.3,80,9.0,6,114,Synthetic/Demo,86.34,81.58
A3089,19,54.1,1,4.9,30.8,7.25,183,61.0,55,5.9,3,70,Synthetic/Demo,15.09,42.09
A3090,19,50.3,1,4.7,32.9,6.93,183,63.7,56,5.6,3,71,Synthetic/Demo,20.97,45.41
A3091,18,50.4,1,4.8,31.6,6.98,183,60.9,56,5.6,3,74,Synthetic/Demo,13.73,46.04
A3092,18,52.1,1,5.1,33.0,7.17,189,61.8,55,5.7,3,71,Synthetic/Demo,23.81,38.22
A3093,30,84.3,8,12.7,61.1,9.92,267,102.1,81,8.8,6,113,Synthetic/Demo,78.4,89.46
A3094,29,84.2,8,13.0,61.7,9.89,269,102.5,80,8.8,6,116,Synthetic/Demo,80.56,81.03
A3095,19,54.0,1,4.1,31.2,7.01,186,63.3,55,5.8,3,70,Synthetic/Demo,16.2,49.32
A3096,29,84.6,8,13.7,63.0,9.76,273,105.4,79,8.9,6,112,Synthetic/Demo,85.47,79.99
A3097,30,83.4,8,13.1,64.8,9.9,268,105.5,80,8.7,6,112,Synthetic/Demo,85.6,90.00
A3098,29,84.4,8,13.3,60.9,9.75,274,102.3,80,8.9,6,116,Synthetic/Demo,80.01,81.62
A3099,19,53.7,1,4.6,32.6,7.0,179,62.3,55,5.8,3,74,Synthetic/Demo,20.33,51.02
A3100,29,85.1,8,12.7,61.1,9.99,265,102.9,80,8.8,6,114,Synthetic/Demo,81.25,87.75
A3101,30,81.8,8,13.0,61.1,9.66,271,103.3,79,8.8,6,114,Synthetic/Demo,75.92,79.36
A3102,18,53.0,1,4.6,34.3,7.05,184,63.4,54,5.8,3,68,Synthetic/Demo,24.77,38.52
A3103,18,51.7,1,4.7,31.2,7.25,187,61.6,56,5.7,3,73,Synthetic/Demo,25.01,44.80
A3104,30,81.4,8,13.0,62.0,9.9,275,102.0,82,8.7,6,115,Synthetic/Demo,81.71,90.00
A3105,29,82.9,8,12.6,61.9,9.75,271,104.6,79,8.9,6,117,Synthetic/Demo,76.43,84.36
A3106,18,51.1,1,4.3,31.4,7.12,179,61.4,55,5.6,3,71,Synthetic/Demo,20.71,39.67
A3107,30,82.0,8,13.2,64.1,9.75,267,107.5,80,8.8,6,112,Synthetic/Demo,78.48,89.41
A3108,19,51.1,1,4.8,32.7,7.17,181,63.0,56,5.7,3,71,Synthetic/Demo,23.62,42.05
A3109,18,51.5,1,4.8,34.4,7.23,182,62.9,55,5.7,3,71,Synthetic/Demo,24.53,35.29
A3110,19,50.5,1,4.9,33.6,7.11,181,62.5,56,5.7,3,71,Synthetic/Demo,16.58,37.39
A3111,18,53.0,1,4.8,33.3,7.2,186,62.5,56,5.6,3,73,Synthetic/Demo,18.02,42.78
A3112,19,50.9,1,4.6,33.8,6.93,182,61.9,53,5.5,3,70,Synthetic/Demo,19.78,46.06
A3113,19,54.0,1,4.9,32.8,6.97,183,61.3,54,5.8,3,73,Synthetic/Demo,19.77,49.14
A3114,30,83.9,8,13.2,61.4,9.97,271,104.6,79,8.8,6,114,Synthetic/Demo,76.86,89.33
A3115,19,51.1,1,4.4,31.9,7.25,185,60.8,56,5.9,3,70,Synthetic/Demo,21.5,42.40
A3116,18,51.3,1,4.7,31.2,7.11,187,62.5,53,5.9,3,73,Synthetic/Demo,20.95,44.31
A3117,18,53.3,1,4.6,32.1,7.07,187,59.9,54,5.7,3,69,Synthetic/Demo,18.83,36.64
A3118,19,51.8,1,4.1,32.3,7.13,183,60.9,55,5.7,3,73,Synthetic/Demo,17.06,39.46
A3119,29,84.1,8,12.8,63.7,9.83,266,104.0,79,8.7,6,115,Synthetic/Demo,83.76,80.88
A3120,29,84.7,8,13.6,62.2,9.94,266,105.1,80,8.8,6,115,Synthetic/Demo,87.06,79.46
A3121,18,54.0,1,4.2,30.9,6.94,186,60.3,56,5.8,3,74,Synthetic/Demo,15.81,41.20
A3122,29,82.0,8,13.6,62.7,9.88,266,105.9,81,8.8,6,114,Synthetic/Demo,80.47,86.55
A3123,29,83.1,8,13.5,62.0,9.65,275,105.5,79,8.8,6,115,Synthetic/Demo,81.13,88.56
A3124,19,53.6,1,4.9,33.7,7.06,179,61.7,55,5.7,3,70,Synthetic/Demo,21.04,44.03
A3125,29,81.8,8,12.6,63.1,9.99,270,103.1,81,8.9,6,112,Synthetic/Demo,79.82,86.29
A3126,18,54.3,1,4.4,31.3,6.97,181,59.4,53,5.6,3,69,Synthetic/Demo,20.71,41.59
A3127,18,50.5,1,5.2,30.5,6.97,179,59.5,56,5.7,3,71,Synthetic/Demo,13.76,39.31
A3128,30,81.8,8,12.7,63.7,9.69,267,104.8,80,8.7,6,112,Synthetic/Demo,83.91,86.84
A3129,30,81.7,8,13.0,60.9,9.7,272,103.6,79,8.9,6,116,Synthetic/Demo,78.36,81.04
A3130,19,51.1,1,5.1,33.8,7.05,187,64.2,56,5.8,3,71,Synthetic/Demo,21.19,44.05
A3131,19,53.2,1,4.7,33.2,7.25,178,61.4,54,5.5,3,70,Synthetic/Demo,21.91,44.35
A3132,29,82.1,8,13.3,61.3,9.76,273,102.8,79,8.6,6,113,Synthetic/Demo,78.5,81.12
A3133,29,83.4,8,13.8,63.6,9.77,265,104.6,81,8.9,6,114,Synthetic/Demo,77.34,86.00
A3134,30,81.8,8,12.6,61.2,9.82,269,101.9,80,8.8,6,116,Synthetic/Demo,82.23,81.34
A3135,18,50.0,1,4.5,33.3,7.12,178,63.0,54,5.7,3,71,Synthetic/Demo,22.08,37.78
A3136,29,81.5,8,13.2,64.9,9.69,265,103.9,79,8.7,6,116,Synthetic/Demo,82.74,79.44
A3137,18,52.6,1,5.1,34.1,7.12,187,62.2,55,5.7,3,69,Synthetic/Demo,25.24,48.01
A3138,29,83.8,8,13.2,61.1,9.65,273,103.0,79,9.0,6,114,Synthetic/Demo,75.29,90.00
A3139,29,83.5,8,13.4,63.3,9.8,269,103.4,79,8.7,6,116,Synthetic/Demo,82.2,87.92
A3140,19,51.3,1,5.2,33.1,7.2,183,64.3,55,5.8,3,69,Synthetic/Demo,22.74,52.11
A3141,19,51.9,1,5.0,31.2,7.17,188,60.7,55,5.9,3,68,Synthetic/Demo,23.01,40.12
A3142,19,52.3,1,4.1,34.1,7.13,180,64.2,56,5.8,3,69,Synthetic/Demo,15.6,56.45
A3143,29,84.5,8,13.7,64.1,9.8,265,106.5,79,9.0,6,114,Synthetic/Demo,83.39,84.91
A3144,19,53.9,1,4.3,32.3,7.2,184,60.9,56,5.8,3,72,Synthetic/Demo,18.23,42.35
A3145,18,52.0,1,4.3,31.1,6.96,187,58.6,54,5.6,3,69,Synthetic/Demo,18.49,36.53
A3146,18,51.8,1,4.4,32.4,7.27,181,60.9,55,5.7,3,71,Synthetic/Demo,22.34,42.38
A3147,29,82.8,8,12.8,64.4,9.74,264,103.9,81,8.9,6,113,Synthetic/Demo,78.87,89.24
A3148,18,51.3,1,4.4,31.4,7.18,187,61.2,54,5.5,3,71,Synthetic/Demo,17.02,39.15
A3149,30,81.1,8,12.8,62.9,9.91,263,106.1,79,8.6,6,115,Synthetic/Demo,80.98,90.00
A3150,29,82.9,8,13.7,64.5,9.94,263,107.6,81,9.0,6,115,Synthetic/Demo,82.24,87.70
A3151,19,50.8,1,4.3,33.5,7.1,187,60.4,54,5.9,3,70,Synthetic/Demo,22.77,42.02
A3152,29,84.5,8,13.8,61.6,9.98,272,105.2,80,8.9,6,115,Synthetic/Demo,80.73,81.43
A3153,29,82.2,8,12.7,64.8,9.72,272,104.7,80,8.9,6,112,Synthetic/Demo,71.78,87.22
A3154,19,51.7,1,4.5,30.4,7.27,188,60.2,54,5.6,3,72,Synthetic/Demo,17.74,39.52
A3155,30,83.8,8,13.1,63.4,9.97,272,103.4,80,8.7,6,112,Synthetic/Demo,77.81,82.50
A3156,29,83.4,8,13.6,61.6,9.83,266,102.3,79,8.9,6,116,Synthetic/Demo,75.63,81.22
A3157,30,82.2,8,13.3,61.3,9.76,267,103.1,80,8.7,6,116,Synthetic/Demo,75.51,90.00
A3158,30,84.4,8,13.5,63.1,9.96,270,104.9,80,8.7,6,116,Synthetic/Demo,82.21,84.69
A3159,19,52.3,1,4.9,33.3,7.15,188,63.8,53,5.8,3,68,Synthetic/Demo,26.41,35.00
A3160,29,84.9,8,12.6,62.4,9.94,266,105.0,80,8.8,6,113,Synthetic/Demo,81.39,81.56
A3161,18,50.8,1,4.9,31.8,7.18,185,62.2,54,5.9,3,69,Synthetic/Demo,19.68,40.62
A3162,29,82.6,8,13.4,62.4,9.95,275,104.2,79,8.9,6,113,Synthetic/Demo,82.39,88.27
A3163,29,82.6,8,12.7,64.1,9.87,269,106.4,81,8.9,6,113,Synthetic/Demo,80.12,88.27
A3164,29,84.2,8,12.8,62.3,9.9,268,106.0,82,8.8,6,111,Synthetic/Demo,78.5,88.60
A3165,30,83.0,8,13.2,64.7,9.75,266,106.5,79,8.7,6,115,Synthetic/Demo,78.85,82.42
A3166,29,81.1,8,13.1,61.3,9.72,268,102.9,79,8.8,6,114,Synthetic/Demo,73.57,86.04
A3167,30,85.0,8,13.5,64.7,9.78,270,106.0,80,8.8,6,115,Synthetic/Demo,81.33,81.79
A3168,19,51.9,1,4.2,31.9,7.0,185,62.9,56,5.9,3,69,Synthetic/Demo,19.92,37.26
A3169,19,50.5,1,5.2,30.6,6.94,187,61.0,54,5.6,3,71,Synthetic/Demo,18.77,35.31
A3170,30,83.4,8,13.4,60.8,9.81,266,105.2,80,9.0,6,112,Synthetic/Demo,79.47,79.32
A3171,19,53.2,1,4.2,32.0,7.0,181,60.5,54,5.8,3,69,Synthetic/Demo,16.38,44.99
A3172,18,51.0,1,4.3,32.4,7.18,185,60.6,54,5.8,3,69,Synthetic/Demo,21.96,43.49
A3173,30,83.3,8,13.6,64.9,9.88,272,105.9,80,8.9,6,113,Synthetic/Demo,79.35,90.00
A3174,18,54.2,1,4.8,34.1,6.96,188,59.8,56,5.8,3,73,Synthetic/Demo,22.41,41.36
A3175,19,54.2,1,4.3,31.5,6.95,182,59.6,55,5.9,3,71,Synthetic/Demo,15.43,43.69
A3176,18,51.6,1,4.3,33.9,7.23,182,64.6,54,5.6,3,72,Synthetic/Demo,20.11,35.00
A3177,30,84.7,8,12.8,62.1,9.96,265,104.7,79,8.9,6,112,Synthetic/Demo,76.63,89.58
A3178,18,53.1,1,4.2,33.3,6.94,187,60.6,56,5.6,3,71,Synthetic/Demo,17.06,40.69
A3179,19,53.6,1,4.6,30.8,6.91,178,59.1,54,5.9,3,69,Synthetic/Demo,21.75,42.44
A3180,19,50.5,1,5.0,32.6,7.05,179,62.9,54,5.6,3,69,Synthetic/Demo,23.48,42.50
A3181,29,83.7,8,13.4,63.9,9.71,267,106.0,81,8.7,6,115,Synthetic/Demo,84.51,80.56
A3182,19,53.5,1,4.5,33.1,7.25,183,62.9,56,5.8,3,70,Synthetic/Demo,23.51,35.00
A3183,29,83.7,8,13.3,62.0,9.82,263,104.0,81,8.9,6,115,Synthetic/Demo,77.56,81.63
A3184,30,82.0,8,13.2,62.3,9.79,265,104.1,79,9.0,6,112,Synthetic/Demo,80.02,87.93
A3185,29,83.0,8,13.3,64.5,9.79,264,106.0,82,9.0,6,115,Synthetic/Demo,80.45,89.36
A3186,30,84.5,8,12.6,64.6,9.81,272,103.6,81,8.9,6,117,Synthetic/Demo,83.96,78.80
A3187,30,85.0,8,12.7,61.9,9.75,272,104.2,82,8.8,6,117,Synthetic/Demo,74.58,80.24
A3188,19,50.7,1,5.0,31.1,6.99,180,59.9,54,5.8,3,71,Synthetic/Demo,22.59,36.31
A3189,18,50.9,1,4.6,32.3,7.09,183,63.6,55,5.6,3,69,Synthetic/Demo,23.61,38.50
A3190,19,51.2,1,5.2,32.5,6.92,189,61.9,55,5.8,3,73,Synthetic/Demo,25.76,35.00
A3191,29,83.1,8,13.0,62.0,9.93,272,104.6,81,8.7,6,116,Synthetic/Demo,78.54,78.13
A3192,29,81.4,8,12.9,62.7,9.77,269,102.7,81,8.9,6,113,Synthetic/Demo,81.55,80.64
A3193,29,85.0,8,12.6,61.4,9.78,272,103.1,80,9.0,6,115,Synthetic/Demo,84.91,85.18
A3194,19,53.2,1,4.5,34.4,7.09,179,63.9,55,5.7,3,69,Synthetic/Demo,20.81,35.55
A3195,29,84.7,8,12.6,62.4,9.99,268,104.5,81,8.6,6,114,Synthetic/Demo,75.31,84.46
A3196,19,53.6,1,4.1,32.0,6.92,181,60.4,56,5.7,3,70,Synthetic/Demo,12.61,44.75
A3197,19,51.1,1,4.6,31.3,6.92,181,60.2,55,5.8,3,72,Synthetic/Demo,20.95,35.00
A3198,30,84.0,8,13.0,64.3,9.72,265,105.7,80,8.9,6,112,Synthetic/Demo,76.12,84.45
A3199,29,84.8,8,13.3,61.1,9.85,264,103.7,81,8.8,6,113,Synthetic/Demo,79.12,90.00
A3200,29,83.5,8,13.0,62.8,9.85,267,105.0,79,8.8,6,116,Synthetic/Demo,82.13,83.10
A3201,19,53.9,1,5.0,31.5,7.25,189,63.3,56,5.7,3,73,Synthetic/Demo,21.65,39.30
A3202,29,82.8,8,13.5,62.2,9.75,265,105.9,79,8.6,6,111,Synthetic/Demo,82.61,90.00
A3203,18,51.4,1,4.4,30.4,7.16,189,60.3,54,5.8,3,68,Synthetic/Demo,19.23,37.99
A3204,19,52.4,1,4.2,31.6,7.15,189,59.4,54,5.8,3,71,Synthetic/Demo,22.29,45.62
A3205,30,83.0,8,12.8,64.0,9.72,269,104.4,80,8.8,6,111,Synthetic/Demo,77.47,87.21
A3206,29,81.4,8,13.5,61.2,9.87,264,104.9,80,9.0,6,113,Synthetic/Demo,79.46,83.46
A3207,19,52.3,1,4.3,34.3,7.16,189,62.8,56,5.5,3,72,Synthetic/Demo,18.37,43.84
A3208,19,51.0,1,4.5,31.4,6.95,179,61.7,56,5.9,3,69,Synthetic/Demo,22.19,41.49
A3209,29,81.8,8,13.7,62.2,9.7,272,103.4,79,8.7,6,113,Synthetic/Demo,82.72,89.99
A3210,18,53.9,1,4.5,34.3,7.0,183,63.5,54,5.8,3,72,Synthetic/Demo,23.06,38.45
A3211,19,51.1,1,5.3,32.7,7.17,187,63.6,54,5.8,3,72,Synthetic/Demo,26.2,42.40
A3212,30,81.7,8,13.6,62.5,9.88,270,106.6,79,8.7,6,112,Synthetic/Demo,78.58,85.30
A3213,29,84.4,8,13.6,62.0,9.83,273,103.4,79,9.0,6,112,Synthetic/Demo,85.73,88.94
A3214,18,50.6,1,4.6,30.8,7.06,180,63.9,53,5.7,3,72,Synthetic/Demo,25.01,35.00
A3215,29,84.4,8,13.7,61.9,9.97,272,104.2,79,8.8,6,115,Synthetic/Demo,83.64,90.00
A3216,19,52.9,1,4.9,30.6,7.17,181,60.6,54,5.9,3,68,Synthetic/Demo,26.05,42.88
A3217,29,81.5,8,13.7,64.2,9.8,272,105.5,80,9.0,6,116,Synthetic/Demo,77.57,79.45
A3218,30,81.7,8,13.0,63.7,9.99,268,106.3,81,8.7,6,117,Synthetic/Demo,80.39,90.00
A3219,18,50.6,1,4.3,30.9,7.0,182,60.3,54,5.7,3,73,Synthetic/Demo,16.02,50.12
A3220,18,52.0,1,5.2,32.4,7.14,183,62.2,54,5.5,3,72,Synthetic/Demo,23.86,45.93
A3221,19,50.2,1,4.7,34.3,6.92,187,63.8,54,5.7,3,72,Synthetic/Demo,18.07,48.24
A3222,29,82.4,8,12.7,64.1,9.94,271,106.0,82,8.7,6,116,Synthetic/Demo,83.25,86.03
A3223,29,81.4,8,13.0,64.0,9.8,266,104.9,79,8.6,6,113,Synthetic/Demo,85.35,76.58
A3224,19,51.1,1,5.3,32.5,6.98,184,61.1,54,5.5,3,72,Synthetic/Demo,22.81,35.00
A3225,19,52.9,1,4.4,32.0,6.95,187,61.5,55,5.6,3,70,Synthetic/Demo,19.46,41.18
A3226,30,83.3,8,13.4,64.9,9.69,265,105.2,80,8.7,6,113,Synthetic/Demo,79.27,82.60
A3227,18,53.9,1,4.8,33.5,7.22,189,63.4,56,5.9,3,73,Synthetic/Demo,19.57,37.92
A3228,18,53.3,1,4.9,32.6,7.02,188,59.4,55,5.5,3,70,Synthetic/Demo,23.09,39.80
A3229,30,85.0,8,13.1,64.4,9.79,268,105.5,81,9.0,6,117,Synthetic/Demo,84.13,89.18
A3230,29,82.7,8,13.0,61.7,9.64,274,104.5,81,8.8,6,111,Synthetic/Demo,78.23,77.31
A3231,29,83.7,8,13.7,61.0,9.97,271,105.2,81,8.8,6,117,Synthetic/Demo,79.76,83.52
A3232,30,84.8,8,13.3,64.2,9.68,270,106.9,82,8.7,6,113,Synthetic/Demo,75.33,90.00
A3233,30,83.5,8,12.9,62.1,9.88,267,103.7,81,8.9,6,112,Synthetic/Demo,76.93,79.79
A3234,19,50.4,1,4.9,31.1,7.18,187,61.6,54,5.5,3,71,Synthetic/Demo,25.75,44.77
A3235,29,84.1,8,13.1,61.1,9.92,270,103.6,80,9.0,6,113,Synthetic/Demo,76.09,82.72
A3236,19,53.1,1,4.6,32.5,7.05,183,61.5,55,5.7,3,73,Synthetic/Demo,20.73,43.52
A3237,18,53.0,1,5.3,30.4,6.92,178,60.0,55,5.9,3,69,Synthetic/Demo,23.12,45.31
A3238,19,51.9,1,4.2,32.3,7.22,180,61.6,55,5.6,3,72,Synthetic/Demo,16.62,44.14
A3239,19,52.2,1,4.8,33.9,7.17,183,62.9,54,5.7,3,72,Synthetic/Demo,23.07,46.33
A3240,30,84.9,8,12.9,64.9,9.99,271,105.7,80,8.8,6,113,Synthetic/Demo,85.27,80.37
A3241,18,53.0,1,4.3,33.9,7.13,182,61.8,54,5.6,3,73,Synthetic/Demo,21.02,46.19
A3242,18,50.2,1,4.8,31.0,7.22,183,61.0,55,5.8,3,72,Synthetic/Demo,29.09,36.19
A3243,19,53.1,1,4.6,31.0,6.98,179,61.5,54,5.8,3,73,Synthetic/Demo,14.55,41.34
A3244,29,85.0,8,13.4,61.5,9.96,269,104.8,81,8.9,6,111,Synthetic/Demo,84.43,86.82
A3245,19,50.9,1,5.2,31.2,6.98,178,61.2,55,5.7,3,70,Synthetic/Demo,20.19,42.63
A3246,30,82.0,8,13.5,64.3,9.71,266,106.4,81,8.9,6,114,Synthetic/Demo,84.88,87.55
A3247,29,81.2,8,12.6,64.6,9.89,265,106.0,80,8.9,6,111,Synthetic/Demo,83.51,81.02
A3248,29,82.2,8,12.7,63.5,9.82,274,104.1,81,8.7,6,115,Synthetic/Demo,77.09,78.29
A3249,29,84.0,8,12.8,62.3,9.83,275,102.6,79,8.8,6,115,Synthetic/Demo,79.24,89.20
A3250,30,82.8,8,13.8,64.0,9.78,270,103.8,79,8.8,6,117,Synthetic/Demo,76.37,86.82
A3251,19,51.6,1,5.0,33.6,7.0,179,64.6,55,5.8,3,73,Synthetic/Demo,24.61,47.53
A3252,30,84.9,8,13.7,61.7,9.69,274,103.9,82,8.9,6,113,Synthetic/Demo,80.54,85.35
A3253,29,81.5,8,12.9,64.1,9.74,273,103.9,81,8.8,6,113,Synthetic/Demo,81.84,78.04
A3254,19,50.4,1,4.3,31.8,7.2,187,60.2,54,5.8,3,70,Synthetic/Demo,22.67,45.05
A3255,18,51.5,1,4.5,33.9,7.19,181,63.8,55,5.8,3,71,Synthetic/Demo,23.75,39.58
A3256,19,53.2,1,4.2,32.8,6.94,182,63.1,53,5.9,3,71,Synthetic/Demo,20.67,42.06
A3257,19,52.7,1,4.4,33.2,6.96,178,62.6,56,5.7,3,68,Synthetic/Demo,18.15,37.09
A3258,29,82.4,8,13.1,60.9,9.67,270,102.0,80,8.9,6,116,Synthetic/Demo,75.69,90.00
A3259,19,54.1,1,4.1,30.8,7.04,183,61.6,54,5.8,3,71,Synthetic/Demo,22.09,35.37
A3260,29,83.8,8,13.5,64.2,9.66,267,107.4,81,8.6,6,113,Synthetic/Demo,86.39,83.82
A3261,30,81.3,8,12.9,62.6,9.82,274,102.0,81,8.8,6,114,Synthetic/Demo,77.96,85.50
A3262,30,83.1,8,13.7,61.8,9.66,271,105.9,79,8.8,6,115,Synthetic/Demo,80.62,79.91
A3263,18,50.1,1,4.3,31.7,6.99,189,59.4,54,5.6,3,74,Synthetic/Demo,14.76,40.74
A3264,19,52.8,1,4.1,33.5,7.05,180,62.1,53,5.7,3,74,Synthetic/Demo,23.98,48.48
A3265,18,50.9,1,4.7,33.2,6.91,182,63.6,53,5.7,3,69,Synthetic/Demo,23.2,37.59
A3266,19,53.0,1,4.9,33.4,7.02,188,61.3,55,5.6,3,68,Synthetic/Demo,26.47,42.94
A3267,18,51.3,1,4.6,31.4,6.97,184,61.4,55,5.8,3,69,Synthetic/Demo,16.68,35.00
A3268,29,81.3,8,13.4,64.0,9.85,268,106.8,81,8.8,6,114,Synthetic/Demo,81.51,85.57
A3269,19,51.4,1,4.6,33.3,6.97,183,62.2,56,5.7,3,70,Synthetic/Demo,21.23,39.10
A3270,19,52.7,1,5.0,31.6,7.22,178,61.1,55,5.7,3,71,Synthetic/Demo,23.61,36.98
A3271,29,84.1,8,12.8,61.6,9.94,266,104.2,79,9.0,6,116,Synthetic/Demo,79.66,90.00
A3272,30,84.2,8,12.9,63.1,9.87,266,104.1,79,8.8,6,116,Synthetic/Demo,78.13,83.71
A3273,18,53.4,1,4.9,30.9,7.27,180,62.4,56,5.8,3,70,Synthetic/Demo,24.24,40.24
A3274,18,51.0,1,4.4,32.1,7.25,179,63.2,54,5.6,3,72,Synthetic/Demo,23.61,38.52
A3275,29,81.8,8,12.8,61.6,9.73,275,104.3,82,8.7,6,113,Synthetic/Demo,75.11,75.00
A3276,19,51.5,1,4.2,34.1,7.03,185,63.0,56,5.7,3,70,Synthetic/Demo,24.68,35.22
A3277,29,84.3,8,12.9,61.1,9.9,265,101.8,82,9.0,6,113,Synthetic/Demo,82.78,89.66
A3278,19,53.2,1,4.3,33.4,7.05,183,60.5,56,5.9,3,70,Synthetic/Demo,20.61,35.00
A3279,29,84.1,8,12.9,62.9,9.66,266,102.7,79,8.9,6,113,Synthetic/Demo,79.72,80.75
A3280,18,54.1,1,4.5,32.8,7.04,181,61.5,54,5.8,3,69,Synthetic/Demo,22.41,38.31
A3281,19,51.5,1,5.0,32.4,7.18,189,63.0,56,5.7,3,73,Synthetic/Demo,18.62,50.66
A3282,29,81.6,8,13.4,63.1,9.8,264,105.2,82,8.7,6,115,Synthetic/Demo,81.6,89.15
A3283,19,53.7,1,4.9,30.5,7.26,188,60.6,55,5.7,3,70,Synthetic/Demo,13.43,38.22
A3284,30,83.6,8,12.9,63.2,9.81,274,102.7,80,9.0,6,111,Synthetic/Demo,82.35,90.00
A3285,19,50.4,1,5.3,30.8,7.02,189,62.2,56,5.8,3,72,Synthetic/Demo,15.28,37.40
A3286,19,50.5,1,4.4,30.5,6.98,187,60.3,56,5.8,3,70,Synthetic/Demo,22.19,44.52
A3287,18,53.1,1,4.3,32.2,7.23,188,61.8,53,5.5,3,69,Synthetic/Demo,18.98,35.00
A3288,29,84.0,8,12.7,63.9,9.86,269,104.4,80,8.7,6,114,Synthetic/Demo,79.84,90.00
A3289,29,82.4,8,12.8,63.3,9.65,274,104.3,80,8.7,6,111,Synthetic/Demo,77.0,82.55
A3290,30,85.0,8,13.1,62.9,9.9,269,104.3,80,8.7,6,114,Synthetic/Demo,79.9,80.36
A3291,19,51.4,1,4.9,31.1,7.03,182,61.0,56,5.9,3,74,Synthetic/Demo,24.12,39.69
A3292,18,51.6,1,4.3,34.4,7.1,180,63.5,56,5.7,3,70,Synthetic/Demo,14.52,42.32
A3293,18,52.2,1,4.7,33.5,7.25,178,62.0,55,5.7,3,69,Synthetic/Demo,26.62,38.65
A3294,19,51.6,1,4.7,31.0,6.96,185,60.5,55,5.8,3,70,Synthetic/Demo,19.8,42.64
A3295,30,81.9,8,13.1,64.8,9.82,269,107.3,80,8.7,6,115,Synthetic/Demo,78.75,82.93
A3296,30,81.2,8,12.6,64.7,9.8,264,107.2,81,8.8,6,113,Synthetic/Demo,78.72,88.52
A3297,29,83.1,8,12.7,64.9,9.67,274,103.5,82,8.7,6,112,Synthetic/Demo,84.33,87.19
A3298,29,83.0,8,13.1,61.2,9.83,271,103.7,81,8.8,6,113,Synthetic/Demo,76.28,84.54
A3299,19,51.0,1,4.9,32.1,7.12,180,61.5,55,5.8,3,73,Synthetic/Demo,17.8,38.83
A3300,19,52.8,1,4.4,32.5,7.01,179,62.8,54,5.6,3,71,Synthetic/Demo,23.86,40.92
A3301,19,52.9,1,5.3,34.3,6.97,182,62.2,55,5.8,3,69,Synthetic/Demo,23.82,44.57
A3302,18,52.9,1,5.1,31.2,7.2,185,62.5,53,5.7,3,69,Synthetic/Demo,18.67,51.14
A3303,19,50.1,1,4.6,32.3,7.28,183,60.2,53,5.8,3,71,Synthetic/Demo,21.83,45.44
A3304,18,53.9,1,5.0,31.2,6.97,179,61.8,54,5.7,3,73,Synthetic/Demo,17.23,45.05
A3305,19,51.5,1,4.6,32.6,6.94,187,62.0,55,5.8,3,69,Synthetic/Demo,23.07,55.88
A3306,19,53.2,1,4.2,34.1,7.19,181,62.0,55,5.9,3,72,Synthetic/Demo,24.95,44.15
A3307,30,82.6,8,12.8,62.4,9.74,275,101.3,81,8.9,6,115,Synthetic/Demo,79.36,87.30
A3308,30,82.9,8,12.7,64.1,9.78,263,106.2,79,8.8,6,113,Synthetic/Demo,82.73,88.72
A3309,18,51.7,1,5.2,33.5,7.1,185,61.1,55,5.5,3,68,Synthetic/Demo,27.03,35.81
A3310,29,83.9,8,13.3,63.4,9.78,265,103.4,79,8.8,6,114,Synthetic/Demo,81.22,82.91
A3311,29,84.2,8,12.7,61.2,9.84,270,103.6,79,8.8,6,111,Synthetic/Demo,75.23,81.94
A3312,19,53.3,1,4.9,32.7,7.28,185,63.7,53,5.5,3,73,Synthetic/Demo,23.64,45.06
A3313,18,50.4,1,5.1,33.2,7.03,184,62.8,54,5.7,3,74,Synthetic/Demo,27.98,40.23
A3314,19,51.7,1,4.5,33.7,7.03,181,60.3,54,5.5,3,68,Synthetic/Demo,17.46,40.61
A3315,19,50.4,1,4.7,33.0,7.07,184,60.2,53,5.7,3,71,Synthetic/Demo,19.44,45.78
A3316,29,81.6,8,13.7,62.0,9.82,265,104.8,81,8.6,6,111,Synthetic/Demo,82.66,89.34
A3317,30,83.1,8,12.7,64.9,9.8,272,106.7,81,9.0,6,117,Synthetic/Demo,81.2,85.23
A3318,18,53.0,1,4.5,30.5,7.03,186,61.4,54,5.5,3,71,Synthetic/Demo,15.29,35.91
A3319,29,81.7,8,12.6,63.5,9.83,270,104.4,81,8.6,6,117,Synthetic/Demo,82.78,90.00
A3320,29,81.0,8,12.7,61.6,9.89,272,103.1,80,8.8,6,112,Synthetic/Demo,85.73,88.40
A3321,30,82.4,8,13.3,61.3,9.71,268,101.8,79,8.9,6,111,Synthetic/Demo,79.7,76.55
A3322,19,52.8,1,4.8,32.6,7.14,184,61.8,54,5.8,3,70,Synthetic/Demo,18.68,39.66
A3323,19,52.5,1,5.1,31.0,7.18,186,60.7,54,5.6,3,72,Synthetic/Demo,15.6,41.67
A3324,29,83.6,8,13.2,61.0,9.72,268,104.5,80,8.7,6,116,Synthetic/Demo,79.76,88.59
A3325,19,50.9,1,5.2,33.3,7.26,189,63.4,53,5.5,3,70,Synthetic/Demo,26.07,46.46
A3326,29,84.0,8,13.2,61.6,9.72,273,102.9,81,9.0,6,115,Synthetic/Demo,80.17,86.47
A3327,19,50.3,1,4.5,32.0,7.05,184,60.7,56,5.7,3,71,Synthetic/Demo,19.34,43.06
A3328,19,51.5,1,4.2,34.2,6.95,182,61.8,56,5.9,3,70,Synthetic/Demo,18.75,40.99
A3329,29,85.0,8,13.4,61.2,9.88,264,104.9,79,8.7,6,114,Synthetic/Demo,77.69,81.70
A3330,19,52.4,1,4.8,31.4,7.1,185,62.7,55,5.6,3,70,Synthetic/Demo,22.77,39.37
A3331,29,81.8,8,12.9,64.9,9.83,266,105.0,79,8.9,6,112,Synthetic/Demo,85.0,85.40
A3332,29,83.6,8,13.8,63.0,9.95,266,104.4,80,9.0,6,116,Synthetic/Demo,78.37,85.89
A3333,30,83.6,8,12.6,62.0,9.95,270,102.7,80,8.6,6,116,Synthetic/Demo,83.48,75.45
A3334,30,83.2,8,12.8,61.4,9.83,275,102.9,79,8.9,6,112,Synthetic/Demo,80.12,82.83
A3335,19,51.2,1,4.8,31.3,7.21,185,61.0,55,5.8,3,71,Synthetic/Demo,24.66,41.21
A3336,18,52.6,1,4.9,30.6,7.21,179,60.1,56,5.6,3,72,Synthetic/Demo,16.12,38.79
A3337,19,50.9,1,4.3,34.1,7.25,179,65.7,56,5.9,3,73,Synthetic/Demo,19.33,41.08
A3338,18,50.3,1,4.8,33.7,7.27,186,64.2,56,5.6,3,71,Synthetic/Demo,22.25,44.27
A3339,19,50.1,1,4.5,31.1,6.97,179,59.7,54,5.8,3,72,Synthetic/Demo,20.4,35.00
A3340,19,54.1,1,4.2,33.8,7.04,187,61.6,56,5.8,3,71,Synthetic/Demo,25.33,35.00
A3341,19,53.1,1,4.2,30.9,7.23,179,61.6,53,5.7,3,71,Synthetic/Demo,22.17,38.26
A3342,29,82.7,8,12.7,61.0,9.97,264,104.3,79,8.8,6,116,Synthetic/Demo,79.13,88.54
A3343,18,54.2,1,4.8,33.3,6.92,186,62.1,54,5.5,3,71,Synthetic/Demo,17.07,48.79
A3344,18,54.0,1,5.0,32.5,7.05,187,61.0,55,5.8,3,70,Synthetic/Demo,24.32,44.92
A3345,19,53.2,1,4.9,33.9,6.95,188,63.1,54,5.7,3,74,Synthetic/Demo,18.18,35.00
A3346,29,83.3,8,13.4,63.4,9.85,265,106.3,80,8.8,6,113,Synthetic/Demo,87.46,84.42
A3347,29,81.1,8,13.3,62.6,9.86,266,104.9,82,8.8,6,112,Synthetic/Demo,80.46,86.50
A3348,29,82.1,8,13.8,64.1,9.86,271,105.9,81,8.9,6,112,Synthetic/Demo,87.92,86.97
A3349,19,52.5,1,4.6,30.5,7.05,188,60.0,56,5.6,3,69,Synthetic/Demo,19.99,42.43
A3350,19,52.5,1,5.2,32.4,7.06,188,62.1,54,5.8,3,74,Synthetic/Demo,20.68,37.13
A3351,29,82.3,8,13.6,61.5,9.67,267,101.7,80,8.9,6,115,Synthetic/Demo,77.81,85.04
A3352,30,84.9,8,12.9,61.9,9.73,267,102.6,80,8.9,6,116,Synthetic/Demo,77.82,87.02
A3353,29,82.3,8,13.0,61.6,9.76,270,102.9,79,8.6,6,114,Synthetic/Demo,79.82,88.47
A3354,18,52.5,1,4.9,34.0,6.93,183,62.1,53,5.6,3,70,Synthetic/Demo,21.63,36.40
A3355,30,82.1,8,13.1,61.0,9.69,269,101.6,82,8.7,6,115,Synthetic/Demo,75.77,82.76
A3356,29,82.2,8,12.9,64.3,9.83,267,104.0,80,8.9,6,117,Synthetic/Demo,80.65,71.86
A3357,19,52.3,1,4.4,34.4,7.05,183,62.5,56,5.5,3,72,Synthetic/Demo,21.16,37.91
A3358,19,52.1,1,4.7,33.1,7.26,180,63.9,54,5.7,3,72,Synthetic/Demo,16.51,39.14
A3359,18,52.2,1,4.5,32.1,7.03,188,60.1,55,5.6,3,73,Synthetic/Demo,19.93,35.00
A3360,29,84.6,8,12.6,63.9,9.96,274,105.8,79,9.0,6,112,Synthetic/Demo,78.36,86.47
A3361,29,83.5,8,13.6,61.0,9.98,274,104.1,80,8.8,6,116,Synthetic/Demo,76.92,85.28
A3362,18,52.6,1,4.4,33.0,6.91,180,62.4,55,5.5,3,69,Synthetic/Demo,14.85,35.00
A3363,29,83.7,8,13.5,63.2,9.82,273,105.5,81,8.8,6,113,Synthetic/Demo,75.96,86.78
A3364,29,83.9,8,12.8,62.4,9.94,273,103.8,79,8.9,6,112,Synthetic/Demo,75.95,80.47
A3365,30,82.1,8,13.1,63.7,9.66,268,107.2,80,8.8,6,113,Synthetic/Demo,79.12,87.78
A3366,19,50.8,1,4.3,32.1,7.08,187,60.3,55,5.6,3,72,Synthetic/Demo,24.51,35.00
A3367,30,83.5,8,12.9,60.9,9.8,273,103.1,80,8.6,6,117,Synthetic/Demo,76.05,84.86
A3368,18,51.8,1,5.1,32.4,6.98,184,62.7,55,5.7,3,68,Synthetic/Demo,21.72,39.15
A3369,18,52.6,1,4.5,31.2,6.98,186,59.3,56,5.8,3,71,Synthetic/Demo,19.24,41.09
A3370,29,84.7,8,12.8,62.1,9.86,267,102.7,82,8.9,6,116,Synthetic/Demo,79.66,85.69
A3371,30,83.1,8,13.7,63.9,9.96,270,106.9,80,8.7,6,115,Synthetic/Demo,83.15,85.08
A3372,19,50.1,1,5.2,33.3,7.25,182,63.9,54,5.6,3,73,Synthetic/Demo,19.9,35.00
A3373,29,81.9,8,13.5,62.3,9.83,273,104.0,81,8.9,6,116,Synthetic/Demo,84.74,78.10
A3374,30,84.4,8,13.6,61.2,9.79,275,104.2,80,8.7,6,112,Synthetic/Demo,84.99,82.37
A3375,29,82.5,8,13.0,64.0,9.89,271,106.1,81,8.6,6,116,Synthetic/Demo,76.15,85.51
A3376,19,53.6,1,5.0,33.5,6.95,181,61.7,53,5.8,3,71,Synthetic/Demo,18.62,38.03
A3377,18,53.5,1,4.7,32.0,7.13,181,62.6,56,5.7,3,71,Synthetic/Demo,20.14,43.95
A3378,29,84.9,8,13.8,62.1,9.81,268,104.0,81,8.9,6,112,Synthetic/Demo,78.54,84.16
A3379,19,54.0,1,4.6,33.8,7.24,189,63.7,53,5.7,3,73,Synthetic/Demo,23.6,37.39
A3380,29,82.4,8,13.1,64.7,9.81,268,107.6,80,8.8,6,114,Synthetic/Demo,80.47,84.33
A3381,18,52.7,1,5.0,32.4,7.25,189,62.8,56,5.9,3,70,Synthetic/Demo,28.42,43.18
A3382,29,84.5,8,12.6,61.2,9.82,264,102.5,81,8.9,6,114,Synthetic/Demo,82.17,86.12
A3383,19,52.9,1,4.5,31.3,7.23,188,62.3,53,5.7,3,70,Synthetic/Demo,20.81,50.14
A3384,30,83.5,8,13.7,61.6,9.68,265,104.4,81,8.7,6,113,Synthetic/Demo,83.49,81.76
A3385,30,83.1,8,12.7,62.3,9.63,274,103.2,80,9.0,6,112,Synthetic/Demo,81.36,84.34
A3386,29,81.5,8,13.5,62.1,9.82,273,105.8,79,8.9,6,113,Synthetic/Demo,79.39,87.49
A3387,29,84.6,8,12.8,64.9,9.91,265,108.3,81,8.8,6,116,Synthetic/Demo,80.59,85.91
A3388,29,84.2,8,13.6,63.5,9.87,268,106.7,79,8.9,6,112,Synthetic/Demo,83.43,83.39
A3389,29,81.3,8,13.0,62.9,9.99,264,105.9,79,8.9,6,115,Synthetic/Demo,84.92,77.67
A3390,19,52.0,1,4.9,30.7,7.24,188,60.4,55,5.6,3,70,Synthetic/Demo,20.12,38.11
A3391,19,52.8,1,5.0,30.5,6.97,184,60.5,56,5.8,3,73,Synthetic/Demo,14.21,35.06
A3392,30,83.9,8,13.3,64.5,9.93,273,107.1,82,8.6,6,115,Synthetic/Demo,79.9,77.68
A3393,19,53.6,1,4.9,31.0,7.14,186,61.2,55,5.6,3,69,Synthetic/Demo,19.68,36.65
A3394,30,82.1,8,12.9,63.3,9.83,270,106.4,80,8.9,6,116,Synthetic/Demo,80.78,80.38
A3395,19,53.8,1,4.2,33.7,6.97,188,63.4,54,5.7,3,73,Synthetic/Demo,25.83,43.86
A3396,29,81.9,8,13.6,63.2,9.98,267,107.9,79,8.9,6,113,Synthetic/Demo,79.8,89.04
A3397,30,85.0,8,12.7,63.0,9.92,265,105.6,80,9.0,6,116,Synthetic/Demo,82.83,81.17
A3398,19,53.9,1,5.1,31.4,7.18,184,61.0,56,5.9,3,73,Synthetic/Demo,25.45,40.49
A3399,19,51.3,1,4.5,34.0,6.99,188,61.3,56,5.8,3,72,Synthetic/Demo,26.94,35.00
A3400,30,84.4,8,12.7,63.8,9.73,275,104.1,80,8.9,6,112,Synthetic/Demo,78.24,82.79
A3401,19,51.9,1,5.0,31.5,7.18,189,60.6,54,5.8,3,74,Synthetic/Demo,21.68,43.31
A3402,30,84.3,8,13.5,61.2,9.83,266,104.1,81,8.6,6,116,Synthetic/Demo,81.75,89.36
A3403,30,85.2,8,12.6,61.7,9.64,264,102.3,82,8.8,6,115,Synthetic/Demo,78.28,80.90
A3404,30,84.0,8,13.5,63.5,9.95,263,106.7,80,8.7,6,112,Synthetic/Demo,83.25,90.00
A3405,29,82.8,8,13.0,62.8,9.81,268,104.2,81,8.8,6,112,Synthetic/Demo,81.62,77.42
A3406,18,52.6,1,4.8,34.5,7.02,178,64.0,54,5.9,3,70,Synthetic/Demo,15.79,35.22
A3407,19,50.0,1,5.0,33.0,6.99,178,61.4,55,5.9,3,71,Synthetic/Demo,23.82,44.42
A3408,29,81.6,8,13.3,62.3,9.7,265,102.9,81,9.0,6,113,Synthetic/Demo,80.56,90.00
A3409,19,51.4,1,4.2,31.3,6.94,188,59.4,56,5.8,3,70,Synthetic/Demo,16.56,41.84
A3410,19,51.4,1,4.5,30.9,6.98,186,60.9,55,5.9,3,69,Synthetic/Demo,24.81,39.65
A3411,29,85.1,8,13.1,63.1,9.67,270,104.6,82,8.8,6,112,Synthetic/Demo,77.8,74.16
A3412,18,52.7,1,4.5,32.0,7.04,181,61.2,55,5.9,3,73,Synthetic/Demo,18.82,35.00
A3413,18,51.9,1,4.6,30.3,7.17,178,61.8,53,5.5,3,73,Synthetic/Demo,25.88,40.10
A3414,19,52.7,1,4.1,31.5,6.94,180,60.8,53,5.5,3,73,Synthetic/Demo,15.6,37.10
A3415,29,83.1,8,13.4,61.0,9.99,264,106.2,81,8.9,6,114,Synthetic/Demo,80.23,80.00
A3416,30,85.0,8,13.3,62.4,9.67,266,103.8,81,8.6,6,112,Synthetic/Demo,79.3,85.25
A3417,30,81.6,8,13.0,61.2,9.92,267,104.6,79,8.9,6,117,Synthetic/Demo,82.68,85.74
A3418,19,51.1,1,5.1,32.4,7.14,190,63.1,56,5.9,3,74,Synthetic/Demo,21.98,47.00
A3419,18,53.1,1,4.1,31.1,7.0,183,59.4,55,5.6,3,72,Synthetic/Demo,13.55,39.52
A3420,29,82.5,8,12.7,60.9,9.92,272,103.5,82,8.6,6,117,Synthetic/Demo,76.3,90.00
A3421,29,84.3,8,13.4,61.1,9.63,265,104.6,82,8.8,6,117,Synthetic/Demo,77.41,84.95
A3422,29,82.7,8,13.2,61.6,9.76,267,104.4,80,8.6,6,115,Synthetic/Demo,79.29,84.10
A3423,29,84.5,8,12.7,64.1,9.85,270,103.8,80,8.9,6,112,Synthetic/Demo,81.92,90.00
A3424,29,85.2,8,13.3,64.2,9.72,264,106.4,81,8.7,6,117,Synthetic/Demo,83.2,80.76
A3425,18,52.4,1,5.1,30.4,7.23,178,62.4,56,5.6,3,69,Synthetic/Demo,16.11,54.62
A3426,19,51.4,1,4.8,32.4,6.93,184,59.6,56,5.8,3,69,Synthetic/Demo,22.66,42.04
A3427,19,50.5,1,5.0,33.2,7.05,184,62.7,54,5.6,3,74,Synthetic/Demo,22.22,43.11
A3428,30,85.2,8,12.8,62.0,9.79,269,104.3,80,8.8,6,112,Synthetic/Demo,83.53,87.60
A3429,29,82.9,8,12.7,61.6,9.68,268,103.9,81,8.7,6,113,Synthetic/Demo,79.45,90.00
A3430,29,83.1,8,13.2,63.8,9.7,264,105.1,79,8.9,6,113,Synthetic/Demo,85.0,89.10
A3431,29,82.3,8,12.8,64.9,9.73,272,105.4,81,8.8,6,117,Synthetic/Demo,81.92,77.42
A3432,19,51.9,1,4.8,33.9,7.22,180,61.5,56,5.8,3,73,Synthetic/Demo,26.6,49.01
A3433,18,51.7,1,4.3,31.6,7.1,181,61.8,56,5.8,3,71,Synthetic/Demo,21.33,38.32
A3434,29,81.9,8,13.6,62.3,9.96,267,104.7,82,8.7,6,113,Synthetic/Demo,81.52,86.06
A3435,29,84.1,8,13.2,64.4,9.7,264,106.3,79,8.6,6,114,Synthetic/Demo,88.76,78.81
A3436,18,50.7,1,4.7,30.5,6.94,189,58.6,54,5.5,3,72,Synthetic/Demo,19.63,41.28
A3437,18,51.5,1,4.7,33.6,7.25,181,63.7,54,5.7,3,70,Synthetic/Demo,24.81,38.15
A3438,29,84.5,8,12.7,63.4,9.7,272,104.3,80,8.9,6,116,Synthetic/Demo,75.41,85.57
A3439,19,50.1,1,4.7,34.3,7.12,187,62.7,54,5.8,3,70,Synthetic/Demo,18.24,40.13
A3440,18,51.2,1,5.3,31.7,7.12,182,59.1,56,5.6,3,74,Synthetic/Demo,21.28,50.21
A3441,18,52.8,1,4.4,32.8,7.15,178,61.1,54,5.5,3,72,Synthetic/Demo,21.14,49.90
A3442,29,81.8,8,12.6,63.4,9.89,275,104.7,79,8.8,6,115,Synthetic/Demo,77.94,85.33
A3443,19,51.3,1,4.2,31.4,7.11,181,59.6,53,5.8,3,72,Synthetic/Demo,19.48,39.87
A3444,19,52.1,1,4.8,32.3,6.95,188,61.0,55,5.6,3,72,Synthetic/Demo,23.93,38.53
A3445,18,51.8,1,4.9,33.5,6.97,184,61.6,55,5.9,3,73,Synthetic/Demo,23.23,46.61
A3446,29,84.8,8,13.2,61.4,9.78,275,104.6,79,8.7,6,114,Synthetic/Demo,75.59,83.31
A3447,18,54.0,1,4.7,33.8,7.14,189,60.8,56,5.7,3,71,Synthetic/Demo,20.42,39.31
A3448,29,83.0,8,13.8,65.0,9.76,272,106.2,79,9.0,6,117,Synthetic/Demo,80.84,90.00
A3449,30,84.5,8,12.8,64.1,9.71,265,104.6,81,8.8,6,114,Synthetic/Demo,79.41,82.58
A3450,30,82.6,8,13.4,64.1,9.92,272,107.4,79,8.8,6,116,Synthetic/Demo,81.64,86.06
A3451,18,52.0,1,4.6,31.8,6.94,180,61.4,54,5.9,3,69,Synthetic/Demo,18.62,35.00
A3452,30,84.5,8,12.9,62.8,9.77,272,105.0,81,8.9,6,113,Synthetic/Demo,76.09,88.93
A3453,29,81.3,8,13.4,61.2,9.64,264,103.1,80,8.6,6,112,Synthetic/Demo,78.75,90.00
A3454,30,83.5,8,13.5,61.1,9.91,267,104.4,79,8.7,6,116,Synthetic/Demo,78.99,88.93
A3455,18,51.9,1,5.2,30.5,7.25,187,61.4,55,5.6,3,73,Synthetic/Demo,11.65,48.25
A3456,29,81.0,8,13.5,60.8,9.66,264,103.6,82,8.8,6,113,Synthetic/Demo,85.54,80.29
A3457,29,85.2,8,12.8,63.7,9.68,265,105.3,81,8.7,6,116,Synthetic/Demo,83.42,86.24
A3458,19,54.2,1,5.1,32.0,7.12,179,62.8,55,5.6,3,70,Synthetic/Demo,20.8,36.54
A3459,19,51.1,1,4.7,32.4,7.05,186,63.2,55,5.5,3,70,Synthetic/Demo,20.41,39.42
A3460,30,81.8,8,13.2,64.9,9.72,265,106.9,82,9.0,6,112,Synthetic/Demo,79.32,89.76
A3461,18,50.9,1,4.8,31.4,6.97,188,60.7,55,5.8,3,71,Synthetic/Demo,24.05,40.44
A3462,19,52.1,1,4.9,31.8,7.16,188,60.9,56,5.7,3,73,Synthetic/Demo,25.73,35.00
A3463,19,53.3,1,5.2,31.1,7.27,185,62.6,54,5.5,3,71,Synthetic/Demo,21.98,35.00
A3464,18,52.2,1,5.2,33.2,7.0,179,61.2,53,5.7,3,69,Synthetic/Demo,25.21,35.00
A3465,29,84.1,8,13.1,64.7,9.86,274,105.1,81,8.9,6,112,Synthetic/Demo,82.21,88.31
A3466,29,82.0,8,13.8,61.3,9.72,267,104.6,79,8.9,6,113,Synthetic/Demo,76.91,90.00
A3467,29,82.9,8,13.6,62.1,9.87,268,106.1,81,8.7,6,113,Synthetic/Demo,80.42,90.00
A3468,29,81.6,8,12.6,64.4,9.81,272,104.6,81,8.8,6,117,Synthetic/Demo,80.4,75.77
A3469,19,51.6,1,5.1,30.7,6.96,186,61.0,56,5.7,3,69,Synthetic/Demo,17.84,47.30
A3470,30,81.3,8,13.3,62.4,9.66,274,103.3,82,9.0,6,115,Synthetic/Demo,78.39,89.96
A3471,30,85.1,8,13.0,63.4,9.66,270,106.6,79,8.8,6,114,Synthetic/Demo,80.26,77.64
A3472,29,85.2,8,13.6,63.2,9.85,270,106.5,80,8.7,6,112,Synthetic/Demo,82.03,84.25
A3473,19,53.8,1,4.5,31.3,7.11,189,60.9,54,5.7,3,70,Synthetic/Demo,19.14,45.85
A3474,19,53.1,1,4.3,33.6,7.07,181,62.9,54,5.6,3,69,Synthetic/Demo,17.97,43.33
A3475,30,81.5,8,13.5,63.9,9.85,273,105.3,81,8.9,6,112,Synthetic/Demo,79.9,79.41
A3476,19,51.0,1,4.6,30.8,6.99,184,59.7,56,5.5,3,74,Synthetic/Demo,13.92,42.53
A3477,18,52.2,1,4.2,30.9,7.01,182,60.8,55,5.6,3,70,Synthetic/Demo,21.1,35.00
A3478,29,83.7,8,13.5,62.3,9.86,273,105.6,80,8.8,6,113,Synthetic/Demo,74.79,84.44
A3479,18,52.5,1,5.1,33.2,7.17,184,63.5,56,5.7,3,71,Synthetic/Demo,26.06,47.57
A3480,18,50.3,1,5.0,31.3,6.94,186,59.7,55,5.8,3,71,Synthetic/Demo,23.18,39.83
A3481,30,82.4,8,12.7,64.6,9.73,267,105.7,81,8.6,6,113,Synthetic/Demo,79.78,82.65
A3482,30,81.6,8,13.3,61.2,9.97,269,105.2,79,8.8,6,113,Synthetic/Demo,73.18,89.75
A3483,18,54.0,1,5.2,31.8,7.01,184,62.6,53,5.7,3,74,Synthetic/Demo,19.91,45.81
A3484,19,50.0,1,4.8,34.0,7.27,184,64.5,54,5.7,3,71,Synthetic/Demo,23.3,48.68
A3485,18,51.1,1,4.8,32.4,7.27,188,62.6,55,5.9,3,72,Synthetic/Demo,18.65,46.07
A3486,29,82.3,8,13.3,64.7,9.78,269,107.5,82,8.9,6,117,Synthetic/Demo,81.01,90.00
A3487,29,81.8,8,12.8,64.1,9.96,270,106.7,81,8.6,6,116,Synthetic/Demo,86.11,89.23
A3488,29,85.0,8,12.7,61.2,9.96,273,103.6,81,8.8,6,116,Synthetic/Demo,80.62,86.41
A3489,29,81.5,8,12.8,60.9,9.9,267,102.4,79,8.6,6,111,Synthetic/Demo,75.96,84.53
A3490,29,81.2,8,13.6,61.4,9.83,269,104.7,81,8.9,6,113,Synthetic/Demo,76.01,84.04
A3491,29,84.8,8,12.6,62.2,9.97,265,104.3,79,8.8,6,114,Synthetic/Demo,79.42,78.89
A3492,29,84.0,8,13.5,61.8,9.95,272,105.9,80,8.8,6,112,Synthetic/Demo,80.85,80.84
A3493,29,82.8,8,12.7,62.4,9.94,273,103.3,81,8.8,6,112,Synthetic/Demo,80.85,83.56
A3494,19,52.9,1,5.2,34.2,7.24,187,62.6,55,5.8,3,71,Synthetic/Demo,21.77,44.05
A3495,30,84.2,8,13.5,64.0,9.8,274,103.6,81,8.7,6,117,Synthetic/Demo,82.24,90.00
A3496,19,52.9,1,4.4,33.5,7.18,186,63.5,55,5.7,3,72,Synthetic/Demo,27.18,41.42
A3497,29,83.9,8,12.8,62.8,9.79,274,105.3,82,8.9,6,116,Synthetic/Demo,81.86,90.00
A3498,18,51.4,1,4.9,34.0,7.24,179,65.7,54,5.6,3,71,Synthetic/Demo,24.12,47.28
A3499,30,85.1,8,13.4,61.3,9.85,273,106.2,79,8.7,6,116,Synthetic/Demo,79.69,84.41
A3500,29,85.2,8,12.9,61.2,9.66,273,104.3,81,8.8,6,113,Synthetic/Demo,76.83,87.62
A3501,19,51.5,1,4.3,30.6,7.07,181,60.8,56,5.8,3,73,Synthetic/Demo,22.15,38.64
A3502,19,50.6,1,4.6,32.3,7.06,187,60.9,55,5.8,3,69,Synthetic/Demo,17.96,47.05
A3503,18,50.5,1,4.5,31.2,6.92,185,59.5,53,5.6,3,74,Synthetic/Demo,17.87,41.95
A3504,29,81.3,8,13.3,64.7,9.67,268,105.7,81,8.9,6,116,Synthetic/Demo,81.88,79.61
A3505,29,82.9,8,12.7,61.6,9.83,270,104.5,79,9.0,6,114,Synthetic/Demo,77.87,85.62
A3506,29,84.0,8,13.6,64.4,9.94,273,105.6,79,8.9,6,114,Synthetic/Demo,79.01,90.00
A3507,29,83.4,8,13.7,62.1,9.98,270,104.3,81,8.7,6,112,Synthetic/Demo,82.65,84.69
A3508,30,82.8,8,12.8,63.9,9.79,271,105.4,79,8.7,6,112,Synthetic/Demo,80.41,87.42
A3509,18,50.6,1,4.5,32.4,7.26,187,60.8,55,5.6,3,72,Synthetic/Demo,21.72,43.27
A3510,30,84.4,8,13.0,64.7,9.94,274,104.2,81,8.8,6,116,Synthetic/Demo,79.67,80.92
A3511,29,84.1,8,13.4,64.3,9.98,270,106.4,79,8.8,6,115,Synthetic/Demo,86.92,88.69
A3512,18,50.2,1,5.1,33.4,7.07,181,63.8,55,5.9,3,72,Synthetic/Demo,20.32,35.00
A3513,19,54.3,1,4.4,33.1,7.27,178,61.8,55,5.7,3,74,Synthetic/Demo,26.92,38.40
A3514,29,85.0,8,13.0,64.3,9.8,273,104.0,81,8.8,6,112,Synthetic/Demo,75.35,90.00
A3515,19,54.2,1,4.3,34.1,7.03,184,60.9,56,5.8,3,73,Synthetic/Demo,21.56,43.00
A3516,29,82.7,8,13.5,63.9,9.95,273,106.1,82,8.9,6,116,Synthetic/Demo,83.91,84.79
A3517,19,52.0,1,4.3,32.1,7.02,187,60.5,56,5.6,3,72,Synthetic/Demo,15.95,42.24
A3518,29,83.6,8,12.8,61.5,9.8,272,102.6,81,8.7,6,116,Synthetic/Demo,79.14,84.33
A3519,29,83.2,8,13.5,63.5,9.75,271,104.9,81,8.8,6,111,Synthetic/Demo,85.15,85.50
A3520,29,81.8,8,13.1,62.6,9.67,267,104.5,80,9.0,6,116,Synthetic/Demo,73.41,88.25
A3521,29,83.4,8,13.7,61.7,9.85,267,104.9,81,8.8,6,111,Synthetic/Demo,83.0,81.71
A3522,18,53.7,1,4.6,30.9,7.19,184,60.3,55,5.6,3,70,Synthetic/Demo,11.94,40.20
A3523,18,50.1,1,4.7,32.4,7.26,188,63.2,55,5.7,3,73,Synthetic/Demo,18.4,39.76
A3524,18,50.6,1,5.0,34.4,7.18,189,64.9,54,5.8,3,71,Synthetic/Demo,28.3,35.00
A3525,29,81.7,8,12.8,61.7,9.98,270,103.2,79,8.6,6,116,Synthetic/Demo,77.54,80.09
A3526,30,84.1,8,13.7,64.8,9.76,268,105.3,79,8.7,6,114,Synthetic/Demo,79.3,90.00
A3527,29,85.2,8,12.7,60.8,9.83,264,103.0,80,8.9,6,115,Synthetic/Demo,78.18,86.49
A3528,29,83.0,8,13.0,63.7,9.68,271,105.1,80,8.8,6,115,Synthetic/Demo,86.32,78.51
A3529,18,52.8,1,4.6,32.6,7.23,183,62.3,54,5.7,3,73,Synthetic/Demo,15.93,35.00
A3530,19,52.7,1,4.8,32.7,7.03,188,63.9,55,5.9,3,70,Synthetic/Demo,18.04,41.06
A3531,18,51.0,1,5.0,30.3,7.1,186,60.8,56,5.8,3,69,Synthetic/Demo,24.04,47.95
A3532,19,52.3,1,4.5,33.0,7.14,184,62.4,53,5.7,3,69,Synthetic/Demo,26.83,39.85
A3533,30,81.6,8,13.1,64.1,9.74,267,105.8,81,8.6,6,112,Synthetic/Demo,80.93,90.00
A3534,18,50.6,1,4.6,32.5,6.93,182,61.5,53,5.6,3,68,Synthetic/Demo,16.25,40.96
A3535,29,83.0,8,13.5,61.1,9.8,272,104.1,79,8.9,6,114,Synthetic/Demo,86.21,87.44
A3536,19,54.2,1,4.4,32.8,7.21,189,60.3,54,5.6,3,74,Synthetic/Demo,24.45,35.00
A3537,18,51.0,1,4.1,33.8,7.21,186,61.7,56,5.7,3,72,Synthetic/Demo,22.56,45.50
A3538,19,51.5,1,4.9,31.6,7.1,188,61.1,54,5.9,3,69,Synthetic/Demo,17.91,39.18
A3539,19,51.1,1,4.6,31.4,7.26,180,62.2,56,5.9,3,72,Synthetic/Demo,21.14,45.56
A3540,29,82.6,8,13.0,60.8,9.95,266,105.1,80,8.7,6,115,Synthetic/Demo,79.57,80.80
A3541,18,51.7,1,4.7,33.3,7.18,188,62.7,54,5.5,3,73,Synthetic/Demo,22.1,41.94
A3542,19,53.0,1,4.3,31.2,7.1,183,60.0,55,5.8,3,70,Synthetic/Demo,23.26,41.70
A3543,29,81.9,8,13.5,61.1,9.82,273,102.4,82,8.8,6,116,Synthetic/Demo,81.54,84.30
A3544,19,54.1,1,4.6,33.1,6.99,188,63.4,54,5.6,3,71,Synthetic/Demo,17.1,43.02
A3545,19,50.2,1,4.3,31.0,7.11,183,60.1,53,5.9,3,72,Synthetic/Demo,23.21,38.37
A3546,18,53.8,1,4.6,34.3,7.1,184,63.8,54,5.7,3,74,Synthetic/Demo,23.06,38.40
A3547,19,53.8,1,4.4,32.8,6.99,179,61.7,56,5.5,3,73,Synthetic/Demo,21.85,48.32
A3548,30,81.7,8,13.2,61.0,9.7,275,104.2,81,8.7,6,112,Synthetic/Demo,82.59,89.98
A3549,30,81.1,8,12.6,64.6,9.79,265,103.6,80,8.6,6,112,Synthetic/Demo,77.17,80.97
A3550,19,52.4,1,5.1,32.6,6.95,181,60.8,56,5.5,3,71,Synthetic/Demo,20.27,43.33
A3551,19,52.7,1,4.1,32.1,7.08,188,59.8,56,5.9,3,68,Synthetic/Demo,16.98,36.45
A3552,30,82.5,8,13.6,62.6,9.73,272,106.8,81,8.6,6,112,Synthetic/Demo,76.28,79.57
A3553,19,52.4,1,4.8,33.7,6.98,180,61.6,53,5.7,3,71,Synthetic/Demo,22.57,45.87
A3554,19,51.8,1,4.1,33.0,6.98,178,60.8,54,5.9,3,72,Synthetic/Demo,27.47,35.00
A3555,19,53.6,1,4.4,31.2,7.01,178,60.1,55,5.9,3,69,Synthetic/Demo,13.88,44.42
A3556,19,54.2,1,4.5,32.9,7.02,179,62.6,55,5.6,3,69,Synthetic/Demo,20.78,39.25
A3557,19,52.8,1,4.1,32.0,7.0,185,62.6,56,5.7,3,73,Synthetic/Demo,20.66,39.21
A3558,18,53.8,1,4.8,30.6,7.08,184,61.6,53,5.5,3,70,Synthetic/Demo,19.86,41.70
A3559,29,83.9,8,12.8,63.9,9.97,272,105.2,80,8.9,6,113,Synthetic/Demo,81.12,88.56
A3560,30,82.6,8,13.2,64.8,9.75,265,104.3,80,8.7,6,113,Synthetic/Demo,77.93,81.26
A3561,29,81.6,8,12.6,64.4,9.72,273,105.4,80,8.9,6,112,Synthetic/Demo,80.89,88.63
A3562,19,53.0,1,5.3,30.7,7.06,182,61.7,56,5.6,3,69,Synthetic/Demo,18.27,41.27
A3563,19,51.4,1,5.2,31.8,7.04,179,62.3,55,5.8,3,72,Synthetic/Demo,15.06,35.00
A3564,19,52.5,1,4.2,33.2,6.91,188,61.1,55,5.6,3,70,Synthetic/Demo,22.13,39.02
A3565,29,85.2,8,13.7,64.0,9.83,266,106.9,79,8.9,6,111,Synthetic/Demo,86.68,90.00
A3566,29,81.1,8,12.7,64.2,9.81,265,106.6,82,8.8,6,113,Synthetic/Demo,81.66,90.00
A3567,29,84.0,8,13.7,61.7,9.99,274,103.4,81,9.0,6,115,Synthetic/Demo,81.76,89.51
A3568,30,82.1,8,13.6,62.8,9.71,275,105.3,80,8.6,6,116,Synthetic/Demo,83.35,79.51
A3569,18,52.5,1,4.4,31.2,7.05,178,61.1,55,5.9,3,73,Synthetic/Demo,20.36,42.34
A3570,29,81.1,8,13.7,63.6,9.85,269,106.6,79,9.0,6,111,Synthetic/Demo,86.11,90.00
A3571,29,84.8,8,13.2,63.3,9.91,272,104.2,79,8.9,6,114,Synthetic/Demo,80.38,89.25
A3572,19,53.8,1,4.7,33.3,7.27,189,61.7,53,5.7,3,69,Synthetic/Demo,25.65,45.59
A3573,19,52.0,1,4.1,31.9,7.05,185,60.2,56,5.8,3,72,Synthetic/Demo,19.35,41.82
A3574,18,50.9,1,4.7,30.9,6.95,182,60.9,54,5.7,3,69,Synthetic/Demo,19.68,38.74
A3575,18,54.1,1,4.7,30.9,7.1,186,61.4,55,5.8,3,73,Synthetic/Demo,15.61,37.53
A3576,19,53.8,1,4.8,33.7,7.13,184,63.4,56,5.7,3,69,Synthetic/Demo,23.09,35.00
A3577,19,51.1,1,5.3,33.0,7.26,187,64.7,56,5.7,3,73,Synthetic/Demo,20.73,44.56
A3578,29,84.5,8,12.8,64.4,9.89,273,105.5,82,8.7,6,112,Synthetic/Demo,79.04,86.53
A3579,18,51.9,1,4.7,32.4,6.94,182,60.9,56,5.6,3,73,Synthetic/Demo,17.0,42.72
A3580,30,82.4,8,12.8,64.0,9.84,269,107.4,81,8.7,6,116,Synthetic/Demo,78.13,78.99
A3581,29,81.3,8,13.1,63.3,9.78,265,105.3,80,8.8,6,114,Synthetic/Demo,87.65,88.29
A3582,30,81.9,8,13.1,62.1,9.88,270,104.6,81,8.7,6,112,Synthetic/Demo,84.18,90.00
A3583,30,82.9,8,12.6,61.4,9.88,270,102.7,81,8.7,6,115,Synthetic/Demo,83.88,85.10
A3584,29,85.1,8,13.4,62.4,9.93,265,105.2,79,8.9,6,115,Synthetic/Demo,78.49,85.33
A3585,30,84.1,8,13.2,62.7,9.93,271,104.9,81,8.8,6,114,Synthetic/Demo,81.21,87.31
A3586,18,52.3,1,4.2,32.9,7.06,185,62.2,56,5.6,3,71,Synthetic/Demo,15.72,50.32
A3587,18,54.1,1,4.6,31.2,7.24,184,61.6,54,5.8,3,69,Synthetic/Demo,18.57,35.50
A3588,19,51.3,1,4.9,31.7,7.1,188,61.9,56,5.6,3,69,Synthetic/Demo,17.29,41.78
A3589,18,51.2,1,5.3,31.8,7.21,188,61.3,55,5.5,3,74,Synthetic/Demo,24.6,37.19
A3590,30,83.1,8,13.6,63.5,9.82,275,105.4,79,8.9,6,115,Synthetic/Demo,80.5,83.29
A3591,29,82.8,8,13.6,62.1,9.81,269,106.6,79,8.9,6,117,Synthetic/Demo,84.87,85.38
A3592,29,84.1,8,13.0,62.3,9.83,274,104.5,81,8.6,6,112,Synthetic/Demo,81.11,90.00
A3593,29,83.4,8,12.8,64.8,9.68,266,104.9,80,8.9,6,113,Synthetic/Demo,88.03,90.00
A3594,29,85.3,8,13.2,64.8,9.84,269,105.8,81,8.6,6,116,Synthetic/Demo,77.49,88.08
A3595,19,53.9,1,4.1,31.8,7.25,185,59.4,53,5.9,3,70,Synthetic/Demo,23.34,38.49
A3596,30,81.8,8,12.7,63.7,9.91,268,104.7,80,8.7,6,116,Synthetic/Demo,84.12,90.00
A3597,19,53.1,1,4.2,31.5,6.95,187,61.1,53,5.9,3,73,Synthetic/Demo,15.34,37.77
A3598,19,51.0,1,5.3,34.3,7.19,186,62.7,55,5.5,3,72,Synthetic/Demo,26.05,39.38
A3599,18,50.7,1,4.6,33.3,6.99,186,62.6,55,5.6,3,69,Synthetic/Demo,21.44,35.00
A3600,19,53.6,1,4.9,30.3,7.21,184,61.8,56,5.6,3,71,Synthetic/Demo,19.33,47.86
A3601,29,85.1,8,13.4,63.9,9.91,267,105.9,81,8.8,6,117,Synthetic/Demo,80.08,90.00
A3602,19,52.0,1,5.2,32.1,6.96,184,62.1,54,5.8,3,73,Synthetic/Demo,18.73,53.17
A3603,19,50.1,1,4.4,32.8,6.94,184,62.6,54,5.7,3,69,Synthetic/Demo,26.11,35.00
A3604,29,81.7,8,13.7,62.8,9.87,271,104.1,81,8.8,6,115,Synthetic/Demo,81.39,90.00
A3605,19,53.3,1,4.5,30.6,7.26,181,61.7,54,5.9,3,69,Synthetic/Demo,23.04,41.03
A3606,19,53.5,1,4.7,32.5,7.12,182,60.7,56,5.7,3,69,Synthetic/Demo,18.29,44.89
A3607,29,81.9,8,13.0,62.1,9.97,273,105.3,79,8.6,6,117,Synthetic/Demo,77.77,76.94
A3608,19,53.0,1,4.8,32.5,7.08,183,61.0,53,5.7,3,73,Synthetic/Demo,23.94,48.15
A3609,19,52.2,1,4.1,31.3,7.05,189,61.2,55,5.5,3,70,Synthetic/Demo,13.63,43.40
A3610,29,84.0,8,13.5,62.4,9.71,265,104.4,80,8.9,6,113,Synthetic/Demo,79.8,84.95
A3611,19,53.2,1,4.6,31.5,7.08,188,59.3,55,5.8,3,68,Synthetic/Demo,19.02,43.45
A3612,30,84.2,8,13.4,61.4,9.66,274,103.2,80,8.8,6,113,Synthetic/Demo,78.92,81.13
A3613,29,85.1,8,13.1,62.5,9.71,266,103.3,79,8.7,6,117,Synthetic/Demo,79.0,81.91
A3614,19,54.1,1,4.9,33.9,7.12,181,64.2,56,5.7,3,72,Synthetic/Demo,24.07,39.97
A3615,19,50.1,1,4.1,31.6,7.06,186,61.8,54,5.8,3,69,Synthetic/Demo,21.04,35.00
A3616,18,50.6,1,4.5,32.3,7.05,184,60.7,53,5.9,3,70,Synthetic/Demo,22.33,44.19
A3617,30,81.9,8,13.3,63.5,9.82,272,105.6,82,8.9,6,112,Synthetic/Demo,78.44,90.00
A3618,30,81.4,8,13.7,62.6,9.82,274,105.4,80,8.6,6,113,Synthetic/Demo,80.16,82.02
A3619,30,82.7,8,13.6,62.6,9.71,271,104.2,80,8.8,6,115,Synthetic/Demo,84.01,87.16
A3620,18,51.5,1,4.3,33.9,7.04,186,61.9,54,5.8,3,71,Synthetic/Demo,23.24,39.18
A3621,30,83.5,8,12.8,63.1,9.71,264,103.7,81,8.8,6,116,Synthetic/Demo,75.58,86.63
A3622,18,53.0,1,5.0,34.2,7.25,189,63.1,56,5.8,3,69,Synthetic/Demo,24.07,39.35
A3623,18,53.6,1,4.4,34.0,7.03,181,63.2,54,5.7,3,70,Synthetic/Demo,15.63,36.27
A3624,19,50.2,1,4.6,33.9,7.02,180,62.4,55,5.7,3,74,Synthetic/Demo,21.53,46.22
A3625,19,51.0,1,5.0,31.1,7.01,183,61.9,54,5.7,3,73,Synthetic/Demo,25.75,40.08
A3626,29,82.5,8,13.0,60.9,9.65,268,104.3,81,8.8,6,116,Synthetic/Demo,75.37,90.00
A3627,19,50.8,1,4.7,32.9,7.05,179,62.3,56,5.8,3,72,Synthetic/Demo,18.84,41.22
A3628,30,84.9,8,13.4,62.4,9.81,274,103.4,81,8.8,6,111,Synthetic/Demo,82.29,80.84
A3629,30,81.4,8,13.6,63.1,9.76,274,105.5,79,8.8,6,115,Synthetic/Demo,76.51,90.00
A3630,29,83.9,8,12.9,61.6,9.89,275,103.8,81,8.7,6,113,Synthetic/Demo,76.86,88.11
A3631,19,53.0,1,4.8,34.2,6.93,188,61.9,56,5.6,3,68,Synthetic/Demo,22.39,44.67
A3632,29,83.7,8,13.4,62.4,9.75,274,105.1,79,8.8,6,112,Synthetic/Demo,78.43,90.00
A3633,30,83.4,8,13.2,61.6,9.89,273,103.7,81,8.9,6,113,Synthetic/Demo,79.06,82.15
A3634,19,51.8,1,5.1,31.4,7.0,186,60.9,55,5.6,3,71,Synthetic/Demo,21.87,39.78
A3635,18,50.5,1,4.1,30.9,7.2,184,59.8,54,5.5,3,69,Synthetic/Demo,19.66,37.93
A3636,29,82.5,8,12.6,64.2,9.9,275,105.0,82,8.8,6,112,Synthetic/Demo,81.1,78.96
A3637,18,51.9,1,4.5,33.6,7.03,189,62.2,54,5.6,3,73,Synthetic/Demo,19.06,39.28
A3638,30,81.4,8,13.2,64.8,9.95,270,106.7,81,8.8,6,115,Synthetic/Demo,84.07,90.00
A3639,19,53.8,1,4.5,34.1,7.15,189,63.3,53,5.9,3,71,Synthetic/Demo,21.54,43.20
A3640,29,84.8,8,13.2,62.2,9.72,270,104.3,79,8.7,6,114,Synthetic/Demo,81.0,78.15
A3641,29,83.2,8,13.5,63.4,9.94,272,105.2,79,8.6,6,113,Synthetic/Demo,80.46,77.81
A3642,19,53.8,1,4.7,33.5,7.15,178,62.9,56,5.8,3,69,Synthetic/Demo,22.08,50.00
A3643,29,82.3,8,13.2,63.2,9.98,271,104.4,81,8.9,6,112,Synthetic/Demo,78.67,85.18
A3644,29,82.9,8,13.5,64.2,9.74,270,107.0,82,8.9,6,116,Synthetic/Demo,82.12,82.80
A3645,19,52.4,1,4.4,32.3,7.28,188,60.0,56,5.7,3,72,Synthetic/Demo,17.35,39.73
A3646,19,52.3,1,4.5,34.1,7.04,180,62.5,56,5.7,3,70,Synthetic/Demo,18.23,35.00
A3647,29,82.8,8,12.8,61.9,9.78,270,103.7,80,8.7,6,111,Synthetic/Demo,79.67,90.00
A3648,19,50.1,1,4.9,34.1,6.95,182,63.9,53,5.8,3,74,Synthetic/Demo,22.92,39.40
A3649,18,53.0,1,4.5,33.6,7.03,184,61.3,56,5.6,3,70,Synthetic/Demo,22.66,47.27
A3650,29,83.8,8,12.7,65.0,9.71,269,105.6,81,8.9,6,112,Synthetic/Demo,79.78,85.59
A3651,18,53.1,1,5.3,34.2,7.12,181,62.1,54,5.7,3,70,Synthetic/Demo,24.66,48.88
A3652,30,82.4,8,12.8,62.8,9.74,267,104.6,81,8.9,6,111,Synthetic/Demo,81.68,86.25
A3653,29,84.4,8,13.3,62.1,9.71,269,104.4,79,8.6,6,114,Synthetic/Demo,81.03,89.05
A3654,30,82.5,8,12.8,62.5,9.79,265,103.4,80,8.6,6,116,Synthetic/Demo,76.86,88.31
A3655,29,82.1,8,12.9,64.1,9.91,269,105.2,79,8.8,6,115,Synthetic/Demo,82.07,88.53
A3656,29,82.0,8,13.4,61.4,9.82,268,104.5,81,8.9,6,111,Synthetic/Demo,81.62,86.77
A3657,19,53.6,1,4.9,30.6,7.13,188,60.8,54,5.7,3,70,Synthetic/Demo,19.48,39.40
A3658,30,84.2,8,13.1,61.3,9.75,264,103.7,81,8.8,6,114,Synthetic/Demo,73.2,90.00
A3659,19,50.5,1,4.7,31.7,7.2,188,61.5,54,5.9,3,71,Synthetic/Demo,21.03,36.53
A3660,18,53.6,1,5.2,33.8,7.27,179,64.2,54,5.9,3,72,Synthetic/Demo,31.4,42.72
A3661,19,51.4,1,5.0,33.3,7.09,183,63.9,55,5.7,3,70,Synthetic/Demo,21.37,41.70
A3662,19,52.6,1,4.5,32.8,7.12,181,62.7,54,5.5,3,71,Synthetic/Demo,18.78,42.59
A3663,29,83.8,8,13.4,64.5,9.8,266,106.6,79,8.9,6,113,Synthetic/Demo,84.34,83.65
A3664,19,52.9,1,5.3,30.7,7.26,186,62.0,54,5.5,3,69,Synthetic/Demo,22.15,42.70
A3665,19,53.2,1,4.6,32.0,6.96,188,60.5,55,5.7,3,74,Synthetic/Demo,22.13,39.58
A3666,18,51.9,1,4.9,32.8,7.21,179,64.5,54,5.7,3,74,Synthetic/Demo,19.25,35.00
A3667,29,82.8,8,13.7,62.4,9.99,273,104.9,81,9.0,6,112,Synthetic/Demo,84.4,86.05
A3668,29,85.3,8,12.7,61.9,9.83,264,102.1,81,8.6,6,114,Synthetic/Demo,80.48,78.95
A3669,30,82.3,8,13.4,61.4,9.97,271,103.4,80,8.8,6,116,Synthetic/Demo,79.88,76.80
A3670,19,52.0,1,4.9,34.4,7.09,187,61.2,56,5.6,3,68,Synthetic/Demo,22.59,42.13
A3671,30,81.9,8,13.7,64.6,9.65,273,106.7,81,8.9,6,111,Synthetic/Demo,85.43,88.42
A3672,29,81.5,8,13.8,63.9,9.68,265,104.5,79,8.9,6,116,Synthetic/Demo,84.94,88.10
A3673,29,84.2,8,12.8,64.9,9.75,274,106.3,81,8.7,6,116,Synthetic/Demo,77.16,88.43
A3674,30,84.0,8,12.9,61.6,9.9,267,103.4,81,8.6,6,113,Synthetic/Demo,81.83,75.23
A3675,19,54.2,1,4.4,33.3,7.22,181,60.9,54,5.8,3,72,Synthetic/Demo,21.22,35.00
A3676,29,82.5,8,12.7,64.1,9.76,265,104.9,79,8.7,6,116,Synthetic/Demo,80.87,90.00
A3677,30,85.0,8,13.2,62.7,9.99,263,107.1,81,9.0,6,116,Synthetic/Demo,83.18,81.00
A3678,19,52.9,1,4.5,32.6,7.12,189,61.1,53,5.6,3,70,Synthetic/Demo,19.37,43.56
A3679,30,81.1,8,13.3,64.2,9.84,265,108.2,81,8.6,6,114,Synthetic/Demo,86.56,82.36
A3680,19,53.1,1,4.7,32.7,7.16,185,60.7,53,5.8,3,74,Synthetic/Demo,20.56,41.63
A3681,29,84.4,8,12.7,64.6,9.64,272,104.8,79,8.7,6,114,Synthetic/Demo,76.36,81.76
A3682,29,83.9,8,13.3,61.9,9.67,273,104.2,80,8.7,6,116,Synthetic/Demo,77.68,87.72
A3683,19,53.0,1,4.9,33.7,7.2,187,63.9,55,5.7,3,71,Synthetic/Demo,23.11,43.01
A3684,18,53.3,1,4.9,32.0,6.97,188,62.1,54,5.5,3,70,Synthetic/Demo,23.32,37.87
A3685,29,81.3,8,12.7,62.0,9.7,263,103.5,82,8.9,6,115,Synthetic/Demo,80.76,79.21
A3686,30,82.5,8,12.7,62.6,9.65,269,104.7,79,8.9,6,111,Synthetic/Demo,76.73,85.98
A3687,29,83.0,8,12.9,63.0,9.66,274,103.2,81,8.9,6,111,Synthetic/Demo,86.25,78.71
A3688,19,53.4,1,4.3,32.4,7.15,184,60.9,55,5.9,3,70,Synthetic/Demo,20.99,42.97
A3689,19,51.1,1,5.2,33.7,7.09,184,62.9,56,5.8,3,73,Synthetic/Demo,26.38,55.35
A3690,29,85.1,8,13.6,64.1,9.93,274,106.0,80,8.9,6,116,Synthetic/Demo,82.27,90.00
A3691,30,81.4,8,13.6,62.1,9.74,266,104.9,79,8.7,6,117,Synthetic/Demo,82.44,88.80
A3692,18,50.1,1,4.5,31.2,7.08,187,61.1,55,5.6,3,71,Synthetic/Demo,21.28,39.13
A3693,30,83.1,8,13.0,62.6,9.78,272,104.0,79,8.7,6,116,Synthetic/Demo,83.05,75.39
A3694,19,53.6,1,4.1,34.0,6.99,183,61.2,54,5.8,3,68,Synthetic/Demo,23.43,35.00
A3695,29,83.1,8,13.6,63.9,9.78,267,106.6,82,8.8,6,113,Synthetic/Demo,85.24,90.00
A3696,30,84.9,8,12.7,61.6,9.78,268,103.7,80,8.6,6,115,Synthetic/Demo,77.44,80.71
A3697,19,54.1,1,4.7,30.9,6.95,184,59.6,55,5.6,3,71,Synthetic/Demo,16.46,36.16
A3698,29,81.2,8,13.4,62.5,9.64,274,102.6,79,9.0,6,112,Synthetic/Demo,80.39,83.96
A3699,29,81.5,8,13.1,63.4,9.78,266,105.8,82,8.7,6,116,Synthetic/Demo,83.77,79.96
A3700,29,84.2,8,13.2,64.2,9.94,265,106.6,80,8.8,6,116,Synthetic/Demo,82.4,79.82
A3701,29,84.1,8,13.1,61.6,9.86,272,102.2,82,8.9,6,112,Synthetic/Demo,82.25,84.77
A3702,30,81.7,8,13.1,63.1,9.99,269,106.0,80,8.9,6,115,Synthetic/Demo,86.42,81.41
A3703,19,54.1,1,4.7,30.6,7.12,185,60.7,55,5.7,3,68,Synthetic/Demo,16.59,36.55
A3704,30,83.5,8,12.7,62.9,9.69,274,104.2,80,8.9,6,113,Synthetic/Demo,76.29,81.09
A3705,18,50.1,1,4.8,31.6,7.24,186,61.3,56,5.8,3,73,Synthetic/Demo,20.17,43.61
A3706,29,81.6,8,12.9,61.5,9.65,264,102.5,79,8.9,6,114,Synthetic/Demo,79.6,82.97
A3707,19,53.5,1,4.6,31.9,7.07,182,63.3,54,5.7,3,72,Synthetic/Demo,19.1,39.92
A3708,19,51.4,1,5.1,31.2,7.11,182,62.6,56,5.7,3,70,Synthetic/Demo,25.14,43.98
A3709,29,85.0,8,13.5,63.0,9.91,265,105.9,82,9.0,6,113,Synthetic/Demo,84.08,85.32
A3710,29,81.9,8,12.9,64.6,9.85,273,105.2,81,8.8,6,115,Synthetic/Demo,81.16,84.18
A3711,29,84.2,8,12.7,62.8,10.0,274,106.0,79,8.6,6,112,Synthetic/Demo,76.19,87.58
A3712,18,52.1,1,4.7,32.5,6.99,181,64.3,53,5.5,3,71,Synthetic/Demo,17.14,43.44
A3713,29,81.0,8,12.6,62.8,9.9,272,103.4,81,9.0,6,111,Synthetic/Demo,80.54,84.19
A3714,18,52.8,1,5.2,31.8,7.01,181,62.0,56,5.8,3,71,Synthetic/Demo,14.76,41.30
A3715,19,52.4,1,4.7,33.8,7.21,185,62.7,56,5.8,3,72,Synthetic/Demo,25.21,38.25
A3716,19,50.9,1,4.1,32.0,7.26,182,61.5,54,5.7,3,74,Synthetic/Demo,19.63,36.16
A3717,29,83.4,8,13.8,62.0,9.74,272,107.0,79,8.7,6,112,Synthetic/Demo,91.14,89.23
A3718,19,52.6,1,4.4,32.0,6.94,186,59.6,55,5.7,3,72,Synthetic/Demo,25.05,41.99
A3719,30,81.9,8,13.6,63.3,9.97,273,105.9,79,8.9,6,112,Synthetic/Demo,82.26,88.37
A3720,19,54.0,1,5.2,30.6,7.06,186,59.6,53,5.8,3,74,Synthetic/Demo,19.22,42.14
A3721,29,82.2,8,13.4,61.2,9.74,265,104.9,79,8.7,6,113,Synthetic/Demo,83.22,84.86
A3722,29,83.1,8,13.0,61.7,9.76,271,102.5,80,8.7,6,114,Synthetic/Demo,83.53,88.01
A3723,19,53.3,1,4.9,31.3,7.21,185,60.7,56,5.9,3,70,Synthetic/Demo,15.75,46.06
A3724,19,53.5,1,4.9,32.7,7.1,187,62.1,56,5.7,3,70,Synthetic/Demo,15.55,46.06
A3725,19,52.5,1,5.2,32.9,6.95,179,61.5,54,5.8,3,72,Synthetic/Demo,19.84,40.54
A3726,19,50.0,1,5.2,32.7,6.95,184,62.4,56,5.8,3,73,Synthetic/Demo,22.87,48.22
A3727,30,81.4,8,12.6,64.9,9.69,268,106.5,79,8.9,6,115,Synthetic/Demo,82.61,86.45
A3728,30,81.2,8,12.8,63.7,9.9,271,106.5,79,8.7,6,113,Synthetic/Demo,84.5,88.55
A3729,29,82.1,8,13.8,64.7,9.94,272,107.7,81,8.6,6,114,Synthetic/Demo,80.21,87.75
A3730,19,52.6,1,4.1,34.0,7.05,182,62.1,56,5.5,3,72,Synthetic/Demo,13.17,41.74
A3731,19,54.2,1,4.6,32.5,7.25,185,62.7,55,5.6,3,70,Synthetic/Demo,23.87,37.77
A3732,29,83.4,8,13.1,62.2,9.95,265,102.9,79,9.0,6,113,Synthetic/Demo,78.65,88.65
A3733,19,52.8,1,4.8,30.3,7.14,183,59.0,55,5.8,3,70,Synthetic/Demo,13.12,54.35
A3734,30,83.8,8,12.7,63.0,9.8,274,104.5,80,8.9,6,114,Synthetic/Demo,79.87,83.42
A3735,19,53.9,1,5.1,32.0,7.02,178,60.7,53,5.8,3,69,Synthetic/Demo,23.8,40.94
A3736,29,81.3,8,13.2,64.8,9.67,271,104.2,79,8.6,6,112,Synthetic/Demo,80.42,82.68
A3737,29,84.7,8,13.3,63.2,9.71,272,104.3,79,8.7,6,112,Synthetic/Demo,78.89,82.62
A3738,29,83.4,8,13.0,64.5,9.8,271,106.4,81,8.7,6,115,Synthetic/Demo,80.87,90.00
A3739,30,83.8,8,13.5,63.9,9.77,272,104.1,79,8.7,6,117,Synthetic/Demo,79.92,82.34
A3740,18,50.5,1,4.5,31.6,7.07,183,62.3,55,5.5,3,71,Synthetic/Demo,15.54,37.25
A3741,19,50.3,1,4.8,33.7,6.95,184,61.3,56,5.8,3,70,Synthetic/Demo,18.67,35.00
A3742,18,52.9,1,4.2,31.0,7.06,182,59.1,56,5.6,3,70,Synthetic/Demo,19.44,35.19
A3743,19,51.8,1,4.1,33.5,7.23,187,62.9,54,5.6,3,72,Synthetic/Demo,21.69,35.00
A3744,18,53.1,1,4.6,32.4,7.26,182,61.6,55,5.9,3,72,Synthetic/Demo,22.09,44.48
A3745,18,50.5,1,5.1,30.6,7.0,187,61.5,55,5.6,3,71,Synthetic/Demo,16.24,53.86
A3746,18,52.6,1,4.1,34.4,7.02,179,60.8,56,5.7,3,70,Synthetic/Demo,19.97,38.28
A3747,18,51.9,1,5.1,33.4,6.91,181,62.7,54,5.5,3,73,Synthetic/Demo,14.78,35.00
A3748,29,84.3,8,13.7,64.4,9.85,270,104.9,81,8.9,6,114,Synthetic/Demo,83.34,90.00
A3749,29,81.1,8,13.5,63.9,9.9,271,104.5,80,8.6,6,116,Synthetic/Demo,85.99,81.92
A3750,29,81.1,8,13.5,61.4,9.69,267,104.4,80,9.0,6,116,Synthetic/Demo,75.71,90.00
A3751,19,53.6,1,5.2,34.2,7.02,186,64.3,55,5.8,3,69,Synthetic/Demo,21.26,40.96
A3752,19,52.7,1,4.8,33.4,6.94,185,62.1,56,5.8,3,73,Synthetic/Demo,21.56,38.15
A3753,29,84.3,8,13.1,63.6,9.82,272,105.5,81,8.8,6,114,Synthetic/Demo,84.66,84.69
A3754,29,84.0,8,13.2,62.0,9.77,274,103.6,81,9.0,6,115,Synthetic/Demo,77.99,89.08
A3755,18,51.2,1,5.1,34.5,7.1,180,63.2,56,5.6,3,72,Synthetic/Demo,21.09,40.55
A3756,30,84.8,8,13.5,64.7,9.8,265,106.1,82,8.8,6,114,Synthetic/Demo,77.12,83.71
A3757,29,82.1,8,13.3,63.3,9.8,267,106.1,80,8.9,6,112,Synthetic/Demo,82.33,84.41
A3758,29,84.9,8,12.9,62.1,9.64,265,103.1,82,8.9,6,114,Synthetic/Demo,84.94,78.32
A3759,29,84.9,8,13.6,64.6,9.75,272,105.8,80,8.9,6,111,Synthetic/Demo,83.39,87.92
A3760,30,82.9,8,13.4,64.2,9.63,266,104.3,79,8.8,6,112,Synthetic/Demo,81.36,76.28
A3761,30,81.4,8,12.9,61.2,9.97,265,105.0,81,8.7,6,113,Synthetic/Demo,81.26,82.77
A3762,19,50.8,1,4.5,33.9,6.94,184,62.4,53,5.6,3,69,Synthetic/Demo,20.66,43.95
A3763,29,82.4,8,13.8,64.9,9.7,265,107.8,79,8.9,6,112,Synthetic/Demo,81.78,87.43
A3764,19,51.5,1,4.7,32.4,7.25,185,61.9,54,5.7,3,71,Synthetic/Demo,23.83,44.17
A3765,30,81.7,8,12.7,64.7,9.65,272,105.9,81,8.7,6,113,Synthetic/Demo,80.72,84.84
A3766,30,83.3,8,12.6,64.9,9.96,266,104.7,80,9.0,6,115,Synthetic/Demo,82.21,90.00
A3767,18,52.7,1,5.1,33.8,7.14,181,62.3,54,5.6,3,73,Synthetic/Demo,19.76,46.11
A3768,29,81.4,8,12.8,64.9,9.86,274,105.2,80,8.9,6,115,Synthetic/Demo,85.13,87.83
A3769,30,82.6,8,13.6,61.4,9.87,269,104.2,80,8.7,6,114,Synthetic/Demo,82.59,89.96
A3770,19,51.9,1,5.2,31.8,6.99,189,62.1,55,5.9,3,70,Synthetic/Demo,18.89,45.04
A3771,29,83.0,8,13.6,62.0,9.94,263,105.9,80,8.8,6,115,Synthetic/Demo,85.52,83.39
A3772,29,84.6,8,12.7,62.8,9.71,264,102.3,81,8.6,6,117,Synthetic/Demo,77.08,77.77
A3773,19,53.5,1,4.8,30.5,6.96,189,60.0,54,5.9,3,71,Synthetic/Demo,15.94,42.25
A3774,19,53.8,1,4.6,31.2,7.05,179,62.2,54,5.5,3,72,Synthetic/Demo,17.57,42.74
A3775,18,51.1,1,5.2,31.8,7.07,184,61.9,53,5.9,3,71,Synthetic/Demo,16.2,46.28
A3776,29,83.9,8,12.8,62.6,9.8,268,103.0,81,8.7,6,113,Synthetic/Demo,80.64,80.03
A3777,18,52.0,1,5.2,32.9,7.12,184,61.9,54,5.9,3,73,Synthetic/Demo,16.74,37.10
A3778,29,82.4,8,12.7,63.3,9.9,272,104.4,80,8.9,6,116,Synthetic/Demo,76.49,87.60
A3779,19,54.2,1,5.1,31.1,7.08,189,61.7,54,5.6,3,71,Synthetic/Demo,13.63,40.58
A3780,29,83.2,8,13.0,61.4,9.88,264,106.0,79,8.9,6,115,Synthetic/Demo,80.66,75.63
A3781,19,54.3,1,5.0,34.2,7.1,180,62.4,56,5.6,3,73,Synthetic/Demo,22.06,43.91
A3782,18,50.7,1,4.5,32.7,7.22,187,61.5,56,5.6,3,68,Synthetic/Demo,19.56,35.00
A3783,29,81.1,8,12.9,62.4,9.98,272,106.0,79,8.9,6,113,Synthetic/Demo,77.98,80.58
A3784,29,81.1,8,12.8,63.4,9.67,264,104.5,79,8.8,6,113,Synthetic/Demo,76.74,90.00
A3785,29,83.6,8,13.3,63.2,9.87,267,107.6,82,8.9,6,112,Synthetic/Demo,83.97,90.00
A3786,30,84.4,8,12.7,61.1,9.96,267,103.4,82,8.6,6,116,Synthetic/Demo,77.1,78.89
A3787,19,53.7,1,4.3,32.4,7.07,190,61.6,56,5.7,3,69,Synthetic/Demo,20.02,39.01
A3788,29,81.3,8,13.4,62.1,9.68,268,103.4,80,8.7,6,114,Synthetic/Demo,76.93,84.85
A3789,18,51.8,1,4.5,30.4,6.99,181,56.6,56,5.8,3,73,Synthetic/Demo,17.75,47.71
A3790,19,52.6,1,5.2,34.0,7.09,189,63.2,56,5.6,3,73,Synthetic/Demo,25.93,39.91
A3791,18,52.7,1,4.7,32.1,7.17,182,60.9,53,5.5,3,69,Synthetic/Demo,22.46,37.56
A3792,29,82.4,8,13.3,61.6,9.95,268,103.3,82,9.0,6,112,Synthetic/Demo,79.51,90.00
A3793,29,84.0,8,13.8,64.8,9.98,266,107.9,80,8.8,6,116,Synthetic/Demo,85.79,84.77
A3794,19,51.6,1,5.2,33.0,6.98,184,62.3,56,5.8,3,68,Synthetic/Demo,20.95,44.93
A3795,19,50.3,1,4.5,33.2,7.02,182,62.2,53,5.7,3,70,Synthetic/Demo,20.92,35.00
A3796,19,53.7,1,4.2,34.3,7.25,187,61.0,54,5.7,3,69,Synthetic/Demo,20.24,40.46
A3797,19,54.3,1,5.0,32.5,6.96,185,61.2,56,5.7,3,70,Synthetic/Demo,19.73,35.00
A3798,30,82.4,8,13.2,64.5,9.87,274,107.3,79,8.7,6,112,Synthetic/Demo,82.98,80.62
A3799,30,85.0,8,13.3,63.5,10.0,266,104.9,79,8.9,6,117,Synthetic/Demo,79.7,90.00
A3800,29,85.2,8,13.0,63.7,9.97,265,104.7,80,8.6,6,113,Synthetic/Demo,78.8,85.15
A3801,29,82.2,8,13.6,64.0,9.78,267,107.0,80,8.9,6,112,Synthetic/Demo,79.0,84.18
A3802,19,50.2,1,4.7,31.7,7.26,185,61.9,56,5.7,3,69,Synthetic/Demo,16.11,37.24
A3803,19,53.3,1,4.9,33.6,7.02,187,62.4,56,5.8,3,73,Synthetic/Demo,17.49,40.79
A3804,29,85.0,8,13.7,61.0,9.87,269,104.6,82,8.6,6,112,Synthetic/Demo,80.92,86.78
A3805,30,83.6,8,13.3,64.0,9.97,270,105.1,81,9.0,6,114,Synthetic/Demo,79.93,90.00
A3806,30,83.7,8,13.2,63.5,9.79,269,103.8,81,8.8,6,115,Synthetic/Demo,82.17,72.40
A3807,19,52.2,1,4.2,31.8,6.93,185,58.7,54,5.8,3,71,Synthetic/Demo,17.81,35.07
A3808,19,53.0,1,4.9,33.1,6.98,182,63.6,55,5.6,3,73,Synthetic/Demo,15.42,42.03
A3809,30,85.2,8,12.8,61.3,9.67,271,101.0,81,8.7,6,117,Synthetic/Demo,78.65,84.00
A3810,19,53.5,1,4.1,32.6,7.09,183,61.1,56,5.6,3,70,Synthetic/Demo,21.74,42.20
A3811,29,83.7,8,13.8,62.8,9.81,272,104.8,81,9.0,6,115,Synthetic/Demo,78.7,87.29
A3812,30,83.0,8,13.4,61.7,9.65,274,104.6,80,8.6,6,113,Synthetic/Demo,80.11,83.36
A3813,30,83.0,8,13.0,61.0,9.93,273,103.5,80,9.0,6,116,Synthetic/Demo,76.68,82.71
A3814,19,52.4,1,4.8,30.7,7.25,184,60.0,55,5.9,3,72,Synthetic/Demo,20.48,39.77
A3815,29,85.3,8,12.7,61.3,9.8,265,103.5,79,8.6,6,114,Synthetic/Demo,74.9,90.00
A3816,19,50.2,1,4.7,30.4,6.99,180,60.6,53,5.6,3,70,Synthetic/Demo,13.62,35.34
A3817,29,84.4,8,13.7,61.4,9.76,267,103.5,81,8.7,6,117,Synthetic/Demo,78.85,84.87
A3818,29,81.1,8,13.5,60.9,9.79,272,103.4,80,8.8,6,115,Synthetic/Demo,78.89,85.77
A3819,29,84.5,8,13.7,61.9,9.69,264,105.6,80,8.7,6,112,Synthetic/Demo,80.05,90.00
A3820,19,53.1,1,4.6,30.3,6.93,184,61.1,55,5.7,3,74,Synthetic/Demo,14.42,38.26
A3821,19,50.5,1,5.0,30.6,7.01,186,60.7,54,5.6,3,73,Synthetic/Demo,17.74,44.74
A3822,18,51.0,1,4.6,32.2,7.12,183,63.0,53,5.7,3,73,Synthetic/Demo,21.75,46.60
A3823,18,50.8,1,4.5,31.3,7.06,183,61.1,53,5.6,3,70,Synthetic/Demo,19.23,38.90
A3824,29,85.3,8,13.8,65.0,9.91,274,106.6,82,8.8,6,113,Synthetic/Demo,84.11,85.61
A3825,19,51.0,1,5.2,31.4,7.13,187,61.9,56,5.7,3,73,Synthetic/Demo,18.59,39.75
A3826,29,82.1,8,13.3,61.2,9.63,271,102.3,80,8.8,6,115,Synthetic/Demo,81.59,83.15
A3827,19,52.7,1,4.3,33.4,7.03,185,61.1,54,5.6,3,68,Synthetic/Demo,16.4,44.39
A3828,29,83.3,8,13.3,62.5,9.8,266,105.8,79,8.7,6,111,Synthetic/Demo,82.86,86.17
A3829,19,52.9,1,4.6,32.9,7.14,183,59.9,55,5.6,3,70,Synthetic/Demo,23.91,41.77
A3830,19,54.1,1,5.1,32.8,6.98,179,62.0,54,5.7,3,72,Synthetic/Demo,23.06,35.48
A3831,18,52.7,1,5.0,34.1,7.18,182,63.7,53,5.5,3,71,Synthetic/Demo,22.64,36.65
A3832,29,85.2,8,13.0,63.9,9.65,271,105.4,81,8.7,6,114,Synthetic/Demo,78.42,90.00
A3833,19,53.2,1,5.2,32.3,7.18,186,62.3,55,5.9,3,69,Synthetic/Demo,25.3,41.15
A3834,29,81.9,8,13.0,64.0,9.63,270,105.5,79,8.9,6,116,Synthetic/Demo,76.19,81.23
A3835,19,50.1,1,4.4,32.5,7.15,183,61.7,56,5.6,3,73,Synthetic/Demo,17.2,47.73
A3836,19,50.2,1,4.4,32.2,6.92,185,59.4,54,5.6,3,73,Synthetic/Demo,16.89,40.68
A3837,29,84.7,8,13.3,62.9,9.73,272,104.1,80,8.8,6,112,Synthetic/Demo,83.89,88.06
A3838,30,81.9,8,13.4,62.1,9.87,268,104.6,82,8.9,6,112,Synthetic/Demo,82.23,84.84
A3839,30,82.7,8,12.7,61.5,9.86,267,103.8,79,8.6,6,116,Synthetic/Demo,75.98,83.03
A3840,19,54.1,1,5.0,32.1,7.1,185,61.4,56,5.7,3,72,Synthetic/Demo,19.69,40.58
A3841,18,50.1,1,4.1,33.5,7.25,188,61.4,54,5.7,3,69,Synthetic/Demo,18.72,35.00
A3842,19,54.3,1,5.0,32.5,7.09,189,62.5,55,5.9,3,69,Synthetic/Demo,19.13,41.41
A3843,29,82.0,8,13.3,62.2,9.78,269,104.0,81,8.9,6,111,Synthetic/Demo,83.32,86.49
A3844,18,53.6,1,4.2,33.2,6.99,178,61.8,54,5.9,3,71,Synthetic/Demo,16.53,49.39
A3845,19,50.8,1,4.2,30.6,6.94,184,60.0,53,5.5,3,69,Synthetic/Demo,22.11,38.70
A3846,30,83.1,8,13.5,62.5,9.64,268,105.9,80,8.9,6,115,Synthetic/Demo,83.29,73.76
A3847,18,51.6,1,4.3,33.4,7.21,183,62.7,56,5.7,3,72,Synthetic/Demo,24.53,40.56
A3848,29,82.8,8,12.8,64.5,9.88,265,106.3,81,8.8,6,115,Synthetic/Demo,80.72,90.00
A3849,29,85.3,8,13.4,62.9,9.91,266,106.0,79,8.6,6,112,Synthetic/Demo,81.78,89.77
A3850,29,82.9,8,13.4,63.4,9.85,266,105.8,79,8.9,6,116,Synthetic/Demo,78.1,81.60
A3851,18,53.9,1,4.5,32.4,7.01,183,60.0,55,5.5,3,73,Synthetic/Demo,17.41,42.74
A3852,29,82.7,8,13.6,61.4,9.85,264,104.3,79,8.9,6,116,Synthetic/Demo,82.79,81.51
A3853,30,84.2,8,13.1,61.5,9.89,266,102.9,81,8.7,6,115,Synthetic/Demo,83.5,78.31
A3854,29,84.6,8,12.8,62.3,9.91,269,103.4,79,8.8,6,112,Synthetic/Demo,76.64,83.15
A3855,30,83.0,8,13.4,62.1,9.66,264,103.7,81,8.8,6,116,Synthetic/Demo,78.85,85.51
A3856,19,51.6,1,5.2,33.5,6.91,184,63.2,53,5.6,3,72,Synthetic/Demo,21.22,35.00
A3857,29,84.6,8,12.8,63.2,9.65,271,103.5,81,9.0,6,115,Synthetic/Demo,74.84,79.28
A3858,30,84.5,8,13.6,63.0,9.95,271,105.0,79,8.9,6,116,Synthetic/Demo,84.03,86.23
A3859,19,52.2,1,4.4,30.4,7.1,183,59.6,55,5.6,3,72,Synthetic/Demo,15.93,37.44
A3860,19,52.5,1,4.1,32.5,7.23,180,63.0,54,5.6,3,72,Synthetic/Demo,20.29,42.58
A3861,18,52.0,1,4.7,30.8,6.96,185,58.9,55,5.7,3,68,Synthetic/Demo,16.79,35.00
A3862,30,81.0,8,13.6,62.9,9.79,274,105.5,81,8.6,6,113,Synthetic/Demo,78.44,89.08
A3863,29,81.2,8,13.6,61.9,9.94,271,105.6,81,9.0,6,115,Synthetic/Demo,81.72,79.88
A3864,18,51.9,1,4.4,33.5,7.11,184,63.0,56,5.7,3,71,Synthetic/Demo,20.41,49.13
A3865,30,81.6,8,13.7,64.1,9.84,272,105.4,80,8.6,6,112,Synthetic/Demo,81.16,77.21
A3866,29,82.7,8,13.1,64.8,9.87,275,104.9,80,8.7,6,113,Synthetic/Demo,79.19,80.15
A3867,18,53.3,1,4.2,33.0,7.11,184,60.4,56,5.6,3,69,Synthetic/Demo,20.52,42.09
A3868,19,52.7,1,4.1,34.4,7.01,184,62.5,54,5.5,3,68,Synthetic/Demo,25.42,48.53
A3869,19,52.5,1,4.7,31.0,6.95,184,60.4,54,5.7,3,74,Synthetic/Demo,18.97,41.45
A3870,19,51.0,1,4.8,30.5,7.05,185,59.3,55,5.6,3,71,Synthetic/Demo,21.39,42.42
A3871,30,85.2,8,13.5,61.8,9.91,267,103.7,81,8.9,6,116,Synthetic/Demo,76.83,85.87
A3872,29,82.2,8,13.5,62.0,9.68,269,103.5,81,8.9,6,113,Synthetic/Demo,80.36,79.82
A3873,19,54.0,1,5.0,32.1,7.07,185,61.2,55,5.6,3,70,Synthetic/Demo,17.17,38.48
A3874,19,52.8,1,5.1,34.2,7.03,178,62.7,54,5.8,3,73,Synthetic/Demo,18.68,35.79
A3875,19,51.2,1,4.8,32.2,7.04,189,61.2,56,5.9,3,70,Synthetic/Demo,17.72,35.00
A3876,19,52.0,1,4.9,31.6,7.01,178,61.2,56,5.6,3,73,Synthetic/Demo,23.74,42.36
A3877,19,53.6,1,4.6,30.5,7.12,189,58.9,55,5.5,3,71,Synthetic/Demo,20.55,35.00
A3878,29,82.2,8,13.7,62.3,9.81,269,104.5,79,8.8,6,116,Synthetic/Demo,81.98,86.96
A3879,19,52.3,1,5.3,33.1,7.24,184,64.3,54,5.7,3,70,Synthetic/Demo,19.11,35.91
A3880,19,52.9,1,4.9,31.4,7.28,182,62.5,53,5.8,3,73,Synthetic/Demo,21.29,43.00
A3881,18,53.2,1,4.5,33.3,6.94,180,60.9,55,5.7,3,69,Synthetic/Demo,21.17,37.45
A3882,29,81.6,8,13.2,64.7,9.96,271,107.0,81,8.9,6,116,Synthetic/Demo,83.56,90.00
A3883,29,81.8,8,12.9,63.4,9.72,272,105.3,81,8.8,6,112,Synthetic/Demo,74.44,86.61
A3884,18,53.9,1,4.3,31.0,7.15,184,60.4,54,5.8,3,70,Synthetic/Demo,16.47,46.00
A3885,19,54.2,1,5.1,33.5,6.96,187,63.6,56,5.9,3,73,Synthetic/Demo,21.47,38.54
A3886,18,52.8,1,4.7,34.2,7.14,183,63.8,56,5.7,3,70,Synthetic/Demo,24.18,41.95
A3887,29,82.5,8,12.6,61.3,9.65,265,103.2,80,8.7,6,115,Synthetic/Demo,71.11,79.07
A3888,29,84.9,8,12.9,61.2,9.91,268,103.0,81,8.7,6,115,Synthetic/Demo,78.5,82.78
A3889,29,83.4,8,12.8,63.2,9.95,273,103.0,82,8.9,6,111,Synthetic/Demo,80.53,84.01
A3890,19,52.4,1,4.7,30.7,6.94,180,59.0,55,5.8,3,71,Synthetic/Demo,21.07,35.83
A3891,29,85.1,8,13.4,60.8,9.9,265,102.8,79,8.9,6,115,Synthetic/Demo,82.4,78.98
A3892,29,82.1,8,13.3,62.3,9.99,273,105.6,81,9.0,6,117,Synthetic/Demo,83.12,78.87
A3893,19,52.0,1,4.2,33.8,6.91,185,61.0,55,5.9,3,69,Synthetic/Demo,17.27,35.00
A3894,19,53.6,1,4.2,34.3,6.94,183,61.7,56,5.7,3,69,Synthetic/Demo,14.44,35.27
A3895,19,53.3,1,5.1,30.9,7.26,186,63.2,56,5.7,3,71,Synthetic/Demo,20.17,44.96
A3896,30,84.3,8,13.0,62.6,9.93,269,103.3,79,8.8,6,117,Synthetic/Demo,83.32,77.44
A3897,29,83.2,8,13.5,63.5,9.74,272,105.8,79,8.6,6,113,Synthetic/Demo,85.4,78.46
A3898,30,84.5,8,13.8,62.3,9.88,274,104.9,80,8.8,6,114,Synthetic/Demo,83.52,90.00
A3899,19,51.5,1,4.7,32.5,7.0,187,59.6,54,5.6,3,74,Synthetic/Demo,20.3,37.03
A3900,18,52.9,1,4.6,33.4,7.18,178,63.0,55,5.8,3,72,Synthetic/Demo,23.64,42.94
A3901,19,51.1,1,5.2,31.2,7.14,183,60.6,56,5.8,3,69,Synthetic/Demo,19.23,44.16
A3902,29,84.8,8,12.7,62.4,9.92,267,102.0,82,8.9,6,116,Synthetic/Demo,78.96,88.42
A3903,29,83.3,8,12.9,63.0,9.66,272,101.6,82,8.7,6,115,Synthetic/Demo,82.95,77.02
A3904,19,53.3,1,4.8,31.0,7.19,189,60.2,54,5.8,3,69,Synthetic/Demo,16.89,39.60
A3905,29,83.7,8,13.6,64.4,9.66,268,105.2,80,9.0,6,114,Synthetic/Demo,87.07,77.63
A3906,29,83.6,8,12.8,62.5,9.86,273,103.7,82,8.7,6,117,Synthetic/Demo,77.89,90.00
A3907,29,81.1,8,13.0,61.0,9.66,273,100.5,81,8.7,6,114,Synthetic/Demo,80.6,76.03
A3908,19,51.9,1,4.7,30.5,7.26,179,60.4,56,5.5,3,74,Synthetic/Demo,15.59,35.12
A3909,29,83.2,8,12.8,64.9,9.73,268,105.7,82,9.0,6,114,Synthetic/Demo,83.14,80.38
A3910,29,83.5,8,13.3,64.4,9.73,266,106.1,80,8.7,6,115,Synthetic/Demo,79.8,78.00
A3911,19,50.7,1,4.3,34.4,6.98,179,61.2,54,5.7,3,68,Synthetic/Demo,16.84,46.82
A3912,19,50.6,1,4.5,32.4,7.16,180,63.3,54,5.6,3,72,Synthetic/Demo,21.95,52.75
A3913,29,83.8,8,13.6,63.9,9.86,268,104.6,82,8.8,6,113,Synthetic/Demo,85.33,83.48
A3914,19,50.9,1,5.0,34.3,7.18,183,61.9,54,5.7,3,72,Synthetic/Demo,20.34,35.25
A3915,19,50.5,1,4.8,32.4,7.07,179,62.0,56,5.5,3,73,Synthetic/Demo,16.26,35.00
A3916,29,83.8,8,13.0,62.4,9.87,264,103.7,80,8.6,6,112,Synthetic/Demo,80.15,83.52
A3917,19,54.3,1,4.8,34.4,7.07,185,63.6,56,5.8,3,69,Synthetic/Demo,22.2,40.61
A3918,29,83.1,8,13.3,61.5,9.94,273,103.1,82,8.9,6,116,Synthetic/Demo,81.36,82.20
A3919,29,82.2,8,13.3,64.1,10.0,274,106.6,80,9.0,6,112,Synthetic/Demo,85.9,87.28
A3920,29,82.6,8,13.6,61.0,9.92,273,105.7,81,8.7,6,116,Synthetic/Demo,80.27,87.48
A3921,29,82.5,8,13.6,63.7,9.9,265,107.2,81,8.9,6,115,Synthetic/Demo,89.16,87.72
A3922,18,50.6,1,4.7,31.7,6.94,179,60.5,53,5.6,3,72,Synthetic/Demo,20.19,37.49
A3923,19,53.6,1,5.0,34.3,7.11,187,62.6,55,5.6,3,69,Synthetic/Demo,21.21,36.42
A3924,18,52.5,1,5.1,32.3,7.19,186,61.8,55,5.5,3,72,Synthetic/Demo,16.35,44.44
A3925,19,54.0,1,4.1,30.4,6.98,181,59.8,56,5.8,3,71,Synthetic/Demo,16.7,39.35
A3926,19,53.8,1,4.8,31.2,7.03,182,60.3,56,5.8,3,69,Synthetic/Demo,18.64,44.83
A3927,29,83.4,8,13.0,63.5,9.73,269,103.7,80,9.0,6,114,Synthetic/Demo,83.24,89.12
A3928,29,82.4,8,12.8,61.9,9.83,274,103.6,80,8.6,6,112,Synthetic/Demo,79.89,77.42
A3929,19,50.9,1,5.1,32.7,7.13,185,63.7,54,5.9,3,73,Synthetic/Demo,18.87,35.00
A3930,29,81.9,8,13.6,63.5,9.77,266,106.0,80,8.8,6,113,Synthetic/Demo,82.94,81.70
A3931,30,84.4,8,12.9,63.8,9.9,269,106.5,80,8.9,6,112,Synthetic/Demo,84.01,80.54
A3932,19,50.8,1,5.1,32.8,7.2,182,62.9,53,5.6,3,73,Synthetic/Demo,27.12,45.26
A3933,29,81.6,8,13.1,63.1,9.71,271,104.3,80,8.9,6,114,Synthetic/Demo,82.7,86.77
A3934,29,82.4,8,13.7,63.6,9.74,275,105.7,79,8.8,6,113,Synthetic/Demo,83.87,90.00
A3935,19,53.7,1,4.2,34.3,6.97,187,62.7,55,5.5,3,71,Synthetic/Demo,20.07,42.65
A3936,18,50.1,1,4.2,30.6,7.09,186,60.0,53,5.9,3,69,Synthetic/Demo,19.54,40.04
A3937,19,51.3,1,4.7,32.0,7.12,180,60.4,56,5.9,3,74,Synthetic/Demo,24.26,46.95
A3938,19,51.8,1,5.1,33.1,6.99,186,64.2,56,5.6,3,70,Synthetic/Demo,17.58,43.84
A3939,29,83.0,8,13.0,62.7,9.77,271,105.6,81,8.8,6,112,Synthetic/Demo,79.12,85.44
A3940,19,50.8,1,4.9,32.4,6.95,187,61.9,56,5.6,3,73,Synthetic/Demo,17.32,48.08
A3941,19,54.1,1,5.1,34.1,6.97,187,62.1,56,5.9,3,73,Synthetic/Demo,22.76,42.86
A3942,29,83.5,8,13.5,64.2,9.94,270,106.0,80,9.0,6,112,Synthetic/Demo,87.1,84.64
A3943,29,83.5,8,13.8,64.8,9.91,265,107.9,79,8.9,6,114,Synthetic/Demo,83.32,82.24
A3944,30,84.2,8,13.5,64.9,9.65,266,105.4,79,9.0,6,114,Synthetic/Demo,75.47,89.39
A3945,19,52.1,1,4.7,33.6,7.06,183,62.2,55,5.9,3,73,Synthetic/Demo,20.32,47.76
A3946,30,82.2,8,13.1,62.8,9.7,275,103.3,80,8.6,6,113,Synthetic/Demo,81.46,84.59
A3947,19,50.9,1,4.3,32.3,7.09,180,61.4,55,5.9,3,68,Synthetic/Demo,22.12,46.74
A3948,30,83.0,8,13.1,61.2,9.95,272,104.3,80,8.6,6,112,Synthetic/Demo,80.91,75.20
A3949,29,84.2,8,13.0,63.0,9.97,267,105.9,80,8.9,6,112,Synthetic/Demo,81.21,85.30
A3950,19,54.2,1,4.4,30.6,7.1,184,59.1,54,5.8,3,73,Synthetic/Demo,14.45,39.74
A3951,19,50.3,1,4.7,31.6,7.18,182,61.0,55,5.7,3,73,Synthetic/Demo,21.93,36.98
A3952,30,83.3,8,13.7,63.6,9.72,263,105.2,81,8.9,6,112,Synthetic/Demo,80.1,90.00
A3953,18,51.3,1,5.0,31.7,7.1,187,61.0,55,5.8,3,71,Synthetic/Demo,26.89,40.36
A3954,29,84.0,8,13.3,64.8,9.89,270,106.4,80,9.0,6,116,Synthetic/Demo,84.8,84.23
A3955,29,81.2,8,13.3,61.7,9.74,269,103.2,82,8.9,6,111,Synthetic/Demo,77.82,84.91
A3956,19,50.6,1,5.2,30.9,6.93,183,59.8,54,5.5,3,71,Synthetic/Demo,17.26,35.00
A3957,19,51.9,1,4.7,32.1,6.95,189,61.1,55,5.8,3,69,Synthetic/Demo,18.94,36.57
A3958,29,81.7,8,13.6,61.9,9.78,270,102.3,81,8.6,6,116,Synthetic/Demo,78.73,89.81
A3959,29,84.6,8,12.9,62.3,9.75,273,103.2,79,9.0,6,117,Synthetic/Demo,82.27,81.92
A3960,18,53.6,1,4.5,32.6,6.91,189,61.8,54,5.6,3,68,Synthetic/Demo,19.59,35.59
A3961,29,81.7,8,13.6,63.0,9.76,271,106.5,80,8.8,6,114,Synthetic/Demo,79.46,90.00
A3962,29,82.6,8,13.8,63.1,9.86,272,106.4,79,8.8,6,114,Synthetic/Demo,88.19,90.00
A3963,29,81.4,8,13.6,64.4,9.68,266,105.5,81,8.8,6,113,Synthetic/Demo,82.44,88.05
A3964,19,50.8,1,4.8,33.5,7.01,183,63.0,56,5.9,3,71,Synthetic/Demo,24.0,39.20
A3965,19,52.9,1,5.3,31.9,7.24,189,64.5,56,5.7,3,70,Synthetic/Demo,20.53,41.29
A3966,19,52.5,1,4.5,32.5,6.93,182,61.4,55,5.9,3,73,Synthetic/Demo,20.84,36.49
A3967,30,82.4,8,13.8,64.4,9.99,264,108.1,80,8.6,6,114,Synthetic/Demo,85.84,81.44
A3968,30,82.3,8,12.9,63.4,9.79,266,106.8,81,8.9,6,117,Synthetic/Demo,75.6,80.41
A3969,30,84.2,8,13.7,60.9,9.64,272,104.2,80,8.8,6,116,Synthetic/Demo,85.13,82.09
A3970,30,84.2,8,13.7,61.7,9.95,272,104.3,79,8.7,6,114,Synthetic/Demo,85.02,80.51
A3971,30,83.2,8,13.6,64.1,9.66,274,103.6,81,8.9,6,117,Synthetic/Demo,79.37,78.03
A3972,30,83.8,8,12.7,62.7,9.95,271,105.1,79,8.7,6,114,Synthetic/Demo,76.97,86.38
A3973,19,53.2,1,4.5,32.7,7.17,183,61.1,54,5.5,3,71,Synthetic/Demo,21.51,41.73
A3974,18,50.1,1,4.1,33.1,6.99,187,61.4,55,5.9,3,70,Synthetic/Demo,19.57,48.39
A3975,29,81.3,8,13.6,61.7,9.99,272,103.7,81,8.7,6,116,Synthetic/Demo,81.78,82.13
A3976,19,51.6,1,4.8,33.8,6.93,186,61.7,54,5.9,3,74,Synthetic/Demo,21.38,42.74
A3977,18,53.8,1,5.1,32.3,7.03,189,62.6,54,5.9,3,68,Synthetic/Demo,22.72,42.78
A3978,19,54.1,1,5.0,33.2,6.91,183,60.0,56,5.5,3,72,Synthetic/Demo,24.21,39.35
A3979,30,81.1,8,13.2,61.4,9.93,267,106.7,79,8.8,6,115,Synthetic/Demo,82.99,89.08
A3980,19,52.1,1,4.2,32.0,7.11,186,59.3,56,5.7,3,73,Synthetic/Demo,15.21,44.01
A3981,18,52.8,1,5.1,33.7,7.15,183,62.7,56,5.5,3,70,Synthetic/Demo,26.52,43.13
A3982,30,84.5,8,13.3,62.1,9.63,268,103.4,82,8.6,6,116,Synthetic/Demo,83.67,83.68
A3983,19,51.3,1,4.6,31.0,7.22,188,60.6,55,5.7,3,74,Synthetic/Demo,28.7,38.93
A3984,29,81.9,8,12.9,62.0,9.72,268,102.8,81,9.0,6,117,Synthetic/Demo,75.45,77.94
A3985,29,84.1,8,13.2,63.1,9.79,272,106.4,79,8.7,6,111,Synthetic/Demo,81.82,81.23
A3986,19,51.5,1,4.5,31.6,7.01,189,59.9,56,5.7,3,69,Synthetic/Demo,12.01,36.80
A3987,19,53.9,1,4.3,33.0,6.96,181,62.4,54,5.7,3,73,Synthetic/Demo,21.7,35.00
A3988,29,82.9,8,12.9,61.0,9.66,275,101.4,80,9.0,6,116,Synthetic/Demo,75.27,86.64
A3989,19,50.1,1,4.5,31.2,7.23,182,59.7,56,5.9,3,73,Synthetic/Demo,25.6,46.58
A3990,29,81.1,8,13.6,62.3,9.75,268,105.5,81,8.8,6,112,Synthetic/Demo,78.88,80.65
A3991,18,52.2,1,4.9,33.8,7.13,183,64.3,54,5.5,3,74,Synthetic/Demo,17.41,42.91
A3992,30,81.7,8,12.9,62.4,9.89,271,104.3,80,8.8,6,114,Synthetic/Demo,78.57,80.02
A3993,19,51.9,1,4.4,32.7,7.06,186,63.8,54,5.5,3,70,Synthetic/Demo,14.37,38.93
A3994,19,51.3,1,4.3,30.6,7.06,189,59.6,54,5.6,3,69,Synthetic/Demo,19.72,35.67
A3995,30,83.3,8,12.8,63.5,9.92,273,105.1,80,8.9,6,113,Synthetic/Demo,74.64,88.65
A3996,19,51.2,1,4.7,33.6,7.03,189,61.6,54,5.7,3,72,Synthetic/Demo,20.55,37.63
A3997,30,81.1,8,12.9,61.2,9.82,267,102.9,80,8.8,6,114,Synthetic/Demo,72.67,89.65
A3998,18,51.7,1,4.4,30.8,7.13,178,61.8,56,5.7,3,70,Synthetic/Demo,18.87,38.45
A3999,18,50.7,1,4.7,33.1,6.94,184,63.2,54,5.6,3,72,Synthetic/Demo,25.51,36.96
A4000,19,50.9,1,4.3,32.7,7.03,185,62.3,53,5.6,3,72,Synthetic/Demo,20.83,35.00
A4001,19,53.9,1,4.6,34.2,7.04,179,61.9,55,5.8,3,68,Synthetic/Demo,19.48,42.44
A4002,29,84.3,8,13.7,63.1,9.78,268,105.0,82,8.8,6,112,Synthetic/Demo,81.69,90.00
A4003,29,84.7,8,13.4,61.0,9.97,274,102.5,80,8.9,6,116,Synthetic/Demo,79.68,86.79
A4004,29,84.8,8,13.1,63.8,9.79,270,106.7,81,8.9,6,116,Synthetic/Demo,82.91,90.00
A4005,30,82.3,8,12.7,61.8,9.83,268,104.8,80,8.9,6,112,Synthetic/Demo,75.56,90.00
A4006,29,83.8,8,13.3,62.9,9.76,265,105.3,81,8.8,6,114,Synthetic/Demo,83.0,83.75
A4007,19,50.3,1,4.3,34.4,7.22,189,63.4,55,5.9,3,72,Synthetic/Demo,13.76,40.44
A4008,19,53.8,1,4.2,31.2,7.2,187,61.1,56,5.9,3,68,Synthetic/Demo,17.4,43.00
A4009,29,81.5,8,13.3,61.6,9.92,264,103.7,80,8.7,6,116,Synthetic/Demo,79.21,80.76
A4010,30,84.3,8,13.5,63.3,9.89,265,104.8,80,8.9,6,115,Synthetic/Demo,84.38,90.00
A4011,19,53.4,1,5.2,32.6,7.25,180,63.3,56,5.5,3,73,Synthetic/Demo,22.84,43.92
A4012,30,84.7,8,13.0,64.2,9.75,264,106.1,79,8.8,6,112,Synthetic/Demo,77.81,86.72
A4013,18,51.7,1,5.3,32.5,7.25,185,63.0,55,5.8,3,70,Synthetic/Demo,20.0,45.40
A4014,29,82.6,8,13.6,62.9,9.64,275,104.9,80,8.6,6,113,Synthetic/Demo,80.48,90.00
A4015,19,52.9,1,4.2,31.2,7.1,186,61.1,56,5.8,3,73,Synthetic/Demo,18.27,41.23
A4016,18,51.3,1,5.1,34.0,7.0,187,63.9,54,5.8,3,68,Synthetic/Demo,20.8,40.84
A4017,19,52.4,1,4.3,34.4,7.01,181,61.3,55,5.7,3,70,Synthetic/Demo,19.42,48.16
A4018,19,54.0,1,4.9,31.4,7.23,182,59.7,54,5.7,3,68,Synthetic/Demo,22.91,45.53
A4019,19,51.3,1,4.7,33.3,7.03,182,61.1,54,5.9,3,72,Synthetic/Demo,19.58,39.34
A4020,29,81.2,8,13.7,63.7,9.94,273,106.7,80,8.9,6,111,Synthetic/Demo,83.02,86.08
A4021,30,82.2,8,13.6,61.5,9.95,265,102.9,81,8.6,6,115,Synthetic/Demo,87.29,86.25
A4022,18,53.4,1,5.1,34.3,7.27,188,64.0,55,5.8,3,72,Synthetic/Demo,19.39,44.73
A4023,19,54.1,1,5.1,31.5,6.94,180,62.2,54,5.6,3,69,Synthetic/Demo,15.05,35.00
A4024,29,81.1,8,13.8,64.1,9.75,264,106.3,81,8.9,6,116,Synthetic/Demo,85.61,78.16
A4025,29,81.0,8,13.3,60.9,9.73,272,104.0,79,8.6,6,113,Synthetic/Demo,76.65,79.93
A4026,18,53.6,1,5.2,33.0,7.22,185,62.7,53,5.9,3,72,Synthetic/Demo,22.1,37.31
A4027,30,84.7,8,13.7,62.5,9.72,273,105.0,81,8.9,6,113,Synthetic/Demo,78.45,82.57
A4028,30,84.3,8,12.6,64.2,9.79,271,104.6,82,8.9,6,113,Synthetic/Demo,79.37,88.69
A4029,19,51.2,1,5.3,31.7,7.05,183,61.1,56,5.8,3,69,Synthetic/Demo,25.89,40.18
A4030,29,81.0,8,13.4,62.4,9.75,267,103.3,80,8.6,6,112,Synthetic/Demo,82.55,85.60
A4031,30,83.4,8,13.6,61.2,9.77,264,102.7,82,9.0,6,115,Synthetic/Demo,82.84,79.21
A4032,19,54.0,1,5.1,30.5,7.25,182,62.4,56,5.9,3,71,Synthetic/Demo,17.26,39.47
A4033,18,50.7,1,4.2,31.7,7.2,178,61.7,53,5.7,3,71,Synthetic/Demo,17.07,42.54
A4034,29,82.9,8,13.7,64.8,9.93,272,105.9,81,9.0,6,111,Synthetic/Demo,75.31,89.37
A4035,29,83.9,8,13.2,64.0,9.85,271,104.5,79,8.6,6,117,Synthetic/Demo,78.58,81.82
A4036,18,51.6,1,4.1,33.3,6.93,181,61.2,53,5.8,3,69,Synthetic/Demo,22.65,40.11
A4037,19,51.5,1,5.2,33.7,6.95,188,62.8,56,5.6,3,72,Synthetic/Demo,22.75,52.58
A4038,29,82.4,8,13.2,63.4,9.96,275,104.9,79,8.6,6,115,Synthetic/Demo,80.33,85.39
A4039,30,84.3,8,13.1,62.9,9.9,266,104.5,81,8.9,6,114,Synthetic/Demo,81.26,82.19
A4040,18,51.1,1,5.0,33.0,7.27,182,63.2,54,5.8,3,73,Synthetic/Demo,21.04,40.96
A4041,30,84.8,8,13.1,62.2,9.91,264,104.6,81,8.9,6,112,Synthetic/Demo,81.91,85.94
A4042,18,53.5,1,5.0,31.0,7.0,186,60.2,56,5.8,3,71,Synthetic/Demo,21.5,39.58
A4043,29,84.6,8,13.1,62.8,9.64,264,104.3,81,8.9,6,113,Synthetic/Demo,75.36,84.76
A4044,19,52.7,1,5.1,32.2,7.13,183,59.8,56,5.5,3,74,Synthetic/Demo,21.25,35.00
A4045,30,81.2,8,13.3,63.8,9.96,270,106.3,80,8.7,6,112,Synthetic/Demo,85.36,81.00
A4046,29,82.6,8,12.9,61.4,9.79,264,104.2,82,8.8,6,113,Synthetic/Demo,78.22,83.90
A4047,30,85.1,8,12.7,61.0,10.0,265,103.3,79,8.8,6,113,Synthetic/Demo,81.86,84.09
A4048,29,85.2,8,13.5,64.3,9.7,273,107.0,80,8.9,6,117,Synthetic/Demo,90.35,83.26
A4049,29,81.9,8,13.2,62.9,9.76,266,104.0,81,8.7,6,116,Synthetic/Demo,79.98,84.11
A4050,19,50.3,1,5.2,30.5,7.11,184,61.3,56,5.6,3,69,Synthetic/Demo,21.33,40.71
A4051,29,82.5,8,12.8,62.0,9.65,272,102.0,81,8.7,6,113,Synthetic/Demo,75.2,88.67
A4052,29,82.4,8,13.1,64.4,9.76,268,105.5,81,8.7,6,112,Synthetic/Demo,82.01,84.78
A4053,19,51.7,1,4.7,32.6,7.09,189,61.5,54,5.7,3,72,Synthetic/Demo,21.5,42.93
A4054,29,82.9,8,13.3,62.4,9.72,264,103.2,80,8.6,6,111,Synthetic/Demo,80.73,81.81
A4055,19,51.5,1,4.1,32.2,7.04,178,61.3,55,5.8,3,70,Synthetic/Demo,16.71,42.63
A4056,30,84.2,8,13.0,62.3,9.79,264,104.6,80,8.9,6,112,Synthetic/Demo,81.29,87.00
A4057,29,83.5,8,13.8,60.9,9.69,272,103.6,79,8.8,6,112,Synthetic/Demo,84.01,89.19
A4058,30,84.6,8,13.3,63.7,9.86,268,104.4,82,8.8,6,115,Synthetic/Demo,82.82,89.48
A4059,19,53.0,1,4.3,30.7,7.0,180,60.7,55,5.8,3,73,Synthetic/Demo,21.38,42.62
A4060,30,81.7,8,13.7,64.5,9.93,268,107.3,79,8.9,6,116,Synthetic/Demo,83.54,85.99
A4061,29,84.2,8,13.0,64.6,9.71,271,107.1,82,8.9,6,112,Synthetic/Demo,83.79,86.93
A4062,30,82.1,8,13.5,63.8,9.98,273,105.0,79,8.7,6,112,Synthetic/Demo,83.25,90.00
A4063,19,52.4,1,4.6,33.0,7.25,185,62.5,56,5.9,3,73,Synthetic/Demo,18.88,38.84
A4064,29,84.9,8,12.8,61.2,9.69,264,105.1,80,8.9,6,115,Synthetic/Demo,80.11,81.49
A4065,18,54.1,1,4.8,31.9,7.13,180,62.6,56,5.8,3,70,Synthetic/Demo,18.43,41.92
A4066,29,82.9,8,12.9,64.6,9.99,270,106.1,80,8.6,6,112,Synthetic/Demo,80.36,87.66
A4067,18,50.6,1,5.1,31.0,7.16,186,60.4,55,5.7,3,73,Synthetic/Demo,20.63,36.42
A4068,19,51.3,1,4.4,32.5,7.21,185,62.6,53,5.8,3,70,Synthetic/Demo,22.06,40.52
A4069,29,85.1,8,12.7,62.4,9.77,264,103.5,79,9.0,6,115,Synthetic/Demo,76.27,84.35
A4070,30,81.3,8,13.5,64.3,9.67,269,105.2,79,8.6,6,115,Synthetic/Demo,84.55,74.27
A4071,29,83.8,8,13.0,63.8,9.74,264,106.8,80,8.9,6,114,Synthetic/Demo,83.62,84.29
A4072,19,50.4,1,4.3,31.8,7.07,189,61.7,55,5.8,3,70,Synthetic/Demo,16.91,39.44
A4073,18,51.9,1,5.1,34.5,7.06,186,63.7,53,5.9,3,71,Synthetic/Demo,18.63,41.17
A4074,19,51.5,1,4.5,31.8,7.14,187,60.8,55,5.7,3,69,Synthetic/Demo,19.14,47.43
A4075,29,85.0,8,13.3,63.8,9.79,269,103.5,82,8.7,6,115,Synthetic/Demo,79.34,79.41
A4076,30,84.2,8,13.5,64.0,9.91,270,106.6,82,8.6,6,114,Synthetic/Demo,82.82,82.07
A4077,29,82.3,8,12.7,64.2,10.0,273,105.4,81,8.8,6,113,Synthetic/Demo,80.24,72.56
A4078,29,83.4,8,13.5,63.4,9.85,275,106.0,79,8.8,6,115,Synthetic/Demo,75.6,83.40
A4079,29,84.9,8,13.7,61.6,9.91,264,102.4,79,8.8,6,116,Synthetic/Demo,80.03,83.31
A4080,19,53.9,1,4.9,33.1,7.16,187,61.5,55,5.9,3,71,Synthetic/Demo,20.66,39.46
A4081,19,54.1,1,4.5,32.6,7.07,186,60.7,56,5.5,3,71,Synthetic/Demo,21.22,46.08
A4082,29,83.0,8,12.7,63.5,9.79,273,104.4,79,8.8,6,115,Synthetic/Demo,77.56,89.31
A4083,29,81.5,8,13.3,62.0,9.98,270,104.6,82,8.7,6,117,Synthetic/Demo,85.67,85.87
A4084,18,51.8,1,4.8,33.2,7.04,189,61.5,54,5.8,3,72,Synthetic/Demo,14.83,39.07
A4085,29,85.1,8,13.2,61.8,9.89,270,104.3,81,8.9,6,116,Synthetic/Demo,84.16,90.00
A4086,19,53.8,1,4.7,33.1,7.12,189,63.6,56,5.5,3,70,Synthetic/Demo,20.17,41.43
A4087,29,81.4,8,12.9,60.8,9.92,268,103.7,79,8.6,6,115,Synthetic/Demo,81.62,80.35
A4088,19,50.7,1,4.9,31.1,7.04,188,61.4,55,5.6,3,69,Synthetic/Demo,19.57,35.00
A4089,18,50.6,1,4.4,33.8,7.21,182,62.7,54,5.8,3,73,Synthetic/Demo,25.47,38.93
A4090,29,84.3,8,13.1,63.4,9.9,272,104.9,82,8.9,6,115,Synthetic/Demo,79.84,89.58
A4091,19,53.3,1,4.5,33.1,7.0,185,61.1,56,5.6,3,72,Synthetic/Demo,16.3,52.02
A4092,19,52.1,1,4.6,31.9,7.02,182,61.1,55,5.9,3,72,Synthetic/Demo,24.23,40.86
A4093,29,83.5,8,13.4,65.0,9.73,268,107.2,82,8.7,6,113,Synthetic/Demo,82.27,82.02
A4094,30,84.2,8,12.7,62.7,9.94,273,105.5,79,8.7,6,116,Synthetic/Demo,80.7,79.51
A4095,30,81.1,8,13.5,65.0,9.91,265,108.0,81,8.9,6,114,Synthetic/Demo,88.24,89.20
A4096,18,52.4,1,4.9,32.8,6.98,184,62.2,53,5.7,3,69,Synthetic/Demo,17.94,35.00
A4097,29,82.2,8,13.6,61.0,9.95,271,105.2,80,8.7,6,115,Synthetic/Demo,82.57,88.11
A4098,19,54.2,1,4.3,32.5,7.14,178,61.3,54,5.7,3,74,Synthetic/Demo,18.77,44.74
A4099,29,81.8,8,13.5,63.0,9.83,271,106.3,80,8.8,6,113,Synthetic/Demo,81.41,87.73
A4100,19,52.4,1,5.0,32.0,7.27,178,63.7,56,5.8,3,72,Synthetic/Demo,23.16,40.95
A4101,19,53.1,1,5.1,30.4,7.03,185,60.6,56,5.8,3,69,Synthetic/Demo,14.99,43.35
A4102,29,81.9,8,13.5,64.1,9.68,264,104.9,80,9.0,6,113,Synthetic/Demo,79.99,86.25
A4103,30,82.5,8,13.5,64.1,9.86,270,105.6,81,8.9,6,115,Synthetic/Demo,86.52,82.27
A4104,29,84.4,8,12.9,64.0,9.78,266,103.8,79,8.8,6,113,Synthetic/Demo,83.58,90.00
A4105,30,84.4,8,13.7,63.5,10.0,265,106.2,79,8.8,6,114,Synthetic/Demo,83.73,84.51
A4106,29,85.1,8,13.5,63.6,9.97,264,104.9,81,8.9,6,113,Synthetic/Demo,83.93,89.88
A4107,19,52.9,1,5.3,30.8,6.97,185,59.9,55,5.5,3,74,Synthetic/Demo,18.12,35.00
A4108,19,54.2,1,4.1,32.9,6.99,187,61.2,56,5.5,3,74,Synthetic/Demo,22.34,46.65
A4109,18,53.6,1,5.1,32.6,6.97,180,61.5,55,5.7,3,73,Synthetic/Demo,20.46,48.11
A4110,18,52.8,1,4.5,33.6,7.18,188,61.1,54,5.5,3,71,Synthetic/Demo,21.24,40.82
A4111,29,84.7,8,12.9,61.5,9.68,268,103.1,80,8.7,6,113,Synthetic/Demo,81.71,87.15
A4112,19,54.0,1,4.9,30.3,7.16,178,61.2,56,5.8,3,70,Synthetic/Demo,18.21,43.51
A4113,29,84.5,8,12.6,61.7,9.66,271,101.0,81,8.8,6,111,Synthetic/Demo,81.64,80.87
A4114,29,81.7,8,13.1,61.4,9.81,272,103.9,82,8.7,6,116,Synthetic/Demo,74.12,87.62
A4115,19,52.7,1,4.2,31.5,7.25,182,61.6,53,5.6,3,74,Synthetic/Demo,24.79,36.29
A4116,19,51.7,1,4.3,31.9,7.12,184,59.4,53,5.6,3,69,Synthetic/Demo,17.97,36.43
A4117,18,50.6,1,5.2,33.3,7.27,183,65.5,54,5.9,3,74,Synthetic/Demo,23.61,48.32
A4118,19,51.7,1,4.2,30.6,7.05,178,62.0,53,5.8,3,71,Synthetic/Demo,13.69,44.27
A4119,29,84.5,8,13.2,62.0,9.81,273,105.3,81,8.7,6,114,Synthetic/Demo,78.4,81.72
A4120,29,84.3,8,13.5,64.4,9.85,269,105.3,81,8.6,6,112,Synthetic/Demo,79.21,82.05
